Iteration	Posterior	Likelihood	Prior	rate_log_sd	rate_loss	root_freqs[1]	root_freqs[2]	tree_length
0	-1823.601	-2105.763	282.162	1.348046	3.042484	0.756258	0.243742	2.372915
6	-1810.643	-2091.412	280.769	1.318168	4.122544	0.756258	0.243742	3.002021
12	-1822.411	-2103.173	280.7622	1.391274	3.871564	0.834044	0.165956	3.012974
18	-1827.449	-2108.936	281.4871	1.166373	2.741861	0.89931	0.10069	2.981128
24	-1817.509	-2094.673	277.1639	1.228694	2.741861	0.932213	0.0677867	5.409484
30	-1828.076	-2107.59	279.5146	1.300407	4.373794	0.856243	0.143757	3.70274
36	-1829.835	-2108.496	278.6607	1.082025	3.480362	0.826443	0.173557	4.488175
42	-1833.032	-2111.482	278.4498	1.002957	2.595122	0.856042	0.143958	4.860069
48	-1827.49	-2107.269	279.779	1.245437	2.756315	0.795242	0.204758	3.930579
54	-1808.216	-2086.926	278.7102	1.036111	2.824492	0.851246	0.148754	4.636908
60	-1808.889	-2087.456	278.5665	1.041329	3.148994	0.851246	0.148754	4.636908
66	-1818.232	-2099.194	280.9615	1.150349	2.397635	0.828748	0.171252	3.400598
72	-1807.659	-2086.516	278.8568	1.051019	4.096941	0.842511	0.157489	4.272362
78	-1815.362	-2094.597	279.2344	1.449889	3.027075	0.842511	0.157489	4.057215
84	-1830.278	-2109.465	279.1872	1.003846	2.577662	0.933826	0.0661735	4.451158
90	-1828.784	-2111.089	282.3053	1.434426	2.068331	0.852986	0.147014	2.526821
96	-1820.766	-2102.188	281.4214	1.393608	4.277676	0.636683	0.363317	2.526821
102	-1810.085	-2090.046	279.9614	1.194158	4.14467	0.686731	0.313269	3.547715
108	-1806.283	-2087.813	281.5293	1.374195	2.414264	0.824027	0.175973	2.92531
114	-1826.86	-2107.085	280.2252	1.285299	3.673731	0.866601	0.133399	3.434912
120	-1824.092	-2104.682	280.5902	1.13259	3.122184	0.914018	0.0859817	3.434912
126	-1820.123	-2102.167	282.0431	1.519583	3.729889	0.93337	0.06663	2.168867
132	-1822.621	-2105.714	283.0932	1.467402	2.056055	0.912673	0.0873266	2.00402
138	-1813.842	-2095.879	282.0368	1.317471	3.112359	0.931903	0.0680966	2.452802
144	-1815.227	-2097.501	282.2745	1.568131	3.221699	0.931903	0.0680966	2.111458
150	-1812.974	-2094.794	281.8193	1.547193	2.69514	0.97546	0.0245399	2.55898
156	-1816.302	-2098.512	282.2098	1.356085	2.655722	0.964739	0.0352606	2.445886
162	-1816.26	-2097.666	281.4065	1.459765	3.201425	0.773315	0.226685	2.732672
168	-1823.354	-2105.52	282.166	1.454396	2.279145	0.766891	0.233109	2.528974
174	-1823.293	-2103.797	280.5043	1.505324	3.544341	0.872791	0.127209	3.168728
180	-1836.377	-2117.918	281.5405	1.213739	2.139771	0.896188	0.103812	3.101954
186	-1828.204	-2108.002	279.7977	1.16574	1.685855	0.758341	0.241659	4.298857
192	-1832.016	-2111.158	279.1418	1.186709	3.562616	0.819462	0.180538	4.139521
198	-1834.088	-2112.795	278.7072	1.14129	3.562616	0.819462	0.180538	4.411326
204	-1825.351	-2104.343	278.9921	1.14129	3.487992	0.781672	0.218328	4.266049
210	-1835.673	-2113.762	278.0896	1.080922	3.487992	0.693718	0.306282	4.807184
216	-1827.489	-2107.391	279.9016	1.200751	3.487992	0.702298	0.297702	3.711983
222	-1812.42	-2091.482	279.0625	1.039671	2.443266	0.821619	0.178381	4.538239
228	-1814.502	-2092.584	278.0814	0.9995961	3.814296	0.672035	0.327965	4.791102
234	-1825.176	-2105.612	280.4352	1.251823	2.88268	0.917043	0.0829569	3.515205
240	-1823.44	-2104.542	281.1019	1.341419	2.769543	0.827103	0.172897	3.099344
246	-1821.447	-2101.797	280.3498	1.327227	4.328414	0.793064	0.206936	3.206972
252	-1814.821	-2096.504	281.6829	1.438685	3.055993	0.808545	0.191455	2.612395
258	-1829.723	-2109.546	279.8229	1.45225	3.613538	0.965231	0.0347693	3.584919
264	-1833.854	-2113.638	279.7843	1.39417	2.590569	0.795776	0.204224	3.886578
270	-1823.52	-2105.225	281.7053	1.258892	2.547422	0.835721	0.164279	2.848765
276	-1818.625	-2099.238	280.6129	1.241878	3.702581	0.727387	0.272613	3.226272
282	-1824.402	-2104.379	279.977	1.221876	3.153567	0.973912	0.0260881	3.731879
288	-1823.85	-2103.087	279.2371	1.169896	3.872518	0.940789	0.0592107	4.031648
294	-1821.451	-2102.126	280.6743	1.373791	3.208851	0.830896	0.169104	3.222728
300	-1829.574	-2109.453	279.8794	1.331169	3.762037	0.816731	0.183269	3.591396
306	-1825.145	-2103.965	278.8203	1.13962	2.832092	0.660304	0.339696	4.515119
312	-1825.432	-2104.4	278.9684	1.13962	3.245411	0.78103	0.21897	4.33352
318	-1826.273	-2105.562	279.2884	1.264909	3.116405	0.825442	0.174558	4.110631
324	-1829.552	-2109.816	280.264	1.25195	3.794601	0.883292	0.116708	3.406532
330	-1826.712	-2107.695	280.9825	1.405882	3.57617	0.905514	0.0944859	2.935154
336	-1815.872	-2095.984	280.1116	1.364849	5.345421	0.905514	0.0944859	3.151594
342	-1825.555	-2104.524	278.9695	1.228894	4.655652	0.774902	0.225098	4.007603
348	-1822.596	-2103.904	281.3082	1.416716	2.759308	0.853142	0.146858	2.933341
354	-1824.57	-2105.633	281.0635	1.183905	2.881728	0.647463	0.352537	3.186057
360	-1805.329	-2086.037	280.7079	1.220837	3.416216	0.683701	0.316299	3.24523
366	-1806.03	-2086.198	280.1688	1.255816	3.944348	0.793338	0.206662	3.429702
372	-1811.667	-2093.737	282.07	1.255816	1.833132	0.857454	0.142546	2.867431
378	-1816.628	-2096.712	280.0832	1.148269	3.586895	0.798834	0.201166	3.6159
384	-1809.784	-2092.141	282.357	1.483068	2.094075	0.829502	0.170498	2.45494
390	-1808.379	-2090.084	281.7046	1.444582	4.147584	0.834174	0.165826	2.343006
396	-1821.572	-2102.665	281.0929	1.573727	5.37981	0.921783	0.0782173	2.419883
402	-1811.443	-2093.827	282.3846	1.573727	2.995181	0.907437	0.0925628	2.096958
408	-1809.868	-2090.477	280.6087	1.320381	4.349585	0.875163	0.124837	3.053021
414	-1824.72	-2104.242	279.5216	1.224755	2.437005	0.934009	0.0659909	4.176135
420	-1809.585	-2091.538	281.9529	1.247967	2.564593	0.924101	0.0758993	2.699353
426	-1814.373	-2095.925	281.5521	1.498959	2.650695	0.886677	0.113323	2.765979
432	-1807.068	-2086.64	279.5712	1.10616	4.272753	0.860235	0.139765	3.800562
438	-1817.185	-2096.447	279.262	1.209179	3.277927	0.525231	0.474769	4.120254
444	-1824.306	-2104.622	280.3156	1.19177	2.895687	0.80397	0.19603	3.616409
450	-1820.776	-2100.735	279.9589	1.258498	3.396239	0.887287	0.112713	3.665608
456	-1805.229	-2084.752	279.5223	1.146023	3.363712	0.873345	0.126655	3.988697
462	-1818.886	-2099.771	280.885	1.378767	2.880758	0.834323	0.165677	3.176642
468	-1827.505	-2106.5	278.995	1.259487	3.507633	0.830696	0.169304	4.193184
474	-1823.238	-2103.142	279.9037	1.293936	3.379554	0.839191	0.160809	3.680816
480	-1820.244	-2100.471	280.2266	1.361447	4.532369	0.91082	0.0891798	3.222258
486	-1816.753	-2097.376	280.6235	1.313269	3.497364	0.802456	0.197544	3.222258
492	-1822.665	-2104.405	281.7397	1.445005	4.266786	0.731706	0.268294	2.295812
498	-1820.719	-2101.816	281.0963	1.446407	3.784115	0.863452	0.136548	2.796298
504	-1811.313	-2091.95	280.6375	1.357161	3.784115	0.867054	0.132946	3.126071
510	-1797.929	-2079.543	281.6134	1.474796	3.784115	0.867054	0.132946	2.459382
516	-1807.188	-2088.601	281.4135	1.586682	3.704071	0.867054	0.132946	2.532139
522	-1799.601	-2081.366	281.7659	1.586682	5.431168	0.867054	0.132946	1.966372
528	-1812.505	-2094.446	281.9409	1.289714	3.58039	0.910425	0.089575	2.415895
534	-1816.626	-2098.421	281.7953	1.245387	2.697673	0.872336	0.127664	2.758947
540	-1812.585	-2094.172	281.5872	1.525199	4.186357	0.94114	0.0588602	2.358344
546	-1812.411	-2093.74	281.3291	1.458088	3.0335	0.818358	0.181642	2.823093
552	-1803.579	-2085.64	282.0603	1.550346	4.460762	0.739165	0.260835	1.977867
558	-1806.825	-2088.783	281.9576	1.601545	3.486047	0.712349	0.287651	2.228908
564	-1826.397	-2105.721	279.3237	1.241954	4.105133	0.683722	0.316278	3.895954
570	-1829.802	-2111.984	282.1829	1.362527	3.88692	0.95027	0.0497304	2.144308
576	-1813.109	-2095.244	282.1346	1.607341	3.349546	0.950308	0.0496919	2.144308
582	-1821.623	-2102.506	280.8833	1.320858	3.409505	0.690595	0.309405	3.083212
588	-1809.231	-2089.627	280.3965	1.12826	2.321578	0.769158	0.230842	3.764595
594	-1818.345	-2097.626	279.2814	0.9633052	2.537297	0.830724	0.169276	4.431916
600	-1815.914	-2095.738	279.8234	1.239468	2.818715	0.971742	0.0282582	3.892412
606	-1827.509	-2104.59	277.0808	0.9549777	2.223143	0.875945	0.124055	5.746686
612	-1827.29	-2107.33	280.0405	1.292989	4.251848	0.737558	0.262442	3.423585
618	-1826.939	-2106.669	279.7295	1.405973	4.908034	0.805725	0.194275	3.423585
624	-1821.671	-2103.048	281.3772	1.339859	3.186607	0.849282	0.150718	2.827282
630	-1829.814	-2111.136	281.3219	1.50446	3.186607	0.776167	0.223833	2.760734
636	-1831.873	-2112.579	280.7057	1.361049	4.43967	0.714437	0.285563	2.953595
642	-1826.158	-2107.774	281.6157	1.321405	3.521012	0.926657	0.0733432	2.612859
648	-1814.335	-2094.935	280.6002	1.176693	2.705078	0.941928	0.0580723	3.509434
654	-1815.684	-2095.756	280.0724	1.251592	3.410451	0.834064	0.165936	3.600676
660	-1812.066	-2094.028	281.9618	1.292079	3.102252	0.816555	0.183445	2.518292
666	-1806.793	-2088.398	281.6043	1.338814	3.35253	0.854789	0.145211	2.648746
672	-1817.247	-2097.924	280.6778	1.303892	2.784836	0.854789	0.145211	3.36828
678	-1800.245	-2081.879	281.6342	1.445877	3.323008	0.854789	0.145211	2.571201
684	-1812.547	-2094.872	282.3245	1.525814	3.949634	0.928016	0.0719837	1.927915
690	-1813.083	-2096.709	283.6266	1.684421	2.355439	0.924529	0.0754713	1.349838
696	-1826.679	-2110.043	283.3643	1.741013	2.761994	0.916939	0.0830607	1.35714
702	-1828.706	-2112.2	283.4944	1.658544	2.27147	0.909687	0.0903131	1.505339
708	-1832.879	-2116.303	283.4242	1.593917	2.019329	0.787718	0.212282	1.705113
714	-1818.366	-2098.869	280.503	1.233991	2.756855	0.919	0.0810002	3.518861
720	-1818.957	-2100.51	281.553	1.367688	2.756855	0.948746	0.0512539	2.815478
726	-1817.439	-2099.033	281.5943	1.523241	2.756855	0.868189	0.131811	2.695275
732	-1820.058	-2099.233	279.1744	1.289773	3.627365	0.650415	0.349585	4.048697
738	-1825.262	-2104.99	279.7276	1.14409	2.639878	0.869962	0.130038	4.048697
744	-1832.571	-2111.678	279.1074	1.025688	2.381194	0.826191	0.173809	4.538495
750	-1818.113	-2097.821	279.7083	1.055659	2.381194	0.759694	0.240306	4.182214
756	-1822.556	-2102.306	279.7502	1.09209	3.188157	0.765459	0.234541	3.928897
762	-1817.325	-2099.069	281.7432	1.49107	3.365257	0.798257	0.201743	2.464685
768	-1830.608	-2111.947	281.3385	1.407916	3.365257	0.820017	0.179983	2.766397
774	-1822.917	-2104.782	281.865	1.261811	2.491592	0.940255	0.0597454	2.766397
780	-1836.272	-2117.025	280.7534	1.194797	2.122281	0.871018	0.128982	3.581801
786	-1838.39	-2119.379	280.9889	1.338392	4.513583	0.613119	0.386881	2.782016
792	-1827.064	-2109.532	282.4672	1.594713	3.558232	0.830633	0.169367	1.878587
798	-1850.512	-2133.181	282.6692	1.539744	2.312556	0.830656	0.169344	2.143177
804	-1837.817	-2118.782	280.9647	1.416913	2.903206	0.78762	0.21238	3.100701
810	-1836.613	-2117.293	280.6794	1.350297	3.385355	0.909771	0.0902287	3.192457
816	-1837.054	-2117.474	280.4205	1.319173	2.919897	0.918757	0.0812429	3.474999
822	-1826.927	-2108.953	282.0256	1.281378	2.687752	0.931623	0.0683765	2.598027
828	-1814.138	-2094.829	280.6908	1.335299	3.073915	0.991426	0.00857432	3.268383
834	-1813.241	-2093.425	280.1839	1.047126	2.338981	0.970722	0.0292777	3.928203
840	-1817.576	-2096.637	279.0613	1.055542	3.229012	0.97216	0.0278401	4.33224
846	-1841.455	-2119.855	278.3999	1.016644	2.621652	0.954156	0.0458444	4.873255
852	-1819.97	-2098.882	278.9117	1.222609	3.153103	0.959454	0.0405455	4.33974
858	-1816.768	-2097.395	280.6278	1.395562	3.701424	0.936858	0.0631423	3.126484
864	-1803.892	-2085.425	281.5323	1.317764	2.75951	0.85619	0.14381	2.857633
870	-1820.765	-2101.188	280.4234	1.306166	3.348907	0.797806	0.202194	3.37779
876	-1825.451	-2106.012	280.5611	1.306166	3.009742	0.876853	0.123147	3.37779
882	-1832.466	-2113.803	281.3371	1.23444	2.456009	0.869167	0.130833	3.111686
888	-1826.211	-2107.379	281.1677	1.167684	2.444211	0.849518	0.150482	3.255232
894	-1835.953	-2116.905	280.9518	1.314394	2.560333	0.972035	0.0279645	3.262412
900	-1822.847	-2103.78	280.9335	1.188761	3.446561	0.900394	0.0996064	3.123591
906	-1822.69	-2103.713	281.0232	1.256083	2.772157	0.900394	0.0996064	3.196151
912	-1830.633	-2111.509	280.8766	1.207228	2.777276	0.860248	0.139752	3.310256
918	-1826.185	-2108.07	281.8844	1.292254	2.55189	0.83154	0.16846	2.717916
924	-1832.55	-2114.313	281.7631	1.3003	3.721895	0.769159	0.230841	2.48873
930	-1830.341	-2111.134	280.7927	1.479287	4.2522	0.813664	0.186336	2.86527
936	-1826.128	-2106.98	280.8513	1.18345	2.476468	0.781047	0.218953	3.422634
942	-1823.181	-2104.692	281.5105	1.404288	3.341998	0.893931	0.106069	2.668707
948	-1828.316	-2110.266	281.9504	1.571755	3.661934	0.608666	0.391334	2.210946
954	-1819.286	-2101.187	281.9018	1.396192	3.365321	0.768995	0.231005	2.424641
960	-1830.739	-2111.716	280.9767	1.526055	4.278666	0.887009	0.112991	2.719552
966	-1836.06	-2116.459	280.399	1.285729	3.557586	0.818557	0.181443	3.357642
972	-1827.512	-2107.589	280.0775	0.9818187	2.119679	0.952207	0.0477925	4.093767
978	-1833.659	-2112.639	278.9804	1.145577	1.906551	0.843478	0.156522	4.690727
984	-1827.599	-2107.521	279.9221	1.13804	2.928522	0.75283	0.24717	3.866285
990	-1833.5	-2111.497	277.9972	1.047229	2.38318	0.84868	0.15132	5.145047
996	-1836.975	-2118.25	281.2748	1.237671	2.886669	0.835003	0.164997	3.026823
1002	-1825.578	-2106.781	281.2032	1.453881	3.751165	0.835003	0.164997	2.733569
1008	-1809.844	-2091.711	281.8664	1.427442	2.899162	0.953918	0.0460818	2.547136
1014	-1831.38	-2111.527	280.1473	1.167822	3.151666	0.853839	0.146161	3.665153
1020	-1813.742	-2094.435	280.6928	1.21558	2.474657	0.881494	0.118506	3.497023
1026	-1816.654	-2097.208	280.554	1.312035	2.731175	0.883283	0.116717	3.450371
1032	-1805.674	-2085.067	279.3928	1.015356	1.788887	0.808336	0.191664	4.57373
1038	-1831.062	-2110.435	279.3733	0.9541369	1.918564	0.669593	0.330407	4.57373
1044	-1819.833	-2098.657	278.8239	0.8692447	2.427973	0.929156	0.0708442	4.771691
1050	-1824.582	-2104.013	279.4311	1.201577	2.222016	0.899852	0.100148	4.303962
1056	-1832.644	-2112.502	279.8578	1.357167	3.131464	0.820026	0.179974	3.727844
1062	-1826.676	-2106.28	279.6036	1.220239	3.076892	0.783417	0.216583	3.965587
1068	-1828.265	-2109.222	280.9565	1.302063	2.821489	0.790694	0.209306	3.195302
1074	-1814.752	-2095.314	280.5627	1.280019	3.80294	0.79776	0.20224	3.212345
1080	-1813.179	-2092.453	279.2739	1.192193	3.80294	0.784095	0.215905	4.011755
1086	-1819.369	-2099.604	280.2356	1.320272	4.075594	0.856666	0.143334	3.326801
1092	-1829.524	-2109.829	280.3049	1.265007	3.418075	0.919123	0.0808773	3.455733
1098	-1828.268	-2107.647	279.379	1.276354	3.418075	0.840099	0.159901	3.98414
1104	-1834.626	-2114.699	280.0727	1.276354	3.418075	0.8432	0.1568	3.584425
1110	-1833.787	-2114.607	280.8197	1.197805	3.025713	0.847457	0.152543	3.285385
1116	-1823.176	-2104.005	280.8285	1.114068	1.964178	0.759486	0.240514	3.638035
1122	-1839.569	-2118.091	278.5223	1.024703	1.552379	0.759486	0.240514	5.142898
1128	-1845.903	-2126.471	280.568	1.024588	2.463288	0.851951	0.148049	3.683738
1134	-1838.849	-2119.649	280.8007	1.294733	2.885658	0.864229	0.135771	3.274986
1140	-1829.964	-2108.29	278.3261	1.10227	2.322513	0.76705	0.23295	4.949322
1146	-1849.255	-2127.03	277.7754	1.120912	3.822105	0.826338	0.173662	4.892547
1152	-1839.45	-2120.177	280.7269	1.360034	2.885658	0.811926	0.188074	3.279959
1158	-1820.391	-2101.887	281.4962	1.271743	2.851798	0.88258	0.11742	2.882326
1164	-1827.48	-2107.308	279.8275	1.307267	3.912744	0.749905	0.250095	3.604931
1170	-1821.578	-2102.886	281.3083	1.30861	2.813039	0.87456	0.12544	2.983718
1176	-1830.615	-2112.146	281.5308	1.284762	1.927501	0.893293	0.106707	3.138667
1182	-1830.944	-2111.51	280.5659	1.121913	3.128387	0.855899	0.144101	3.453855
1188	-1821.889	-2103.053	281.1649	1.36945	3.033576	0.855899	0.144101	2.975817
1194	-1833.479	-2114.797	281.318	1.427774	3.526814	0.924422	0.0755779	2.72923
1200	-1854.696	-2135.69	280.9935	1.440499	2.820359	0.703345	0.296655	3.091286
1206	-1844.302	-2126.424	282.1216	1.522404	3.316081	0.742738	0.257262	2.216308
1212	-1846.907	-2127.327	280.4194	1.459328	4.651701	0.880504	0.119496	3.027857
1218	-1827.335	-2109.063	281.728	1.41045	3.439414	0.812912	0.187088	2.506886
1224	-1824.573	-2104.812	280.2397	1.193071	3.562733	0.905203	0.0947965	3.504016
1230	-1807.409	-2087.933	280.5238	1.141065	3.086109	0.921427	0.0785733	3.47752
1236	-1817.7	-2098.033	280.3335	1.207279	3.637406	0.827843	0.172157	3.424914
1242	-1826.215	-2106.262	280.0466	0.9944003	2.589078	0.738659	0.261341	3.965741
1248	-1818.447	-2100.228	281.7817	1.260516	2.495402	0.820699	0.179301	2.816773
1254	-1825.267	-2105.645	280.378	1.223288	2.349404	0.880943	0.119057	3.712071
1260	-1828.425	-2109.132	280.7068	1.223288	1.785089	0.754937	0.245063	3.709238
1266	-1833.578	-2113.317	279.739	1.14718	2.506141	0.801203	0.198797	4.077081
1272	-1838.499	-2117.899	279.3996	1.111799	2.465812	0.728379	0.271621	4.301155
1278	-1836.396	-2116.192	279.7953	1.347657	5.377352	0.736139	0.263861	3.343722
1284	-1838.863	-2118.635	279.7716	1.272988	2.883285	0.794783	0.205217	3.886497
1290	-1831.415	-2109.654	278.2391	1.010585	4.620513	0.78179	0.21821	4.550751
1296	-1824.781	-2103.185	278.4039	1.076574	3.8999	0.717781	0.282219	4.550751
1302	-1826.966	-2106.492	279.5257	1.184332	2.835288	0.850807	0.149193	4.089914
1308	-1816.062	-2096.667	280.6052	1.238848	3.165153	0.885987	0.114013	3.353484
1314	-1811.454	-2091.47	280.016	1.090595	2.332043	0.848383	0.151617	4.001445
1320	-1803.593	-2085.654	282.0618	1.389609	1.549438	0.859487	0.140513	2.906425
1326	-1806.737	-2088.183	281.4459	1.347865	2.831437	0.871163	0.128837	2.872163
1332	-1826.8	-2105.945	279.1452	1.224202	2.883041	0.777572	0.222428	4.271377
1338	-1829.361	-2110.885	281.5239	1.567819	1.672725	0.808505	0.191495	3.070955
1344	-1841.848	-2122.36	280.5128	1.520381	2.717628	0.906481	0.0935192	3.356029
1350	-1839.948	-2120.784	280.8358	1.367838	2.256409	0.927029	0.0729707	3.389901
1356	-1843.126	-2126.07	282.9447	1.391638	1.184167	0.923	0.0769999	2.54149
1362	-1817.845	-2095.914	278.0687	1.168322	2.92094	0.950701	0.0492987	4.897685
1368	-1818.963	-2097.123	278.1599	1.094956	3.342435	0.875769	0.124231	4.7912
1374	-1825.524	-2105.847	280.3227	1.238398	3.549592	0.736368	0.263632	3.431892
1380	-1822.975	-2103.758	280.7835	1.259927	3.477017	0.639927	0.360073	3.163603
1386	-1818.867	-2100.424	281.5563	1.30878	3.015438	0.964427	0.0355727	2.780327
1392	-1834.296	-2115.9	281.6037	1.353875	3.75694	0.894159	0.105841	2.546949
1398	-1834.156	-2113.99	279.8339	1.399111	3.361433	0.85465	0.14535	3.664374
1404	-1845.111	-2127.551	282.4404	1.460692	3.371129	0.879976	0.120024	2.034146
1410	-1816.286	-2095.444	279.1578	1.081326	3.683423	0.872767	0.127233	4.165248
1416	-1826.431	-2108.071	281.64	1.437171	2.993261	0.87257	0.12743	2.656131
1422	-1819.831	-2101.741	281.9098	1.379135	2.791029	0.87257	0.12743	2.57995
1428	-1818.854	-2099.781	280.9262	1.361902	2.892779	0.853733	0.146267	3.15903
1434	-1824.002	-2105.373	281.3713	1.434453	3.646861	0.78466	0.21534	2.665317
1440	-1833.332	-2113.174	279.8416	1.12627	2.586228	0.902468	0.0975319	4.008334
1446	-1831.097	-2111.895	280.7974	1.337784	2.779656	0.817227	0.182773	3.279326
1452	-1822.395	-2101.159	278.7641	1.173146	3.533095	0.750624	0.249376	4.36741
1458	-1822.569	-2101.525	278.9562	1.185007	3.119549	0.835318	0.164682	4.343631
1464	-1823.805	-2104.112	280.3062	1.185007	2.606079	0.904938	0.0950624	3.702163
1470	-1815.918	-2097.631	281.7123	1.310694	2.108755	0.89844	0.10156	2.951381
1476	-1813.899	-2095.563	281.6644	1.243829	3.239187	0.795993	0.204007	2.697657
1482	-1818.444	-2099.989	281.5454	1.434415	3.479948	0.903842	0.0961576	2.595992
1488	-1814	-2094.803	280.8025	1.341691	3.174385	0.773982	0.226018	3.174045
1494	-1812.387	-2093.39	281.0028	1.592778	3.277857	0.923335	0.0766649	2.878821
1500	-1817.214	-2097.786	280.5723	1.401671	3.283445	0.766941	0.233059	3.249019
1506	-1827.459	-2108.005	280.5467	1.412509	3.004077	0.81889	0.18111	3.32512
1512	-1815.646	-2096.628	280.9828	1.362855	3.004077	0.858155	0.141845	3.096269
1518	-1814.353	-2094.503	280.1508	1.335666	3.523451	0.858155	0.141845	3.481174
1524	-1833.206	-2113.273	280.0669	1.154003	2.936674	0.813069	0.186931	3.771752
1530	-1832.031	-2112.313	280.2815	1.412387	3.489217	0.887575	0.112425	3.367262
1536	-1814.756	-2095.691	280.9349	1.48244	3.489217	0.841195	0.158805	2.937225
1542	-1831.304	-2110.722	279.4182	1.323106	2.78431	0.892692	0.107308	4.08509
1548	-1831.713	-2112.419	280.7058	1.357928	2.496178	0.732378	0.267622	3.399923
1554	-1824.167	-2106.02	281.8528	1.475416	3.413927	0.851484	0.148516	2.393752
1560	-1822.864	-2104.53	281.6656	1.398371	4.564932	0.851484	0.148516	2.313722
1566	-1829.887	-2109.644	279.7567	1.22619	4.564932	0.828471	0.171529	3.571332
1572	-1835.452	-2113.999	278.5464	1.160199	3.738763	0.832706	0.167294	4.455275
1578	-1827.189	-2106.261	279.0724	1.230952	3.142236	0.926472	0.0735277	4.246568
1584	-1815.823	-2094.871	279.0486	1.137487	2.966534	0.789484	0.210516	4.354558
1590	-1811.334	-2092.613	281.2789	1.210125	2.90565	0.551305	0.448695	3.035883
1596	-1821.441	-2101.257	279.8153	1.330439	3.116261	0.851406	0.148594	3.771365
1602	-1821.704	-2101.401	279.6963	1.251479	3.116261	0.813762	0.186238	3.885255
1608	-1841.917	-2123.663	281.7457	1.365667	2.572599	0.733349	0.266651	2.751758
1614	-1829.393	-2111.123	281.7302	1.456285	3.835214	0.93246	0.0675395	2.386138
1620	-1818.325	-2098.279	279.9536	0.9119233	2.704741	0.864571	0.135429	4.034959
1626	-1817.632	-2098.104	280.4718	1.044653	2.454787	0.888076	0.111924	3.730147
1632	-1825.701	-2106.547	280.8458	1.286327	3.871854	0.928964	0.0710356	3.025724
1638	-1837.499	-2116.855	279.3564	1.202504	3.658291	0.833249	0.166751	3.988198
1644	-1845.644	-2126.919	281.2751	1.376463	3.720577	0.843162	0.156838	2.74365
1650	-1825.393	-2105.338	279.9454	1.312705	4.747265	0.732732	0.267268	3.3789
1656	-1835.223	-2116.098	280.8752	1.417692	3.69389	0.749472	0.250528	2.966836
1662	-1827.839	-2109.101	281.2621	1.507626	4.58175	0.83177	0.16823	2.4963
1668	-1835.419	-2117.138	281.7193	1.450625	4.833819	0.927383	0.0726166	2.194672
1674	-1834.289	-2114.976	280.6875	1.391025	3.600833	0.711351	0.288649	3.115327
1680	-1840.47	-2122.13	281.6604	1.556589	4.637886	0.911875	0.0881246	2.201384
1686	-1838.765	-2121.325	282.5603	1.474789	2.319784	0.946203	0.0537972	2.253231
1692	-1841.468	-2123.696	282.2277	1.355315	2.625567	0.763219	0.236781	2.443998
1698	-1845.427	-2125.654	280.227	1.275368	3.402962	0.796864	0.203136	3.498521
1704	-1835.365	-2115.115	279.7498	1.216583	4.672406	0.830275	0.169725	3.562189
1710	-1829.361	-2109.449	280.088	1.371181	3.23411	0.783121	0.216879	3.562189
1716	-1829.853	-2111.027	281.174	1.450126	2.894936	0.724795	0.275205	2.957612
1722	-1840.388	-2120.299	279.9108	1.203298	3.296776	0.724795	0.275205	3.747681
1728	-1835.873	-2115.782	279.9097	1.285522	4.549442	0.688148	0.311852	3.450285
1734	-1841.898	-2125.158	283.2598	1.505025	1.846899	0.91084	0.0891599	1.951085
1740	-1838.013	-2119.62	281.6065	1.307863	2.57226	0.925145	0.0748552	2.871687
1746	-1827.772	-2110.225	282.4532	1.539111	4.1093	0.855864	0.144136	1.794287
1752	-1833.913	-2116.546	282.6336	1.668865	3.593336	0.785005	0.214995	1.702663
1758	-1829.475	-2111.425	281.9501	1.633515	4.704519	0.575478	0.424522	1.946755
1764	-1804.696	-2085.881	281.1851	1.508465	3.339468	0.963191	0.0368093	2.804708
1770	-1805.807	-2086.671	280.8638	1.326143	4.851793	0.877327	0.122673	2.804708
1776	-1810.907	-2092.429	281.5216	1.389827	3.479194	0.946826	0.0531739	2.638435
1782	-1813.804	-2094.471	280.6661	1.364312	3.479194	0.954054	0.0459459	3.170805
1788	-1808.113	-2088.305	280.1917	1.181561	3.477535	0.861497	0.138503	3.557211
1794	-1809.501	-2090.182	280.6808	1.246834	2.236933	0.783054	0.216946	3.557211
1800	-1809.809	-2088.785	278.9762	1.157778	2.518074	0.772849	0.227151	4.499565
1806	-1812.129	-2093.483	281.3538	1.373906	2.518074	0.813863	0.186137	2.999983
1812	-1826.782	-2108.997	282.2146	1.302911	2.362951	0.820317	0.179683	2.565827
1818	-1816.305	-2097.377	281.0716	1.361506	2.648108	0.933945	0.0660553	3.138773
1824	-1824.353	-2106.468	282.1148	1.260967	2.004267	0.890821	0.109179	2.773985
1830	-1836.647	-2117.081	280.4346	1.243604	3.572615	0.890821	0.109179	3.358224
1836	-1844.029	-2125.76	281.7312	1.593515	2.912633	0.961887	0.0381127	2.524252
1842	-1828.138	-2109.083	280.9452	1.344086	3.664243	0.945072	0.0549278	2.975417
1848	-1829.287	-2110.428	281.1408	1.416734	3.211623	0.945072	0.0549278	2.917794
1854	-1819.61	-2098.83	279.2195	1.085745	1.758241	0.860414	0.139586	4.642553
1860	-1828.333	-2109.513	281.1798	1.522264	3.902349	0.902418	0.0975823	2.673627
1866	-1831.497	-2113.023	281.5258	1.445541	2.831075	0.928583	0.0714167	2.764294
1872	-1832.646	-2111.341	278.6956	1.162379	2.291465	0.92593	0.0740703	4.718827
1878	-1835.405	-2115.887	280.4814	1.105944	2.234418	0.969159	0.0308406	3.755091
1884	-1820.312	-2099.359	279.0471	1.02229	2.490245	0.965442	0.0345576	4.543528
1890	-1854.031	-2135.228	281.197	1.663151	3.825931	0.793269	0.206731	2.592367
1896	-1849.477	-2129.822	280.3451	1.335866	3.882274	0.819749	0.180251	3.291617
1902	-1818.381	-2098.818	280.437	1.292264	3.002498	0.836679	0.163321	3.460365
1908	-1820.579	-2101.653	281.0737	1.284758	3.151808	0.824572	0.175428	3.051872
1914	-1823.968	-2104.87	280.902	1.370655	2.662504	0.873219	0.126781	3.229919
1920	-1817.161	-2097.47	280.3093	1.108142	2.789766	0.806026	0.193974	3.695695
1926	-1831.992	-2112.448	280.456	1.393896	3.680004	0.926588	0.0734121	3.233969
1932	-1830.304	-2110.779	280.4755	1.270666	3.355859	0.873009	0.126991	3.366498
1938	-1831.482	-2113.003	281.5203	1.371421	2.868119	0.885351	0.114649	2.802811
1944	-1824.298	-2105.96	281.6615	1.358262	4.528851	0.813616	0.186384	2.34882
1950	-1822.285	-2102.581	280.2953	1.261081	3.484859	0.667978	0.332022	3.448801
1956	-1815.395	-2095.532	280.1372	1.332269	4.704841	0.813694	0.186306	3.261818
1962	-1817.661	-2097.916	280.2556	1.318758	3.053517	0.946758	0.0532422	3.538208
1968	-1815.26	-2095.278	280.0187	1.222529	2.525846	0.830373	0.169627	3.868454
1974	-1818.343	-2099.043	280.6999	1.320881	3.35496	0.817306	0.182694	3.204748
1980	-1824.456	-2105.198	280.7422	1.230723	2.882108	0.823864	0.176136	3.348061
1986	-1820.268	-2100.538	280.2703	1.12822	3.558548	0.94255	0.0574504	3.524875
1992	-1821.178	-2101.122	279.9438	1.026854	2.067796	0.800458	0.199542	4.160936
1998	-1811.838	-2090.779	278.9418	1.171292	4.070101	0.886729	0.113271	4.160936
2004	-1812.001	-2090.216	278.2146	1.111594	2.432026	0.919821	0.0801787	4.975008
2010	-1813.746	-2093.385	279.6386	1.033126	2.267815	0.95542	0.0445799	4.26799
2016	-1819.178	-2097.428	278.2492	1.174909	2.451218	0.915208	0.0847915	4.915192
2022	-1826.229	-2105.49	279.2605	1.068343	2.049862	0.966651	0.0333489	4.529394
2028	-1831.834	-2111.663	279.8281	1.019091	2.955147	0.848732	0.151268	3.981714
2034	-1820.786	-2100.751	279.965	1.078095	1.662076	0.884911	0.115089	4.262874
2040	-1817.777	-2099.767	281.9897	1.376297	2.652543	0.822683	0.177317	2.57161
2046	-1821.734	-2101.006	279.2723	1.184466	3.27961	0.87722	0.12278	4.128107
2052	-1818.723	-2098.715	279.9917	1.216125	2.276251	0.704247	0.295753	3.960313
2058	-1820.606	-2101.562	280.9562	1.389383	3.511888	0.885589	0.114411	2.975248
2064	-1823.155	-2104.279	281.1245	1.431195	2.748338	0.887932	0.112068	3.037963
2070	-1830.938	-2110.383	279.4445	0.9188393	3.245526	0.733179	0.266821	4.188883
2076	-1815.211	-2096.003	280.7922	1.430203	3.044009	0.819756	0.180244	3.159575
2082	-1819.45	-2099.713	280.2631	1.376145	3.975407	0.696195	0.303805	3.297456
2088	-1828.941	-2109.684	280.7428	1.208766	2.25472	0.858256	0.141744	3.537746
2094	-1812.212	-2092.927	280.7149	1.220507	3.202608	0.809619	0.190381	3.290822
2100	-1827.049	-2108.34	281.2914	1.415043	3.045101	0.854697	0.145303	2.869096
2106	-1824.096	-2106.041	281.9454	1.598076	3.634177	0.851285	0.148715	2.203691
2112	-1836.216	-2118.02	281.8045	1.516327	3.97097	0.782315	0.217685	2.270913
2118	-1827.088	-2108.306	281.2182	1.535801	4.236618	0.947099	0.0529007	2.572966
2124	-1811.263	-2093.328	282.0647	1.582785	3.52446	0.774603	0.225397	2.162393
2130	-1811.411	-2093.371	281.9598	1.479394	2.599644	0.951574	0.0484263	2.541659
2136	-1824.167	-2105.559	281.3921	1.463759	3.372226	0.975089	0.0249107	2.697739
2142	-1824.465	-2103.16	278.6956	0.9582521	3.065861	0.897568	0.102432	4.630372
2148	-1829.116	-2107.412	278.2961	1.15504	2.845694	0.795914	0.204086	4.796709
2154	-1833.758	-2115.344	281.5866	1.378431	3.792362	0.935722	0.0642778	2.534513
2160	-1809.192	-2090.64	281.448	1.420289	3.11757	0.912355	0.087645	2.752357
2166	-1818.806	-2098.637	279.8313	1.310357	2.911394	0.888569	0.111431	3.823703
2172	-1831.055	-2110.965	279.9093	1.160222	3.767379	0.885873	0.114127	3.67205
2178	-1836.169	-2114.805	278.6361	1.171918	2.885558	0.885873	0.114127	4.587166
2184	-1821.415	-2101.723	280.3083	1.176259	2.921782	0.856231	0.143769	3.623027
2190	-1823.819	-2104.208	280.3897	1.116252	2.872908	0.799539	0.200461	3.623027
2196	-1832.203	-2111.949	279.7462	1.152181	3.335707	0.937848	0.0621523	3.863081
2202	-1831.807	-2111.744	279.937	1.251187	4.484635	0.8146	0.1854	3.465918
2208	-1836.069	-2116.686	280.6175	1.354061	2.770326	0.5758	0.4242	3.378095
2214	-1838.51	-2119.626	281.1163	1.305442	2.696683	0.901551	0.0984487	3.132081
2220	-1836.192	-2118.288	282.0955	1.38676	3.094331	0.835113	0.164887	2.376848
2226	-1835.371	-2116.736	281.3651	1.206415	2.430655	0.901059	0.0989406	3.11924
2232	-1834.117	-2112.091	277.9744	1.188831	2.430655	0.910247	0.0897525	5.065885
2238	-1823.724	-2102.007	278.283	1.062647	2.419065	0.803642	0.196358	4.967792
2244	-1825.855	-2105.663	279.8076	1.133332	2.419065	0.810847	0.189153	4.070563
2250	-1836.904	-2117.823	280.9189	1.397362	4.538249	0.8534	0.1466	2.7842
2256	-1843.084	-2123.194	280.1094	1.309497	3.321716	0.800041	0.199959	3.565511
2262	-1829.407	-2109.938	280.5314	1.384165	3.321716	0.84238	0.15762	3.274617
2268	-1842.706	-2122.317	279.6107	1.490547	3.67812	0.801991	0.198009	3.672162
2274	-1843.663	-2125.382	281.7194	1.342713	2.286883	0.885138	0.114862	2.869175
2280	-1829.588	-2108.863	279.2752	1.149895	1.971318	0.743042	0.256958	4.501045
2286	-1818.876	-2098.614	279.7383	1.31562	3.623464	0.792576	0.207424	3.710995
2292	-1826.427	-2105.593	279.1666	1.037011	2.709475	0.682518	0.317482	4.409159
2298	-1822.231	-2100.214	277.9833	1.039403	3.25075	0.752715	0.247285	4.940712
2304	-1819.954	-2098.337	278.3831	1.118867	2.77623	0.752715	0.247285	4.785719
2310	-1824.471	-2105.903	281.4323	1.27921	2.855852	0.842563	0.157437	2.915354
2316	-1818.796	-2099.916	281.1205	1.338649	2.941541	0.719032	0.280968	3.044478
2322	-1826.92	-2107.475	280.555	1.185467	2.594405	0.8496	0.1504	3.560865
2328	-1830.738	-2109.633	278.8954	1.197983	3.238277	0.84995	0.15005	4.343439
2334	-1821.58	-2101.769	280.1898	1.162813	3.679754	0.789053	0.210947	3.52585
2340	-1823.625	-2104.323	280.6986	1.299866	3.679754	0.867086	0.132914	3.145924
2346	-1828.35	-2108.868	280.518	1.417711	3.857249	0.807549	0.192451	3.145924
2352	-1829.318	-2110.528	281.2093	1.435615	2.902221	0.777651	0.222349	2.943183
2358	-1832.295	-2112.418	280.1235	1.435615	3.272455	0.831345	0.168655	3.49513
2364	-1826.483	-2105.573	279.0906	1.106096	2.309404	0.888817	0.111183	4.523613
2370	-1835.301	-2113.953	278.6523	1.172583	2.671927	0.904363	0.0956368	4.631852
2376	-1825.119	-2104.032	278.9133	1.200533	2.518021	0.934257	0.0657428	4.510913
2382	-1832.988	-2112.637	279.649	1.193641	2.23732	0.935823	0.0641769	4.180273
2388	-1818.555	-2098.979	280.4242	1.206751	2.593844	0.603977	0.396023	3.624642
2394	-1822.957	-2103.211	280.2536	1.206751	2.391292	0.914461	0.0855394	3.78099
2400	-1835.482	-2116.153	280.6708	1.493365	3.09944	0.910791	0.089209	3.180412
2406	-1831.733	-2113.249	281.516	1.63593	4.473683	0.826545	0.173455	2.27529
2412	-1831.289	-2110.41	279.121	1.061724	2.147328	0.70604	0.29396	4.580511
2418	-1833.597	-2112.524	278.9262	1.254637	2.830322	0.928238	0.0717624	4.391143
2424	-1827.49	-2107.103	279.6138	1.132017	3.038353	0.945013	0.0549872	4.019387
2430	-1827.731	-2108.208	280.4765	1.258685	2.619925	0.774339	0.225661	3.556887
2436	-1832.819	-2113.465	280.6458	1.297798	3.304499	0.971275	0.0287247	3.262024
2442	-1816.141	-2097.639	281.4981	1.398136	2.675027	0.942158	0.057842	2.853228
2448	-1824.087	-2106.379	282.2916	1.533976	2.423693	0.910873	0.0891274	2.353002
2454	-1824.579	-2105.163	280.5842	1.195461	2.245007	0.850044	0.149956	3.640622
2460	-1840.944	-2121.755	280.8102	1.215712	3.043346	0.950666	0.0493338	3.276052
2466	-1839.472	-2120.836	281.3639	1.263997	2.207578	0.779593	0.220407	3.154978
2472	-1832.378	-2112.845	280.467	1.352474	3.703312	0.712679	0.287321	3.246962
2478	-1830.472	-2109.868	279.3954	1.343679	4.698537	0.970616	0.0293837	3.689554
2484	-1826.892	-2107.263	280.3702	1.235479	2.519222	0.832418	0.167582	3.660173
2490	-1828.379	-2109.443	281.0638	1.191571	2.838168	0.794815	0.205185	3.192737
2496	-1812.947	-2093.585	280.6381	1.25299	3.759621	0.821167	0.178833	3.192737
2502	-1827.151	-2104.536	277.384	1.076938	2.373788	0.720991	0.279009	5.469772
2508	-1814.913	-2094.645	279.7326	1.365502	3.627547	0.822553	0.177447	3.684599
2514	-1832.756	-2114.585	281.829	1.551164	4.643587	0.919827	0.0801734	2.093923
2520	-1814.78	-2094.584	279.8039	1.287138	2.964453	0.891926	0.108074	3.839586
2526	-1821.062	-2099.859	278.7965	1.06813	3.628072	0.876562	0.123438	4.38862
2532	-1820.659	-2100.194	279.5356	1.089032	2.994196	0.708292	0.291708	4.099194
2538	-1817.645	-2099.41	281.7653	1.442546	3.229162	0.704923	0.295077	2.514802
2544	-1832.046	-2113.632	281.5857	1.586935	3.688163	0.704923	0.295077	2.427748
2550	-1834.8	-2115.906	281.1063	1.46965	3.315896	0.868123	0.131877	2.881611
2556	-1837.567	-2117.702	280.1345	1.421753	2.733648	0.86081	0.13919	3.630089
2562	-1839.349	-2120.938	281.5895	1.55288	3.707334	0.878832	0.121168	2.442417
2568	-1838.365	-2117.743	279.3775	1.291121	4.428501	0.729256	0.270744	3.777357
2574	-1828.163	-2109.247	281.0837	1.396693	2.713464	0.84467	0.15533	3.092489
2580	-1816.742	-2098.44	281.698	1.204786	2.195355	0.921675	0.0783248	2.994811
2586	-1830.567	-2109.752	279.1853	0.9685787	2.664487	0.966685	0.0333146	4.448953
2592	-1829.138	-2108.047	278.9086	1.178805	2.990745	0.751608	0.248392	4.404436
2598	-1829.029	-2107.449	278.4203	1.123879	4.506046	0.485731	0.514269	4.404436
2604	-1825.574	-2106.102	280.5281	1.280709	4.921383	0.662756	0.337244	3.022764
2610	-1821.782	-2101.134	279.3519	1.424061	3.706544	0.770097	0.229903	3.853856
2616	-1825.81	-2107.187	281.3772	1.277692	3.824651	0.712196	0.287804	2.719078
2622	-1829.314	-2111.378	282.0633	1.560482	3.824651	0.712196	0.287804	2.107197
2628	-1819.517	-2100.51	280.993	1.503476	2.92497	0.759056	0.240944	3.026384
2634	-1814.995	-2095.144	280.1494	1.329992	3.068243	0.868004	0.131996	3.589841
2640	-1810.494	-2090.26	279.7666	1.385539	3.937999	0.727525	0.272475	3.589841
2646	-1806.384	-2086.992	280.6075	1.267344	4.680767	0.910144	0.0898559	3.025021
2652	-1817.435	-2097.534	280.0989	1.414472	3.275174	0.845613	0.154387	3.521146
2658	-1819.025	-2099.308	280.283	1.259531	3.378515	0.816235	0.183765	3.480608
2664	-1827.991	-2109.089	281.098	1.258358	3.089566	0.849888	0.150112	3.068466
2670	-1820.427	-2101.95	281.5228	1.398263	3.148484	0.862123	0.137877	2.712303
2676	-1825.742	-2107.266	281.5248	1.273626	3.44397	0.884469	0.115531	2.71609
2682	-1817.754	-2098.693	280.9389	1.303014	2.577522	0.801159	0.198841	3.271868
2688	-1826.164	-2105.794	279.6307	1.243715	3.911144	0.799307	0.200693	3.755869
2694	-1810.507	-2089.921	279.4132	1.039413	3.394411	0.898215	0.101785	4.104964
2700	-1805.733	-2084.281	278.5479	1.169393	3.02729	0.972607	0.0273934	4.603872
2706	-1813.195	-2093.802	280.6075	1.259192	3.363031	0.647916	0.352084	3.293935
2712	-1812.453	-2093.324	280.8708	1.371813	2.819816	0.829981	0.170019	3.205177
2718	-1808.055	-2090.563	282.5082	1.407999	1.762492	0.910705	0.0892953	2.532681
2724	-1814.072	-2096.764	282.6916	1.486503	1.802548	0.98314	0.01686	2.35183
2730	-1815.002	-2097.689	282.6872	1.490966	1.802548	0.941385	0.0586153	2.35183
2736	-1816.637	-2098.105	281.4681	1.310293	2.257616	0.854992	0.145008	3.049257
2742	-1818.611	-2099.794	281.1837	1.36372	2.725086	0.876926	0.123074	3.049257
2748	-1829.118	-2109.664	280.5454	1.463913	4.903808	0.813961	0.186039	2.90519
2754	-1831.293	-2109.576	278.2836	0.9184115	2.552298	0.835775	0.164225	5.011055
2760	-1827.93	-2107.87	279.9394	1.15601	2.539132	0.893961	0.106039	3.948387
2766	-1818.246	-2097.947	279.7015	1.095102	3.36826	0.975129	0.024871	3.914234
2772	-1818.849	-2100.222	281.3733	1.350622	3.321541	0.838775	0.161225	2.790456
2778	-1819.289	-2101.68	282.39	1.456502	4.364452	0.782571	0.217429	1.838299
2784	-1816.935	-2098.361	281.4267	1.578263	5.137656	0.858259	0.141741	2.246005
2790	-1820.994	-2101.907	280.9122	1.458284	2.822064	0.899646	0.100354	3.128642
2796	-1817.352	-2098.743	281.3907	1.395015	3.157118	0.868133	0.131867	2.79281
2802	-1840.019	-2118.478	278.4588	1.122451	3.913611	0.909866	0.0901342	4.491486
2808	-1832.703	-2110.605	277.9018	1.101682	2.298684	0.680927	0.319073	5.191955
2814	-1824.299	-2103.615	279.3158	1.166604	3.748947	0.949383	0.050617	4.013347
2820	-1832.233	-2111.273	279.0404	1.194046	2.505368	0.736785	0.263215	4.446499
2826	-1828.541	-2106.305	277.7634	0.9474144	4.064593	0.839156	0.160844	4.94982
2832	-1820.949	-2101.799	280.8502	1.250337	3.654597	0.944357	0.0556429	3.090531
2838	-1824.551	-2105.809	281.2575	1.315078	4.227984	0.944357	0.0556429	2.686711
2844	-1819.533	-2100.451	280.9173	1.462342	3.016942	0.691362	0.308638	3.07273
2850	-1824.879	-2105.189	280.3105	1.051538	1.97392	0.752217	0.247783	3.968886
2856	-1833.66	-2111.783	278.1226	0.9813501	2.894767	0.807321	0.192679	4.978061
2862	-1828.585	-2112.014	283.4293	2.042186	2.833676	0.84786	0.15214	1.010499
2868	-1821.041	-2104.223	283.182	1.966614	3.309175	0.867103	0.132897	1.127345
2874	-1826.141	-2109.603	283.4622	1.842034	3.091383	0.934171	0.065829	1.065136
2880	-1829.429	-2112.979	283.5498	1.86046	2.843979	0.685466	0.314534	1.065136
2886	-1826.789	-2110.35	283.5611	1.8784	2.575206	0.815318	0.184682	1.151517
2892	-1844.127	-2127.358	283.2318	1.894363	2.676493	0.918066	0.081934	1.371711
2898	-1835.745	-2119.351	283.6066	1.583769	2.676493	0.91225	0.0877496	1.320662
2904	-1824.47	-2106.137	281.6664	1.834448	2.918893	0.716815	0.283185	2.412094
2910	-1822.499	-2102.182	279.6829	1.170079	2.304486	0.806375	0.193625	4.154161
2916	-1836.767	-2115.01	278.2432	0.8043686	3.146883	0.79856	0.20144	4.950183
2922	-1816.77	-2094.021	277.2508	1.050642	2.547428	0.612594	0.387406	5.509959
2928	-1815.13	-2093.424	278.2943	1.077387	2.666444	0.797391	0.202609	4.886516
2934	-1808.682	-2089.535	280.8529	1.20341	2.557702	0.806226	0.193774	3.386698
2940	-1808.89	-2089.458	280.5682	1.20341	3.204317	0.952219	0.0477813	3.386698
2946	-1825.612	-2106.318	280.7059	1.329354	3.696751	0.889523	0.110477	3.120394
2952	-1813.575	-2094.56	280.9855	1.448405	3.209412	0.720805	0.279195	2.992684
2958	-1806.885	-2087.922	281.0375	1.385847	4.478323	0.683518	0.316482	2.729937
2964	-1807.023	-2088.052	281.0296	1.405222	2.911553	0.797509	0.202491	3.066756
2970	-1814.269	-2094.083	279.814	1.404629	3.285238	0.899012	0.100988	3.689948
2976	-1819.522	-2099.883	280.3611	1.317821	3.488892	0.899012	0.100988	3.37613
2982	-1818.52	-2099.244	280.724	1.464641	3.244639	0.799461	0.200539	3.130822
2988	-1830.609	-2111.437	280.828	1.520181	4.495404	0.61109	0.38891	2.77266
2994	-1824.687	-2103.594	278.907	1.187507	3.317946	0.85546	0.14454	4.324979
3000	-1824.633	-2103.506	278.8736	1.031701	3.264335	0.85546	0.14454	4.443669
3006	-1820.681	-2102.267	281.5858	1.285732	1.909344	0.921495	0.0785049	3.111946
3012	-1844.01	-2123.528	279.5186	1.29372	2.884611	0.823041	0.176959	4.019156
3018	-1845.665	-2127.774	282.1088	1.492995	2.245236	0.823041	0.176959	2.551789
3024	-1838.576	-2119.276	280.6997	1.303494	3.878326	0.760759	0.239241	3.101422
3030	-1830.891	-2110.99	280.0993	1.253178	2.856753	0.836352	0.163648	3.71595
3036	-1831.263	-2111.165	279.902	1.257228	3.321793	0.851784	0.148216	3.71595
3042	-1825.184	-2105.221	280.0369	1.341353	3.393379	0.911651	0.0883492	3.572958
3048	-1830.77	-2110.902	280.1325	1.312121	3.224328	0.801514	0.198486	3.572958
3054	-1819.072	-2100.536	281.464	1.224852	1.860655	0.813898	0.186102	3.238116
3060	-1840.545	-2122.447	281.9021	1.286035	2.116106	0.849249	0.150751	2.84913
3066	-1838.606	-2119.798	281.1915	1.337457	3.580817	0.815112	0.184888	2.84913
3072	-1819.541	-2099.808	280.2667	1.107275	1.978309	0.915138	0.0848625	3.960597
3078	-1828.073	-2105.271	277.1981	1.043776	3.329447	0.648904	0.351096	5.355954
3084	-1821.799	-2100.248	278.4491	1.023433	2.740575	0.740239	0.259761	4.811193
3090	-1818.754	-2098.287	279.5324	1.098783	2.684354	0.839838	0.160162	4.173769
3096	-1837.041	-2116.792	279.7505	1.057223	2.979725	0.912257	0.0877433	3.998247
3102	-1826.669	-2106.851	280.1822	1.090158	2.862783	0.644534	0.355466	3.760698
3108	-1831.24	-2112.334	281.0943	1.435838	2.924018	0.912459	0.0875409	3.006499
3114	-1832.01	-2112.655	280.6449	1.132771	1.756692	0.908455	0.091545	3.807734
3120	-1818.975	-2099.788	280.813	1.360118	3.437308	0.908956	0.091044	3.095348
3126	-1824.18	-2104.077	279.8969	1.37848	3.422131	0.850915	0.149085	3.626288
3132	-1822.692	-2104.411	281.719	1.451892	3.872577	0.850915	0.149085	2.387826
3138	-1837.062	-2119.245	282.1832	1.549679	4.025626	0.941703	0.0582971	1.989537
3144	-1836.721	-2118.034	281.3136	1.358303	2.686714	0.782059	0.217941	2.985292
3150	-1829.845	-2110.913	281.0673	1.37827	3.211196	0.691741	0.308259	2.985292
3156	-1807.986	-2088.28	280.2933	1.28148	2.330246	0.939594	0.0604055	3.733102
3162	-1810.869	-2092.148	281.2796	1.21177	2.264078	0.889492	0.110508	3.217967
3168	-1820.997	-2102.331	281.3336	1.37436	2.135132	0.855401	0.144599	3.13108
3174	-1826.816	-2107.972	281.156	1.304057	2.135132	0.868807	0.131193	3.277962
3180	-1824.352	-2105.57	281.2179	1.504586	3.525041	0.872807	0.127193	2.743892
3186	-1828.092	-2109.717	281.6249	1.383381	1.308971	0.838365	0.161635	3.280251
3192	-1811.271	-2092.59	281.3192	1.287134	2.759383	0.891053	0.108947	3.004634
3198	-1807.996	-2089.188	281.1925	1.291233	2.720233	0.875442	0.124558	3.088674
3204	-1830.705	-2109.373	278.6679	1.051836	3.305593	0.806628	0.193372	4.538912
3210	-1813.59	-2093.092	279.5021	1.245511	5.018586	0.841684	0.158316	3.631406
3216	-1804.272	-2085.522	281.2499	1.403337	5.018586	0.789431	0.210569	2.489889
3222	-1810.619	-2090.463	279.8439	1.132679	3.275225	0.799126	0.200874	3.831819
3228	-1811.733	-2090.377	278.6438	0.9715424	2.757625	0.830455	0.169545	4.727109
3234	-1813.754	-2096.045	282.2908	1.262114	1.969568	0.904543	0.0954569	2.678083
3240	-1804.577	-2085.344	280.767	1.252446	2.658748	0.895906	0.104094	3.380122
3246	-1823.058	-2103.725	280.6675	1.226076	2.767033	0.813086	0.186914	3.424713
3252	-1831.694	-2113.333	281.6391	1.511491	3.07195	0.784703	0.215297	2.590298
3258	-1822.844	-2103.986	281.1411	1.160672	2.511945	0.742394	0.257606	3.255298
3264	-1804.716	-2084.649	279.9331	1.195036	3.227317	0.781208	0.218792	3.755491
3270	-1805.957	-2086.324	280.3672	1.258722	2.962436	0.907902	0.092098	3.530677
3276	-1812.267	-2092.085	279.8178	1.266131	2.4977	0.833153	0.166847	3.966528
3282	-1816.003	-2097.685	281.6815	1.233497	2.616606	0.723916	0.276084	2.858501
3288	-1811.815	-2094.069	282.2541	1.571915	3.565494	0.920496	0.0795045	2.035207
3294	-1819.968	-2100.618	280.6499	1.39449	3.411539	0.873802	0.126198	3.177805
3300	-1830.611	-2109.659	279.0485	1.147055	2.948825	0.79723	0.20277	4.35349
3306	-1823.868	-2103.484	279.6155	1.230494	2.381945	0.700749	0.299251	4.135368
3312	-1825.147	-2106.965	281.818	1.48882	3.003927	0.819323	0.180677	2.510934
3318	-1830.205	-2110.756	280.5503	1.103232	3.869844	0.74347	0.25653	3.310301
3324	-1832.583	-2112.872	280.2889	1.351672	5.012648	0.858735	0.141265	3.10792
3330	-1820.556	-2099.93	279.3737	1.05842	3.811614	0.929547	0.0704526	4.029396
3336	-1818.546	-2098.259	279.7129	1.216563	3.590084	0.755184	0.244816	3.789843
3342	-1816.116	-2096.345	280.2295	1.37992	2.376559	0.817793	0.182207	3.699324
3348	-1814.025	-2094.493	280.4679	1.314572	3.39353	0.85431	0.14569	3.336568
3354	-1820.743	-2101.717	280.9741	1.381219	3.122252	0.955657	0.0443429	3.06099
3360	-1831.153	-2113.374	282.2208	1.376494	2.452147	0.870601	0.129399	2.487925
3366	-1813.24	-2094.251	281.0106	1.341031	3.211243	0.864193	0.135807	3.041587
3372	-1815.601	-2095.086	279.4844	1.182365	3.946347	0.92709	0.0729097	3.868455
3378	-1833.065	-2113.403	280.3382	1.212952	2.7512	0.783076	0.216924	3.628379
3384	-1815.999	-2096.912	280.9125	1.155476	2.42315	0.742781	0.257219	3.418761
3390	-1819.353	-2098.775	279.422	1.171089	3.717728	0.742781	0.257219	3.956413
3396	-1825.994	-2107.302	281.3078	1.238324	3.358642	0.944113	0.0558867	2.889572
3402	-1826.436	-2104.834	278.3984	0.9824232	4.791612	0.715394	0.284606	4.44858
3408	-1820.602	-2098.629	278.0268	1.084142	4.944485	0.710058	0.289942	4.575729
3414	-1833.898	-2114.044	280.1456	1.159638	3.97873	0.782166	0.217834	3.492658
3420	-1840.508	-2122.065	281.557	1.417137	3.259695	0.725842	0.274158	2.652111
3426	-1844.522	-2124.084	279.5617	1.284166	2.692028	0.818584	0.181416	4.049527
3432	-1853.162	-2133.345	280.1835	1.312732	3.315534	0.885198	0.114802	3.5219
3438	-1850.577	-2130.936	280.359	1.288971	3.315534	0.936613	0.0633871	3.433254
3444	-1834.234	-2115.675	281.4416	1.448841	3.535614	0.721735	0.278265	2.638338
3450	-1825.645	-2107.89	282.2452	1.559197	3.258288	0.911973	0.088027	2.12695
3456	-1847.19	-2127.865	280.6751	1.39665	4.223918	0.94559	0.0544102	2.9915
3462	-1834.047	-2115.24	281.1929	1.345665	2.61989	0.846914	0.153086	3.083855
3468	-1829.559	-2109.525	279.9655	1.085739	2.465607	0.779856	0.220144	3.994282
3474	-1832.671	-2111.748	279.0765	1.105259	2.396983	0.695285	0.304715	4.506628
3480	-1823.145	-2104.619	281.4737	1.434807	4.389236	0.820879	0.179121	2.446324
3486	-1827.909	-2110.617	282.7073	1.375669	1.862804	0.84876	0.15124	2.388155
3492	-1808.043	-2089.118	281.0742	1.381874	2.880486	0.814739	0.185261	3.062163
3498	-1801.739	-2082.809	281.0697	1.444449	3.659971	0.912554	0.0874456	2.840565
3504	-1811.928	-2091.28	279.3521	1.326861	3.743396	0.880944	0.119056	3.901945
3510	-1834.059	-2115.035	280.9764	1.217842	2.622375	0.838248	0.161752	3.287379
3516	-1833.092	-2115.469	282.3775	1.474528	2.622375	0.936234	0.0637663	2.274291
3522	-1823.412	-2105.389	281.9769	1.530415	2.379506	0.752684	0.247316	2.566869
3528	-1824.746	-2107.653	282.9062	1.605551	2.341166	0.752684	0.247316	1.9326
3534	-1820.648	-2100.501	279.8536	1.213924	3.125197	0.835605	0.164395	3.814287
3540	-1818.841	-2098.326	279.4854	1.137263	3.847776	0.649738	0.350262	3.913206
3546	-1807.848	-2086.668	278.8201	1.031376	2.907102	0.824708	0.175292	4.557506
3552	-1815.696	-2097.402	281.7062	1.317176	2.644516	0.785298	0.214702	2.784613
3558	-1824.711	-2104.752	280.0409	1.285963	3.112422	0.888974	0.111026	3.667677
3564	-1835.065	-2117.596	282.5313	1.55964	3.250285	0.930163	0.0698373	1.938971
3570	-1822.138	-2105.1	282.9624	1.606951	2.278227	0.840335	0.159665	1.91594
3576	-1822.523	-2104.122	281.5985	1.400812	3.01914	0.953108	0.0468918	2.697261
3582	-1811.61	-2090.063	278.4527	1.248602	3.688231	0.72388	0.27612	4.468415
3588	-1810.852	-2088.37	277.5178	1.128939	3.520196	0.880839	0.119161	5.091774
3594	-1814.077	-2092.735	278.658	1.024919	3.520196	0.889176	0.110824	4.513432
3600	-1818.338	-2098.266	279.9273	1.3589	2.728864	0.910878	0.0891223	3.787424
3606	-1820.133	-2099.384	279.2504	1.020995	4.026569	0.762274	0.237726	4.079107
3612	-1818.341	-2100.63	282.2893	1.406513	3.14066	0.869643	0.130357	2.228231
3618	-1824.365	-2104.488	280.1223	1.347725	3.191093	0.869643	0.130357	3.565991
3624	-1837.291	-2116.096	278.8053	1.155308	2.648003	0.888399	0.111601	4.562011
3630	-1827.342	-2107.882	280.5396	1.203368	2.094532	0.891143	0.108857	3.709746
3636	-1827.29	-2108.59	281.3005	1.569614	3.439212	0.941183	0.0588171	2.67319
3642	-1816.878	-2097.349	280.4708	1.218107	3.176111	0.908019	0.0919811	3.441863
3648	-1824.291	-2105.336	281.0453	1.327809	1.761979	0.748125	0.251875	3.460452
3654	-1811.414	-2091.117	279.7033	1.220309	2.465118	0.748125	0.251875	4.067261
3660	-1815.518	-2096.144	280.627	1.383885	2.493457	0.768174	0.231826	3.431689
3666	-1805.055	-2083.693	278.6379	1.201481	3.286175	0.768174	0.231826	4.475926
3672	-1820.462	-2099.901	279.4391	1.11012	1.840966	0.84714	0.15286	4.475926
3678	-1838.731	-2119.456	280.7252	1.269743	2.784845	0.84714	0.15286	3.360508
3684	-1815.08	-2096.603	281.523	1.274695	2.326405	0.7302	0.2698	3.015993
3690	-1824.964	-2106.316	281.3522	1.311575	4.312618	0.874385	0.125615	2.613839
3696	-1814.739	-2095.786	281.0469	1.444538	3.995381	0.757265	0.242735	2.783172
3702	-1813.815	-2094.91	281.0956	1.659248	3.589318	0.720717	0.279283	2.709526
3708	-1812.498	-2094.818	282.3198	1.245075	2.144613	0.737617	0.262383	2.608711
3714	-1814.034	-2093.719	279.6857	1.188492	3.130066	0.866778	0.133222	3.9242
3720	-1825.933	-2106.423	280.4905	1.199393	2.908225	0.864777	0.135223	3.507053
3726	-1830.034	-2109.901	279.8678	1.172243	2.908225	0.85856	0.14144	3.882879
3732	-1805.366	-2085.755	280.3887	1.194299	3.315665	0.961686	0.0383138	3.471205
3738	-1808.043	-2089.596	281.5521	1.260808	2.24593	0.966733	0.0332672	3.032304
3744	-1822.07	-2102.911	280.8407	1.175215	2.779629	0.941479	0.0585206	3.349552
3750	-1829.41	-2111.011	281.6005	1.207024	2.423302	0.782686	0.217314	2.98031
3756	-1817.699	-2100.444	282.7453	1.466016	2.241665	0.91452	0.0854802	2.166036
3762	-1809.575	-2092.164	282.5892	1.545807	2.174426	0.912285	0.0877149	2.239051
3768	-1823.432	-2103.835	280.4026	1.128431	2.781814	0.884723	0.115277	3.631991
3774	-1840.932	-2121.758	280.8266	1.475422	3.394419	0.745271	0.254729	3.028169
3780	-1816.711	-2097.781	281.0708	1.28914	2.750198	0.834014	0.165986	3.154195
3786	-1823.626	-2104.869	281.2437	1.28914	3.718354	0.834014	0.165986	2.816502
3792	-1826.722	-2108.51	281.7878	1.28662	2.431667	0.83914	0.16086	2.816502
3798	-1818.81	-2100.859	282.049	1.236133	2.07979	0.83914	0.16086	2.802681
3804	-1825.651	-2108.304	282.6528	1.424045	2.553741	0.898583	0.101417	2.150274
3810	-1831.815	-2113.452	281.6365	1.194763	2.553182	0.91149	0.0885104	2.927454
3816	-1827.912	-2109.103	281.191	1.279602	2.864651	0.905349	0.0946508	3.057646
3822	-1845.337	-2126.3	280.9628	1.264956	3.298227	0.759464	0.240536	3.094865
3828	-1835.877	-2116.07	280.1925	1.502468	3.298227	0.759464	0.240536	3.409698
3834	-1833.295	-2114.172	280.8777	1.20848	2.912509	0.86891	0.13109	3.273524
3840	-1845.866	-2127.789	281.9229	1.386417	1.730419	0.854926	0.145074	2.917314
3846	-1832.518	-2113.206	280.6878	1.292103	2.29735	0.855709	0.144291	3.508089
3852	-1816.689	-2096.189	279.5002	1.176391	2.786011	0.94571	0.0542902	4.121507
3858	-1819.536	-2101.785	282.2492	1.288138	1.98166	0.812943	0.187057	2.683235
3864	-1813.245	-2093.698	280.4532	1.198484	4.083137	0.766354	0.233646	3.26883
3870	-1810.909	-2092.672	281.7626	1.233933	2.554288	0.799658	0.200342	2.827085
3876	-1814.538	-2094.482	279.9433	1.333035	3.503115	0.799658	0.200342	3.607963
3882	-1808.173	-2088.227	280.0544	1.225998	2.334634	0.941555	0.058445	3.901203
3888	-1816.18	-2095.857	279.6764	1.191105	2.265191	0.941555	0.058445	4.157694
3894	-1816.699	-2097.26	280.5601	1.147684	2.265191	0.786713	0.213287	3.676007
3900	-1818.464	-2100.328	281.8635	1.35057	2.37294	0.78065	0.21935	2.749574
3906	-1821.712	-2102.808	281.0964	1.217512	2.6852	0.848722	0.151278	3.199236
3912	-1828.91	-2108.494	279.5837	1.144886	2.396697	0.718345	0.281655	4.19776
3918	-1836.777	-2116.292	279.5151	1.036473	2.765601	0.877889	0.122111	4.19776
3924	-1825.884	-2107.479	281.5954	1.426243	2.320917	0.927433	0.0725674	2.88291
3930	-1828.635	-2111.253	282.6173	1.551384	3.326251	0.956657	0.0433432	1.86596
3936	-1810.394	-2093.394	282.9999	1.76238	2.314374	0.960045	0.0399551	1.770501
3942	-1810.069	-2092.091	282.0221	1.79106	2.187369	0.953523	0.0464773	2.439209
3948	-1814.788	-2097.226	282.4375	1.581813	2.187369	0.709031	0.290969	2.308648
3954	-1820.589	-2101.908	281.3188	1.436444	3.724557	0.853232	0.146768	2.6792
3960	-1816.148	-2097.989	281.8413	1.404911	2.465914	0.892396	0.107604	2.701157
3966	-1827.674	-2109.354	281.6803	1.416564	2.381031	0.962804	0.0371956	2.818427
3972	-1820.747	-2100.132	279.3849	1.086723	2.413995	0.922131	0.0778693	4.338332
3978	-1822.074	-2101.397	279.3225	1.092002	1.994678	0.829033	0.170967	4.499275
3984	-1823.549	-2103.651	280.1022	1.25925	2.122963	0.942338	0.0576622	3.920102
3990	-1816.367	-2097.327	280.9602	1.290274	2.916669	0.891321	0.108679	3.175214
3996	-1812.1	-2091.06	278.9608	1.08303	2.817616	0.909228	0.0907723	4.471542
4002	-1812.776	-2092.162	279.3852	1.246021	2.387211	0.976131	0.0238686	4.255714
4008	-1818.589	-2096.825	278.2355	1.08335	2.558776	0.843172	0.156828	4.944344
4014	-1828.05	-2106.405	278.3551	1.090325	2.307109	0.88352	0.11648	4.944344
4020	-1827.354	-2105.958	278.6042	1.054548	2.242017	0.895535	0.104465	4.844731
4026	-1825.677	-2106.37	280.6937	1.156128	2.101299	0.895535	0.104465	3.645702
4032	-1821.873	-2103.556	281.6831	1.306125	2.242904	0.841538	0.158462	2.927364
4038	-1827.996	-2108.694	280.6977	1.329807	3.345982	0.691188	0.308812	3.2028
4044	-1817.155	-2098.908	281.7538	1.435951	2.606228	0.634472	0.365528	2.693907
4050	-1812.78	-2094.487	281.7067	1.342204	2.977737	0.817545	0.182455	2.677637
4056	-1817.765	-2099.61	281.8455	1.284733	3.061358	0.75527	0.24473	2.60565
4062	-1826.987	-2107.504	280.5164	1.346225	4.085908	0.712283	0.287717	3.143349
4068	-1844.48	-2125.187	280.707	1.426871	3.668161	0.924039	0.075961	3.067721
4074	-1824.49	-2104.747	280.2575	1.435487	3.015439	0.916654	0.0833465	3.478386
4080	-1825.375	-2107.052	281.6769	1.493014	3.547323	0.791757	0.208243	2.461788
4086	-1826.059	-2108.173	282.1139	1.337471	2.851694	0.809692	0.190308	2.461788
4092	-1831.542	-2112.173	280.6309	1.197073	2.806771	0.751468	0.248532	3.452609
4098	-1828.153	-2109.917	281.7641	1.266781	2.502889	0.851815	0.148185	2.821471
4104	-1824.921	-2107.414	282.4926	1.578884	3.53903	0.874734	0.125266	1.876916
4110	-1815.951	-2096.165	280.2134	1.204857	3.267206	0.863635	0.136365	3.57836
4116	-1834.687	-2113.557	278.8692	1.330065	2.976767	0.753043	0.246957	4.344622
4122	-1839.034	-2118.49	279.4557	1.309988	2.672422	0.80935	0.19065	4.10042
4128	-1822.311	-2102.482	280.171	1.410851	4.006947	0.857726	0.142274	3.324959
4134	-1818.615	-2098.762	280.1467	1.130277	2.968972	0.782109	0.217891	3.731383
4140	-1820.625	-2099.347	278.7223	1.105052	2.682426	0.833393	0.166607	4.627756
4146	-1819.022	-2099.23	280.2074	1.345489	4.714937	0.802428	0.197572	3.21071
4152	-1820.647	-2100.663	280.0157	1.328279	3.453588	0.757018	0.242982	3.579496
4158	-1822.627	-2103.427	280.7995	1.302995	3.453588	0.757018	0.242982	3.13376
4164	-1832.659	-2112.727	280.0677	1.338607	3.453588	0.899209	0.100791	3.543244
4170	-1826.94	-2106.796	279.856	1.35831	3.792153	0.820482	0.179518	3.583029
4176	-1826.98	-2106.945	279.9653	1.493746	3.226646	0.753478	0.246522	3.564057
4182	-1827.197	-2107.78	280.5827	1.263524	3.621194	0.825116	0.174884	3.248745
4188	-1844.183	-2124.634	280.4511	1.395077	3.621194	0.821596	0.178404	3.248745
4194	-1820.463	-2100.68	280.2172	1.223915	2.196844	0.885962	0.114038	3.850959
4200	-1819.468	-2099.759	280.2914	1.129239	2.229902	0.95724	0.0427597	3.852447
4206	-1824.258	-2104.13	279.8718	1.017356	2.874028	0.891965	0.108035	3.977863
4212	-1815.359	-2095.745	280.3864	1.20855	3.315746	0.804201	0.195799	3.464204
4218	-1811.966	-2092.035	280.0689	1.440415	3.540141	0.839994	0.160006	3.464204
4224	-1807.366	-2086.364	278.9985	1.178526	3.540141	0.793345	0.206655	4.230237
4230	-1809.66	-2090.687	281.0271	1.391304	3.697586	0.793345	0.206655	2.890357
4236	-1801.228	-2081.311	280.083	1.236843	2.96925	0.834591	0.165409	3.706533
4242	-1803.189	-2083.263	280.0739	1.201992	3.073314	0.918759	0.0812412	3.706533
4248	-1818.344	-2097.564	279.2196	1.157952	2.441041	0.897253	0.102747	4.383796
4254	-1814.498	-2094.499	280.0011	1.272028	2.678538	0.819383	0.180617	3.808346
4260	-1808.062	-2087.88	279.8184	1.148765	2.512619	0.949275	0.0507247	4.029091
4266	-1803.907	-2084.33	280.4229	1.083805	2.244463	0.869009	0.130991	3.798473
4272	-1815.927	-2096.138	280.2107	1.169504	2.252767	0.743939	0.256061	3.86865
4278	-1826.243	-2105.325	279.0821	1.05621	3.154298	0.728178	0.271822	4.337167
4284	-1811.572	-2092.005	280.4337	1.157649	3.645917	0.710551	0.289449	3.393482
4290	-1832.133	-2113.044	280.9114	1.110964	2.704335	0.636855	0.363145	3.365974
4296	-1834.413	-2113.741	279.3285	1.04863	2.692429	0.871116	0.128884	4.315601
4302	-1841.271	-2121.297	280.0262	0.874307	1.453706	0.740315	0.259685	4.427435
4308	-1825.392	-2105.53	280.1389	1.160966	3.177298	0.779577	0.220423	3.667963
4314	-1826.363	-2107.644	281.2807	1.279804	1.803245	0.945107	0.0548934	3.335066
4320	-1823.404	-2103.692	280.2879	1.37084	3.62618	0.838021	0.161979	3.358129
4326	-1828.032	-2108.09	280.0571	1.391579	4.240712	0.914905	0.0850948	3.358129
4332	-1829.939	-2109.858	279.9192	1.117814	3.619005	0.969993	0.0300071	3.72167
4338	-1830.273	-2110.86	280.5874	1.071949	1.811613	0.73423	0.26577	3.855484
4344	-1821.35	-2099.891	278.5402	0.9820934	3.158561	0.71604	0.28396	4.682646
4350	-1822.829	-2102.77	279.941	1.194297	2.826669	0.589714	0.410286	3.848776
4356	-1814.024	-2094.131	280.1077	1.286175	3.890311	0.720326	0.279674	3.458511
4362	-1818.478	-2099.114	280.636	1.372543	2.832945	0.720326	0.279674	3.339854
4368	-1838.98	-2120.318	281.3379	1.516179	3.065517	0.937981	0.0620192	2.774196
4374	-1834.416	-2114.221	279.805	1.122114	2.540978	0.955818	0.0441821	4.044012
4380	-1822.508	-2102.577	280.0689	1.237568	3.232684	0.775848	0.224152	3.651197
4386	-1824.933	-2104.079	279.1459	1.129899	2.504678	0.792691	0.207309	4.423368
4392	-1813.569	-2093.017	279.4481	1.044965	3.921194	0.850545	0.149455	3.972925
4398	-1805.493	-2085.005	279.5123	1.27292	3.858771	0.918525	0.0814755	3.817663
4404	-1832.148	-2113.087	280.939	1.340874	3.948073	0.92334	0.0766597	2.921185
4410	-1812.434	-2090.006	277.5717	1.072014	2.972942	0.892464	0.107536	5.21447
4416	-1812.078	-2091.953	279.8755	1.286061	3.547286	0.78757	0.21243	3.664917
4422	-1817.52	-2097.687	280.1666	1.226561	3.495428	0.903198	0.0968019	3.541726
4428	-1820.726	-2100.997	280.2705	1.336107	3.41213	0.705683	0.294317	3.435572
4434	-1823.277	-2103.384	280.1068	1.336107	3.861698	0.783549	0.216451	3.435572
4440	-1824.767	-2106.499	281.7322	1.321781	2.718276	0.821012	0.178988	2.745003
4446	-1813.611	-2095.449	281.8383	1.525171	2.445558	0.841798	0.158202	2.635221
4452	-1825.022	-2105.059	280.0368	1.162291	2.894371	0.819874	0.180126	3.794927
4458	-1820.145	-2100.898	280.7531	1.510481	2.894371	0.724561	0.275439	3.173179
4464	-1801.534	-2083.724	282.1903	1.462156	2.9005	0.79735	0.20265	2.32105
4470	-1814.168	-2095.362	281.1938	1.319259	2.88155	0.773416	0.226584	3.027805
4476	-1821.72	-2102.163	280.4425	1.431033	3.568925	0.856716	0.143284	3.243926
4482	-1816.953	-2097.663	280.7106	1.396917	2.295574	0.888278	0.111722	3.434076
4488	-1815.31	-2095.991	280.6814	1.18871	2.864244	0.76788	0.23212	3.41297
4494	-1806.874	-2087.364	280.4908	1.18871	2.88174	0.836143	0.163857	3.519827
4500	-1808.972	-2089.575	280.6034	1.163725	3.343411	0.746833	0.253167	3.357024
4506	-1801.483	-2081.312	279.8297	1.259417	2.820021	0.787042	0.212958	3.877004
4512	-1798.418	-2077.833	279.4148	1.129921	3.126533	0.774588	0.225412	4.113131
4518	-1813.122	-2092.073	278.951	1.213987	2.67541	0.774363	0.225637	4.439853
4524	-1792.5	-2073.021	280.5217	1.238621	2.67541	0.803246	0.196754	3.527079
4530	-1799.036	-2078.893	279.8569	1.170478	2.857348	0.837761	0.162239	3.902948
4536	-1811.884	-2091.387	279.5036	1.233951	3.576861	0.827012	0.172988	3.902948
4542	-1835.755	-2115.459	279.7042	0.9493215	1.876261	0.933336	0.0666638	4.404819
4548	-1818.995	-2099.624	280.6284	1.175722	2.154505	0.847045	0.152955	3.655004
4554	-1823.625	-2104.29	280.6652	1.152173	2.47527	0.834373	0.165627	3.549852
4560	-1830.821	-2111.39	280.5683	1.226584	3.382846	0.821984	0.178016	3.331689
4566	-1828.411	-2109.718	281.3071	1.312266	3.279151	0.782377	0.217623	2.864097
4572	-1838.199	-2119.264	281.0643	1.275229	2.725308	0.693531	0.306469	3.173088
4578	-1820.671	-2101.235	280.5641	1.206035	2.723271	0.69818	0.30182	3.50845
4584	-1836.532	-2117.363	280.832	1.254994	4.337283	0.774979	0.225021	2.960647
4590	-1822.035	-2102.445	280.4101	1.444049	3.233092	0.69938	0.30062	3.331441
4596	-1816.427	-2096.482	280.0541	1.322798	4.618774	0.672035	0.327965	3.331441
4602	-1826.18	-2107.023	280.8432	1.149974	2.65824	0.834149	0.165851	3.395717
4608	-1820.822	-2102.122	281.3009	1.614793	4.675018	0.844877	0.155123	2.387009
4614	-1830.119	-2111.26	281.1408	1.561319	3.40825	0.824403	0.175597	2.783301
4620	-1828.426	-2109.585	281.1595	1.511735	4.459521	0.781069	0.218931	2.58083
4626	-1824.347	-2105.308	280.9609	1.404051	3.90187	0.850876	0.149124	2.879336
4632	-1838.116	-2119.048	280.9322	1.357798	3.048169	0.876324	0.123676	3.118365
4638	-1828.454	-2110.373	281.9188	1.678177	3.171249	0.797008	0.202992	2.283689
4644	-1808.672	-2089.634	280.9624	1.318664	3.907426	0.870197	0.129803	2.928835
4650	-1820.098	-2101.158	281.0605	1.446611	3.907426	0.851923	0.148077	2.791892
4656	-1820.665	-2101.97	281.3053	1.361424	3.907426	0.827669	0.172331	2.694243
4662	-1824.634	-2106.824	282.19	1.642796	2.361291	0.890817	0.109183	2.368577
4668	-1823.555	-2105.021	281.4662	1.453329	3.866122	0.815233	0.184767	2.546856
4674	-1822.685	-2103.609	280.9239	1.332979	4.113607	0.848444	0.151556	2.901648
4680	-1822.384	-2104.084	281.6998	1.356821	2.338389	0.915651	0.0843487	2.8562
4686	-1824.364	-2104.934	280.57	1.356821	3.317457	0.807033	0.192967	3.268938
4692	-1826.018	-2107.284	281.2656	1.265366	2.916335	0.807033	0.192967	3.007987
4698	-1832.296	-2111.611	279.3147	0.9986543	3.453192	0.723972	0.276028	4.171399
4704	-1832.436	-2112.108	279.672	0.9978724	1.838287	0.817034	0.182966	4.408886
4710	-1840.138	-2119.403	279.2654	0.9767519	1.97054	0.667108	0.332892	4.604106
4716	-1826.586	-2106.069	279.4826	1.142514	2.912239	0.875353	0.124647	4.118942
4722	-1826.469	-2109.72	283.2507	1.857634	2.756895	0.844286	0.155714	1.356607
4728	-1817.758	-2101.184	283.4259	1.857634	2.633231	0.741758	0.258242	1.261144
4734	-1828.395	-2111.473	283.0783	1.712668	2.633231	0.651829	0.348171	1.638253
4740	-1836.953	-2118.321	281.3679	1.381656	5.226081	0.875652	0.124348	2.393415
4746	-1843.913	-2125.605	281.6923	1.190324	2.336874	0.91958	0.08042	2.961757
4752	-1839.927	-2120.993	281.0668	1.349968	2.5504	0.90037	0.0996299	3.176108
4758	-1823.453	-2104.021	280.5677	1.323924	3.837909	0.880829	0.119171	3.176108
4764	-1825.803	-2106.899	281.0953	1.171054	2.750386	0.905513	0.0944874	3.209641
4770	-1831.902	-2111.981	280.0783	1.229163	6.143789	0.78971	0.21029	3.133154
4776	-1829.071	-2109.781	280.7093	1.521247	3.331864	0.703732	0.296268	3.085353
4782	-1822.561	-2103.245	280.6845	1.32929	4.424836	0.876925	0.123075	2.988157
4788	-1826.774	-2108.916	282.1418	1.343538	3.2512	0.898018	0.101982	2.334385
4794	-1818.485	-2099.267	280.7828	1.355382	2.8335	0.851082	0.148918	3.263309
4800	-1828.623	-2109.04	280.4168	1.273945	3.525433	0.736139	0.263861	3.361109
4806	-1823.549	-2104.938	281.3888	1.386989	3.339735	0.853165	0.146835	2.754511
4812	-1841.933	-2123.57	281.6361	1.290566	2.203321	0.866871	0.133129	2.97787
4818	-1853.035	-2133.841	280.8056	1.263141	2.985633	0.834932	0.165068	3.265189
4824	-1817.227	-2099.695	282.4689	1.559475	3.856439	0.922403	0.0775966	1.828386
4830	-1840.281	-2121.195	280.9147	1.040947	2.049957	0.796209	0.203791	3.601281
4836	-1859.814	-2140.351	280.5363	1.144935	2.582755	0.862816	0.137184	3.598541
4842	-1824.959	-2104.87	279.9118	1.119936	2.999666	0.864612	0.135388	3.865071
4848	-1831.268	-2110.585	279.3176	1.254621	3.703127	0.832115	0.167885	3.971344
4854	-1828.648	-2109.72	281.0725	1.311901	3.213936	0.805198	0.194802	3.021298
4860	-1820.938	-2101.515	280.5771	1.330247	3.611931	0.874976	0.125024	3.214543
4866	-1830.449	-2111.031	280.5825	1.332052	3.602716	0.590544	0.409456	3.21232
4872	-1821.643	-2100.636	278.9934	1.189675	2.380585	0.796913	0.203087	4.510568
4878	-1825.378	-2104.744	279.3662	1.009877	2.026086	0.796913	0.203087	4.510568
4884	-1821.56	-2102.35	280.79	1.376494	3.532927	0.71361	0.28639	3.07782
4890	-1807.684	-2088.59	280.9059	1.260614	3.532927	0.883842	0.116158	3.07782
4896	-1812.065	-2092.944	280.8794	1.433274	3.512166	0.727535	0.272465	2.994977
4902	-1808.865	-2089.019	280.154	1.447936	4.116252	0.727535	0.272465	3.291715
4908	-1828.188	-2110.394	282.2057	1.352508	2.400123	0.92697	0.0730304	2.528642
4914	-1835.063	-2117.338	282.2746	1.322725	2.400123	0.891089	0.108911	2.504247
4920	-1832.831	-2113.689	280.858	1.546547	4.060917	0.90098	0.0990199	2.822726
4926	-1815.732	-2096.316	280.5835	1.385808	3.157679	0.93282	0.06718	3.281562
4932	-1827.94	-2109.534	281.5937	1.493532	3.504424	0.79943	0.20057	2.523484
4938	-1822.268	-2103.177	280.9087	1.353703	4.163954	0.964696	0.0353043	2.888316
4944	-1824.759	-2105.778	281.0184	1.322636	3.560436	0.869202	0.130798	2.96717
4950	-1826.856	-2107.827	280.9707	1.372074	3.461511	0.814932	0.185068	2.988334
4956	-1812.451	-2092.483	280.0315	1.265937	3.796371	0.911745	0.0882553	3.53381
4962	-1822.633	-2101.341	278.7081	1.016373	3.652623	0.886074	0.113926	4.462632
4968	-1819.273	-2100.162	280.8893	1.337479	2.668305	0.931036	0.0689642	3.255445
4974	-1836.134	-2117.079	280.9452	1.330591	2.459993	0.845481	0.154519	3.285784
4980	-1812.091	-2092.696	280.6056	1.482148	3.766289	0.911201	0.0887988	3.07431
4986	-1819.262	-2099.962	280.7003	1.350139	2.788106	0.802751	0.197249	3.327004
4992	-1824.217	-2103.515	279.2981	1.39892	2.912495	0.940309	0.0596913	4.077954
4998	-1819.926	-2100.953	281.0265	1.447877	3.09938	0.935216	0.0647843	2.995387
5004	-1815.192	-2094.043	278.8505	1.163795	2.30588	0.852263	0.147737	4.62704
5010	-1816.168	-2095.149	278.9817	1.256434	3.026445	0.852263	0.147737	4.310731
5016	-1802.615	-2081.489	278.8742	1.257823	3.026445	0.844488	0.155512	4.370695
5022	-1814.423	-2092.989	278.5658	1.304803	3.026445	0.776704	0.223296	4.517989
5028	-1822.105	-2101.093	278.9884	1.356912	2.609598	0.793247	0.206753	4.355554
5034	-1820.727	-2101.578	280.8505	1.360662	2.75221	0.852489	0.147511	3.241851
5040	-1824.4	-2104.744	280.3442	1.284605	3.006047	0.9121	0.0878999	3.518143
5046	-1828.57	-2108.659	280.0885	1.168364	3.274958	0.847058	0.152942	3.670157
5052	-1830.921	-2111.92	280.9993	1.286056	2.370998	0.918793	0.0812072	3.306672
5058	-1822.43	-2102.915	280.4843	1.380589	3.31216	0.885928	0.114072	3.306672
5064	-1825.248	-2105.189	279.9412	1.302634	3.251221	0.926254	0.0737463	3.683146
5070	-1835.479	-2116.68	281.2004	1.314648	3.000585	0.926254	0.0737463	2.995792
5076	-1825.879	-2105.727	279.8476	1.183941	2.610422	0.847112	0.152888	3.965343
5082	-1835.805	-2116.608	280.8027	1.126649	3.094223	0.784445	0.215555	3.320474
5088	-1818.438	-2099.727	281.2884	1.312163	3.530723	0.865274	0.134726	2.816912
5094	-1822.631	-2105.429	282.7979	1.382426	2.235815	0.92965	0.0703504	2.188195
5100	-1810.274	-2092.454	282.18	1.563005	2.70167	0.962191	0.0378092	2.320265
5106	-1824.425	-2107.373	282.9485	1.563005	2.111992	0.834377	0.165623	2.01555
5112	-1822.838	-2104.372	281.5338	1.304758	2.77705	0.854716	0.145284	2.859789
5118	-1805.644	-2086.893	281.2491	1.49613	2.627956	0.917891	0.0821095	2.957741
5124	-1819.917	-2100.505	280.5887	1.358762	3.978016	0.917891	0.0821095	3.114342
5130	-1831.897	-2112.897	280.9995	1.014232	1.406101	0.892336	0.107664	3.814462
5136	-1830.123	-2110.387	280.2637	1.131131	2.247669	0.907224	0.092776	3.861816
5142	-1826.65	-2108.412	281.7624	1.602804	4.218385	0.886993	0.113007	2.189659
5148	-1839.342	-2120.237	280.8946	1.609542	4.218385	0.711551	0.288449	2.730543
5154	-1831.401	-2112.366	280.9649	1.489179	4.695965	0.886171	0.113829	2.670926
5160	-1820.85	-2100.68	279.8297	1.300214	4.16198	0.851949	0.148051	3.559359
5166	-1822.287	-2103.044	280.757	1.334775	3.748461	0.851949	0.148051	3.075655
5172	-1819.858	-2099.258	279.4	1.313038	3.700296	0.818053	0.181947	3.89122
5178	-1810.938	-2091.604	280.666	1.235346	3.632466	0.933238	0.0667616	3.213671
5184	-1825.775	-2106.709	280.9342	1.067986	2.675784	0.888713	0.111287	3.385623
5190	-1807.706	-2087.899	280.1931	1.027718	2.502842	0.913695	0.086305	3.886648
5196	-1817.523	-2096.937	279.4149	1.048181	1.82504	0.923845	0.0761548	4.530015
5202	-1831.74	-2110.813	279.0723	1.100836	3.278503	0.835344	0.164656	4.289294
5208	-1828.514	-2108.783	280.2691	1.158351	2.769464	0.835344	0.164656	3.695208
5214	-1821.673	-2103.164	281.4911	1.202255	1.567922	0.870929	0.129071	3.349838
5220	-1834.833	-2116.116	281.2829	1.322956	2.918666	0.7798	0.2202	2.962393
5226	-1820.004	-2102.559	282.5548	1.440095	2.802444	0.891384	0.108616	2.128147
5232	-1829.854	-2110.132	280.2785	1.39651	3.039925	0.814644	0.185356	3.482817
5238	-1835.85	-2116.163	280.3127	1.172587	3.63898	0.860891	0.139109	3.457043
5244	-1833.668	-2115.625	281.9568	1.698429	3.884106	0.797815	0.202185	2.072955
5250	-1807.62	-2089.367	281.7469	1.459066	3.860116	0.797815	0.202185	2.368352
5256	-1817.938	-2098.573	280.6349	1.378591	2.70117	0.862984	0.137016	3.37204
5262	-1822.442	-2102.529	280.0873	1.4063	4.532018	0.825836	0.174164	3.278144
5268	-1821.573	-2102.491	280.9181	1.488285	4.147801	0.834439	0.165561	2.804193
5274	-1832.218	-2114.492	282.2741	1.68007	2.560593	0.702639	0.297361	2.227625
5280	-1827.14	-2108.349	281.2086	1.536137	3.213483	0.831469	0.168531	2.80391
5286	-1818.741	-2098.655	279.9133	1.350778	3.436473	0.900459	0.099541	3.629689
5292	-1830.423	-2110.819	280.3964	1.270686	3.436473	0.839867	0.160133	3.3947
5298	-1836.462	-2117.976	281.5139	1.233635	3.468573	0.727469	0.272531	2.741544
5304	-1838.689	-2120.177	281.4879	1.34489	1.845945	0.877431	0.122569	3.158236
5310	-1828.759	-2110.25	281.4902	1.224488	2.571299	0.746798	0.253202	2.992311
5316	-1831.076	-2112.282	281.2068	1.453137	2.687322	0.913881	0.0861189	2.992311
5322	-1825.16	-2105.605	280.445	1.290878	2.807681	0.875354	0.124646	3.506099
5328	-1827.386	-2109.532	282.1454	1.418925	1.972443	0.984263	0.0157366	2.670018
5334	-1828.69	-2111.164	282.4744	1.485532	2.172771	0.89017	0.10983	2.351529
5340	-1837.117	-2117.672	280.5544	1.337167	1.856824	0.906854	0.093146	3.705333
5346	-1833.099	-2114.593	281.4948	1.235697	1.574555	0.99457	0.00542992	3.325276
5352	-1826.236	-2107.586	281.3497	1.360036	2.552055	0.696381	0.303619	3.000844
5358	-1819.889	-2100.695	280.8056	1.219819	2.396971	0.848715	0.151285	3.451407
5364	-1817.454	-2097.742	280.2889	1.363175	2.176061	0.837823	0.162177	3.736049
5370	-1828.091	-2109.199	281.1081	1.326029	2.323464	0.785313	0.214687	3.23334
5376	-1820.664	-2101.145	280.4813	1.206252	2.092735	0.914714	0.0852865	3.742385
5382	-1817.748	-2098.226	280.4782	1.24552	1.247809	0.870487	0.129513	4.053788
5388	-1811.263	-2091.792	280.5291	1.377874	2.038359	0.865976	0.134024	3.633453
5394	-1801.636	-2083.635	281.9991	1.441376	3.01227	0.898916	0.101084	2.42493
5400	-1822.76	-2104.901	282.1408	1.569548	3.550164	0.886733	0.113267	2.115177
5406	-1832.249	-2113.478	281.2297	1.457592	2.739179	0.834054	0.165946	2.961518
5412	-1826.765	-2108.829	282.0631	1.665357	3.666674	0.834054	0.165946	2.075247
5418	-1826.556	-2108.03	281.4741	1.383478	3.666674	0.859351	0.140649	2.628944
5424	-1835.082	-2116.422	281.3402	1.535145	3.694114	0.837307	0.162693	2.611834
5430	-1829.877	-2111.283	281.4056	1.419654	2.445711	0.962371	0.0376294	2.962875
5436	-1834.95	-2117.391	282.4409	1.486879	2.1108	0.979378	0.0206223	2.39372
5442	-1819.556	-2100.535	280.9786	1.42785	3.806251	0.780968	0.219032	2.874304
5448	-1836.323	-2117.742	281.4189	1.389257	2.833856	0.90655	0.0934502	2.862808
5454	-1820.142	-2101.953	281.8117	1.424557	2.833856	0.965248	0.0347517	2.600761
5460	-1835.005	-2117.313	282.3077	1.322176	2.088388	0.947814	0.0521856	2.588011
5466	-1819.855	-2101.514	281.659	1.276511	1.886337	0.808165	0.191835	3.082142
5472	-1817.698	-2097.744	280.0465	1.167125	2.538291	0.848288	0.151712	3.880845
5478	-1823.805	-2103.477	279.6728	1.19478	4.305658	0.890469	0.109531	3.684724
5484	-1816.583	-2098.011	281.4286	1.358187	3.357347	0.890469	0.109531	2.743577
5490	-1817.959	-2097.44	279.4807	1.34774	3.124566	0.686675	0.313325	3.951698
5496	-1815.656	-2096.053	280.397	1.396514	4.027623	0.917978	0.0820215	3.195895
5502	-1801.634	-2084.857	283.2237	1.629982	2.066531	0.784776	0.215224	1.801104
5508	-1800.636	-2082.284	281.6481	1.406729	2.833022	0.854782	0.145218	2.712713
5514	-1830.592	-2110.798	280.2055	1.465455	3.44248	0.741881	0.258119	3.39109
5520	-1815.428	-2096.652	281.2242	1.337486	3.426343	0.806278	0.193722	2.864395
5526	-1811.816	-2092.691	280.8751	1.335048	2.584367	0.876223	0.123777	3.288659
5532	-1831.337	-2110.949	279.6122	1.143059	3.128496	0.845949	0.154051	3.992628
5538	-1826.678	-2106.357	279.6793	1.258067	3.845022	0.904594	0.0954057	3.732758
5544	-1826.795	-2108.516	281.7214	1.586085	3.094677	0.904594	0.0954057	2.486712
5550	-1840.187	-2120.223	280.036	1.236561	3.887503	0.894899	0.105101	3.529812
5556	-1828.68	-2107.602	278.9225	1.099704	3.800997	0.922869	0.077131	4.264616
5562	-1819.312	-2098.492	279.18	1.118692	3.418867	0.780971	0.219029	4.187145
5568	-1832.845	-2112.926	280.0809	1.25942	3.870987	0.83511	0.16489	3.493641
5574	-1830.857	-2114.64	283.7833	1.864725	2.223509	0.95464	0.0453604	1.125004
5580	-1823.265	-2103.942	280.6766	1.26017	2.800586	0.913082	0.0869181	3.390503
5586	-1829.233	-2109.549	280.3157	1.401099	2.276916	0.879645	0.120355	3.667158
5592	-1819.728	-2099.014	279.2863	1.087105	2.430159	0.879645	0.120355	4.38921
5598	-1818.309	-2097.913	279.6039	1.383342	3.572532	0.845863	0.154137	3.760234
5604	-1818.913	-2100.227	281.3144	1.562012	4.630418	0.800439	0.199561	2.420156
5610	-1826.799	-2109.294	282.4943	1.476339	3.349181	0.947474	0.0525256	1.993551
5616	-1836.213	-2117.429	281.2157	1.474191	2.776894	0.948576	0.0514238	2.949643
5622	-1830.355	-2111.069	280.7141	1.342074	3.897053	0.888406	0.111594	3.06593
5628	-1828.917	-2111.08	282.1635	1.556314	3.205286	0.859479	0.140521	2.195773
5634	-1817.027	-2099.179	282.1525	1.471083	3.059019	0.841489	0.158511	2.296251
5640	-1807.934	-2089.616	281.6823	1.485371	3.160455	0.887158	0.112842	2.557047
5646	-1813.448	-2093.745	280.2962	1.27988	3.160455	0.887158	0.112842	3.511448
5652	-1829.285	-2109.383	280.0984	1.332264	3.023534	0.819369	0.180631	3.629033
5658	-1827.286	-2107.913	280.6272	1.148565	3.311045	0.710418	0.289582	3.35937
5664	-1826.935	-2108.295	281.3599	1.399315	4.395689	0.774237	0.225763	2.538431
5670	-1823.011	-2102.648	279.6372	1.115257	3.809377	0.732316	0.267684	3.846391
5676	-1827.099	-2107.278	280.1793	1.254158	2.225793	0.8317	0.1683	3.846391
5682	-1823.848	-2102.145	278.2965	1.093034	3.671369	0.807825	0.192175	4.646922
5688	-1828.162	-2108.672	280.5102	1.262743	3.762087	0.933649	0.0663512	3.262091
5694	-1833.56	-2113.088	279.5279	1.262743	4.172983	0.755206	0.244794	3.753767
5700	-1821.584	-2102.199	280.6143	1.245955	4.172983	0.817613	0.182387	3.127727
5706	-1817.577	-2097.853	280.2764	1.290306	3.026059	0.854174	0.145826	3.549365
5712	-1822.561	-2103.033	280.472	1.290257	4.379909	0.85913	0.14087	3.146824
5718	-1826.189	-2107.557	281.3678	1.264792	2.258832	0.764024	0.235976	3.135804
5724	-1828.563	-2110.264	281.7011	1.431117	2.974	0.874978	0.125022	2.627237
5730	-1816.946	-2095.734	278.7878	1.224343	3.51458	0.813677	0.186323	4.328979
5736	-1823.867	-2103.036	279.1693	1.104482	3.106933	0.751547	0.248453	4.27153
5742	-1825.787	-2105.734	279.9466	1.167675	2.267097	0.84433	0.15567	4.016533
5748	-1814.122	-2093.449	279.3271	1.167675	2.827059	0.837894	0.162106	4.214342
5754	-1820.17	-2098.42	278.2505	1.058438	3.683172	0.729067	0.270933	4.689684
5760	-1823.617	-2105.035	281.4182	1.324145	4.93659	0.788622	0.211378	2.44847
5766	-1826.826	-2108.728	281.9015	1.66847	4.05399	0.87837	0.12163	2.091166
5772	-1822.76	-2103.828	281.0682	1.60967	3.470637	0.924587	0.0754128	2.783571
5778	-1826.972	-2106.975	280.0027	1.316115	4.866664	0.924587	0.0754128	3.322877
5784	-1831.157	-2110.873	279.7165	1.543136	4.642566	0.814371	0.185629	3.396129
5790	-1821.599	-2102.264	280.6652	1.47791	4.420682	0.916267	0.0837332	2.911116
5796	-1823.645	-2105.441	281.7959	1.601576	4.18827	0.882519	0.117481	2.175026
5802	-1836.811	-2117.998	281.1869	1.481135	3.274709	0.92609	0.0739096	2.835632
5808	-1824.115	-2106.066	281.9514	1.38752	2.083547	0.858875	0.141125	2.768582
5814	-1818.458	-2099.965	281.5061	1.261059	2.983779	0.846894	0.153106	2.848023
5820	-1841.328	-2124.184	282.8566	1.479647	1.864608	0.803283	0.196717	2.225707
5826	-1847.586	-2129.848	282.2628	1.421314	2.470145	0.740807	0.259193	2.427807
5832	-1846.17	-2128.79	282.6196	1.436329	2.726056	0.745513	0.254487	2.110892
5838	-1837.023	-2115.893	278.8707	1.046084	3.681301	0.647536	0.352464	4.348335
5844	-1822.231	-2103.043	280.8117	1.114574	2.064667	0.743064	0.256936	3.613439
5850	-1816.684	-2095.692	279.0074	1.204501	2.667129	0.725092	0.274908	4.415564
5856	-1825.632	-2105.288	279.6557	1.215784	2.267915	0.725092	0.274908	4.154632
5862	-1820.076	-2099.686	279.6106	1.153662	3.67327	0.826227	0.173773	3.867391
5868	-1812.129	-2091.368	279.2391	1.153662	3.928225	0.707267	0.292733	4.028893
5874	-1826.904	-2109.286	282.3822	1.350279	2.83195	0.767454	0.232546	2.289283
5880	-1843.528	-2124.699	281.1704	1.213253	3.07448	0.960854	0.0391456	3.05592
5886	-1846.547	-2127.991	281.444	1.115896	2.674047	0.951707	0.0482928	3.05592
5892	-1843.387	-2124.314	280.9274	1.366161	3.567184	0.914418	0.0855817	2.994182
5898	-1844.417	-2126.048	281.6308	1.442914	4.35181	0.846058	0.153942	2.349372
5904	-1828.854	-2111.228	282.3742	1.561761	2.675822	0.937353	0.0626472	2.20408
5910	-1822.435	-2103.246	280.8102	1.356199	4.228528	0.860279	0.139721	2.93365
5916	-1832.648	-2114.474	281.8258	1.411667	3.2449	0.898235	0.101765	2.492307
5922	-1828.167	-2106.201	278.0334	0.9567035	3.482702	0.92162	0.0783804	4.908867
5928	-1825.386	-2101.766	276.3809	0.9100967	2.354941	0.920903	0.0790971	6.115383
5934	-1814.654	-2093.15	278.4966	0.9657264	2.580802	0.855388	0.144612	4.858582
5940	-1819.224	-2097.589	278.3652	1.179394	2.588916	0.829918	0.170082	4.810515
5946	-1816.784	-2097.376	280.5923	1.331065	3.215449	0.757935	0.242065	3.294844
5952	-1828.683	-2109.533	280.8499	1.331065	3.429309	0.901301	0.0986992	3.092512
5958	-1822.319	-2102.054	279.7346	1.318816	4.663316	0.913741	0.0862591	3.513118
5964	-1833.166	-2114.228	281.0615	1.474764	4.728671	0.808702	0.191298	2.614282
5970	-1818.409	-2098.859	280.4492	1.277437	3.920754	0.82268	0.17732	3.256819
5976	-1824.48	-2106.101	281.6215	1.370764	2.724881	0.829174	0.170826	2.780804
5982	-1827.281	-2107.769	280.4877	1.279057	3.748237	0.868005	0.131995	3.268636
5988	-1824.915	-2104.535	279.6201	1.237379	4.568946	0.751758	0.248242	3.643421
5994	-1811.514	-2091.73	280.2162	1.219003	3.320206	0.759718	0.240282	3.55637
6000	-1812.207	-2094.118	281.9111	1.438873	3.674511	0.832552	0.167448	2.318504
6006	-1831.634	-2113.329	281.6953	1.360285	4.420221	0.847077	0.152923	2.347279
6012	-1831.754	-2113.816	282.0624	1.515818	4.420221	0.847077	0.152923	2.007858
6018	-1835.741	-2117.891	282.1499	1.592522	4.301362	0.866803	0.133197	1.922773
6024	-1830.532	-2111.679	281.1465	1.518853	3.722253	0.910005	0.0899946	2.734828
6030	-1860.976	-2139.996	279.0204	1.189089	3.05613	0.876227	0.123773	4.31992
6036	-1867.007	-2148.371	281.364	1.189089	1.866461	0.896069	0.103931	3.316069
6042	-1830.066	-2111.466	281.3999	1.372045	2.673918	0.793376	0.206624	2.92868
6048	-1827.784	-2106.592	278.8083	1.290258	4.524286	0.766498	0.233502	4.087129
6054	-1824.164	-2104.149	279.9848	1.171639	2.054345	0.807749	0.192251	4.059563
6060	-1818.588	-2098.586	279.9974	1.095442	3.537993	0.681828	0.318172	3.706676
6066	-1828.981	-2109.411	280.4305	1.25422	3.537993	0.86485	0.13515	3.361937
6072	-1810.044	-2090.438	280.3943	1.292292	3.071823	0.893985	0.106015	3.46829
6078	-1815.004	-2095.751	280.7462	1.318884	2.257975	0.958636	0.0413641	3.47054
6084	-1815.336	-2093.601	278.2644	1.142091	2.985002	0.807033	0.192967	4.78783
6090	-1824.602	-2102.516	277.914	1.054882	2.188763	0.796265	0.203735	5.243622
6096	-1816.176	-2098.095	281.9199	1.437783	2.077776	0.800884	0.199116	2.759167
6102	-1836.76	-2116.53	279.7701	1.362636	3.2055	0.659261	0.340739	3.757922
6108	-1812.036	-2092.576	280.5404	1.473996	3.626639	0.89757	0.10243	3.147868
6114	-1800.568	-2082.011	281.4434	1.629641	3.626639	0.903842	0.0961581	2.504138
6120	-1805.671	-2087.138	281.4672	1.397517	3.618228	0.80846	0.19154	2.635385
6126	-1795.026	-2075.216	280.1901	1.391273	3.425265	0.925184	0.074816	3.447388
6132	-1815.747	-2094.434	278.6871	1.334485	3.916998	0.905846	0.0941544	4.242165
6138	-1815.275	-2095.382	280.1069	1.105836	2.654815	0.863234	0.136766	3.849443
6144	-1793.492	-2073.29	279.7977	1.304326	4.032602	0.906668	0.093332	3.600358
6150	-1803.478	-2083.396	279.919	1.181518	2.860645	0.897713	0.102287	3.860143
6156	-1816.184	-2096.077	279.8929	1.365751	3.396066	0.951695	0.0483052	3.641774
6162	-1804.652	-2083.878	279.2261	1.178802	3.013529	0.867463	0.132537	4.219381
6168	-1802.516	-2082.364	279.8479	1.101471	2.382287	0.93538	0.0646196	4.076373
6174	-1812.804	-2091.912	279.108	1.199955	3.932604	0.859873	0.140127	4.076373
6180	-1815.163	-2095.796	280.6324	1.317446	3.338695	0.89379	0.10621	3.25046
6186	-1819.39	-2099.432	280.0418	1.266183	5.761496	0.850018	0.149982	3.188043
6192	-1832.535	-2115.017	282.4819	1.663172	4.145069	0.889739	0.110261	1.678753
6198	-1827.523	-2109.197	281.6743	1.437382	4.145069	0.769972	0.230028	2.367285
6204	-1821.604	-2103.081	281.477	1.620495	4.72942	0.769972	0.230028	2.260977
6210	-1819.752	-2098.967	279.215	1.33841	3.6096	0.74264	0.25736	4.001465
6216	-1823.856	-2104.396	280.5397	1.127622	3.072387	0.768197	0.231803	3.479414
6222	-1816.439	-2096.909	280.4703	1.451143	2.509362	0.927326	0.0726738	3.479414
6228	-1812.196	-2092.358	280.1621	1.347406	2.439877	0.918062	0.081938	3.738482
6234	-1805.435	-2086.86	281.4247	1.24208	2.033628	0.923514	0.0764865	3.189811
6240	-1807.483	-2088.913	281.4299	1.208736	2.082588	0.907432	0.0925676	3.189811
6246	-1834.025	-2113.864	279.8395	1.359728	2.941275	0.815765	0.184235	3.783084
6252	-1823.205	-2103.118	279.9134	1.22076	3.095174	0.789181	0.210819	3.783084
6258	-1818.854	-2098.245	279.3916	1.161206	2.797963	0.913565	0.086435	4.188808
6264	-1823.917	-2104.01	280.0926	1.072682	1.674458	0.808397	0.191603	4.188808
6270	-1820.565	-2101.569	281.0036	1.062128	1.939213	0.82475	0.17525	3.575211
6276	-1834.117	-2114.839	280.7227	1.343032	1.939213	0.940207	0.0597932	3.575211
6282	-1843.008	-2122.618	279.6105	1.309481	3.494445	0.756189	0.243811	3.815756
6288	-1835.136	-2115.681	280.5447	1.095325	3.494445	0.870769	0.129231	3.397707
6294	-1833.903	-2114.079	280.1758	1.062194	3.494445	0.900023	0.0999773	3.632048
6300	-1821.008	-2100.963	279.9545	1.158165	3.210018	0.884872	0.115128	3.768472
6306	-1819.785	-2099.415	279.6303	1.342209	3.573941	0.927142	0.0728578	3.768472
6312	-1820.076	-2100.101	280.025	1.095944	3.046685	0.785722	0.214278	3.802331
6318	-1813.807	-2093.942	280.1356	1.075546	2.837859	0.863235	0.136765	3.802331
6324	-1823.017	-2102.202	279.1853	1.110858	3.166994	0.974753	0.0252469	4.244937
6330	-1815.526	-2095.032	279.5069	1.19599	2.257614	0.918941	0.0810587	4.253395
6336	-1814.934	-2094.302	279.3679	1.163838	3.141234	0.882451	0.117549	4.117127
6342	-1837.179	-2118.327	281.148	1.363106	2.443524	0.849456	0.150544	3.151366
6348	-1840.344	-2120.687	280.3425	1.515458	4.0593	0.658774	0.341226	3.151366
6354	-1830.394	-2111.614	281.2199	1.564531	3.645345	0.95392	0.0460799	2.678769
6360	-1807.438	-2089.3	281.8619	1.438765	2.793284	0.932456	0.0675442	2.572044
6366	-1811.319	-2092.862	281.5423	1.70729	3.082281	0.919383	0.0806174	2.526122
6372	-1811.966	-2092.947	280.9812	1.216201	2.148352	0.905804	0.0941957	3.427996
6378	-1817.986	-2098.604	280.618	1.243046	2.826779	0.643066	0.356934	3.427996
6384	-1820.581	-2100.37	279.7883	0.9627369	2.826779	0.684711	0.315289	4.06869
6390	-1806.449	-2088.167	281.7176	1.345136	2.311012	0.769291	0.230709	2.86113
6396	-1806.126	-2085.386	279.26	1.106748	1.923828	0.93816	0.0618395	4.549858
6402	-1822.683	-2102.711	280.0281	1.102134	1.923828	0.948065	0.0519346	4.118274
6408	-1812.02	-2091.989	279.9686	1.252867	3.05042	0.884902	0.115098	3.743473
6414	-1806.466	-2085.659	279.1926	1.105161	3.525008	0.956375	0.043625	4.16489
6420	-1831.972	-2111.122	279.15	1.004356	2.180282	0.901828	0.0981716	4.586256
6426	-1819.323	-2100.217	280.8942	1.201766	2.526278	0.848344	0.151656	3.37239
6432	-1808.507	-2088.904	280.3966	1.177683	2.532619	0.865133	0.134867	3.674582
6438	-1826.315	-2106.195	279.8796	1.047052	3.771158	0.836858	0.163142	3.753846
6444	-1825.562	-2105.197	279.6348	1.144617	3.011696	0.859156	0.140844	4.00665
6450	-1811.464	-2091.458	279.9939	1.166743	2.539142	0.881227	0.118773	3.910976
6456	-1829.124	-2110.562	281.4381	1.286562	2.895764	0.628797	0.371203	2.896803
6462	-1823.947	-2104.569	280.6222	1.334224	3.625476	0.7477	0.2523	3.182563
6468	-1822.354	-2101.216	278.8626	1.021316	3.197688	0.883772	0.116228	4.470725
6474	-1830.823	-2109.753	278.9302	1.376906	4.190256	0.863755	0.136245	4.027988
6480	-1836.844	-2116.466	279.6222	1.309329	4.708536	0.79185	0.20815	3.576266
6486	-1828.054	-2107.592	279.5378	1.33757	3.816545	0.855631	0.144369	3.774216
6492	-1823.575	-2103.163	279.5877	1.218971	4.0171	0.878137	0.121863	3.774216
6498	-1820.09	-2100.009	279.919	1.136604	2.787308	0.878137	0.121863	3.904665
6504	-1828.529	-2109.844	281.3149	1.482622	2.777984	0.9375	0.0624997	2.884413
6510	-1820.115	-2101.556	281.4407	1.381925	3.184025	0.885072	0.114928	2.763672
6516	-1825.168	-2106.488	281.3199	1.450421	3.377112	0.870402	0.129598	2.748988
6522	-1809.593	-2090.592	280.9996	1.407214	3.033815	0.866408	0.133592	3.052246
6528	-1816.822	-2098.531	281.7084	1.430832	2.980339	0.886745	0.113255	2.621241
6534	-1831.255	-2112.407	281.1523	1.46273	3.798229	0.951542	0.0484581	2.749139
6540	-1848.855	-2130.868	282.0129	1.367805	2.263957	0.691737	0.308263	2.682288
6546	-1833.86	-2114.614	280.7534	1.198323	2.379711	0.823245	0.176755	3.499577
6552	-1841.072	-2121.637	280.5646	1.281384	2.634426	0.737218	0.262782	3.488346
6558	-1819.762	-2099.97	280.2073	1.082846	2.89256	0.878718	0.121282	3.742869
6564	-1821.06	-2102.103	281.0431	1.311865	2.383574	0.900392	0.0996081	3.261796
6570	-1816.058	-2096.976	280.9185	1.327767	2.096557	0.742322	0.257678	3.416337
6576	-1813.946	-2095.362	281.4163	1.329865	2.096557	0.87337	0.12663	3.121199
6582	-1847.881	-2128.846	280.9653	1.244705	1.374239	0.885805	0.114195	3.715617
6588	-1834.18	-2114.642	280.4623	1.188577	2.385801	0.983092	0.0169079	3.672579
6594	-1825.273	-2106.157	280.8834	1.312975	2.887602	0.88937	0.11063	3.214808
6600	-1825.283	-2104.996	279.7124	1.312975	2.759987	0.887084	0.112916	3.929091
6606	-1832.585	-2112.471	279.8859	1.114568	4.488814	0.752271	0.247729	3.574545
6612	-1820.352	-2100.416	280.0643	1.209647	3.845291	0.905483	0.094517	3.537567
6618	-1839.123	-2119.458	280.3355	1.209647	3.513899	0.911062	0.0889384	3.449011
6624	-1827.128	-2107.827	280.6984	1.628511	4.055739	0.845337	0.154663	2.870876
6630	-1823.695	-2105.614	281.9191	1.501308	3.146392	0.826666	0.173334	2.40236
6636	-1812.689	-2094.867	282.1785	1.443051	2.127121	0.881372	0.118628	2.579676
6642	-1809.299	-2091.01	281.7106	1.570613	3.725475	0.852967	0.147033	2.350643
6648	-1795.453	-2077.384	281.9304	1.452947	3.44774	0.799695	0.200305	2.350643
6654	-1810.055	-2092.219	282.1636	1.575562	3.010194	0.799695	0.200305	2.235317
6660	-1830.57	-2112.319	281.7488	1.620853	3.525713	0.944684	0.0553164	2.340725
6666	-1824.588	-2106.226	281.6378	1.46798	3.652324	0.881143	0.118857	2.477834
6672	-1836.058	-2118.103	282.0454	1.423235	4.113043	0.821754	0.178246	2.144702
6678	-1841.162	-2123.09	281.9281	1.424431	2.295249	0.838817	0.161183	2.689458
6684	-1830.361	-2113.747	283.3868	1.622926	1.922397	0.908684	0.0913165	1.751475
6690	-1816.558	-2099.039	282.4813	1.617741	3.299541	0.714058	0.285942	1.920383
6696	-1807.322	-2088.882	281.5598	1.486111	3.940785	0.851134	0.148866	2.451808
6702	-1823.563	-2106.005	282.4427	1.603242	2.847019	0.872701	0.127299	2.081678
6708	-1825.424	-2105.722	280.2975	1.351238	4.437674	0.88082	0.11918	3.203526
6714	-1818.025	-2098.792	280.7667	1.317807	3.287536	0.875704	0.124296	3.1826
6720	-1823.14	-2104.901	281.7605	1.358104	2.939407	0.849044	0.150956	2.644812
6726	-1825.026	-2106.674	281.6483	1.454149	2.977159	0.889041	0.110959	2.644812
6732	-1832.862	-2113.68	280.8184	1.484537	4.213076	0.893093	0.106907	2.854135
6738	-1826.237	-2106.94	280.7031	1.244227	3.738783	0.872026	0.127974	3.163735
6744	-1824.553	-2105.557	281.0039	1.273156	2.756265	0.809177	0.190823	3.201704
6750	-1826.38	-2105.91	279.5293	1.495321	3.381291	0.844064	0.155936	3.780317
6756	-1815.151	-2094.865	279.7146	1.347638	3.381291	0.856051	0.143949	3.758631
6762	-1823.088	-2105.817	282.7293	1.257918	1.381195	0.861182	0.138818	2.656502
6768	-1819.075	-2099.989	280.9134	1.225466	2.800013	0.905602	0.0943979	3.271737
6774	-1822.506	-2103.932	281.4262	1.458233	2.824825	0.861471	0.138529	2.818923
6780	-1824.819	-2104.36	279.5411	1.239658	3.806202	0.92717	0.0728296	3.8308
6786	-1831.459	-2111.985	280.5262	1.329339	2.864832	0.84602	0.15398	3.421374
6792	-1828.843	-2109.731	280.8882	1.170073	2.112523	0.921617	0.0783828	3.520911
6798	-1828.322	-2108.728	280.4052	1.170073	2.020703	0.867925	0.132075	3.83086
6804	-1835.686	-2114.433	278.747	1.12978	3.96733	0.867925	0.132075	4.314476
6810	-1832.033	-2113.231	281.1985	1.302296	3.547833	0.925435	0.0745646	2.87357
6816	-1832.197	-2113.148	280.9513	1.328208	2.658538	0.934721	0.0652794	3.22697
6822	-1827.954	-2108.4	280.446	1.131921	3.528863	0.913242	0.086758	3.426518
6828	-1814.598	-2094.372	279.7738	1.299484	2.420862	0.881618	0.118382	3.994476
6834	-1814.571	-2093.891	279.3198	1.434254	3.123461	0.835803	0.164197	3.994476
6840	-1802.344	-2082.653	280.3092	1.314959	3.391755	0.871405	0.128595	3.429866
6846	-1801.2	-2081.894	280.6947	1.411004	3.760402	0.916248	0.0837519	3.06483
6852	-1813.462	-2095.614	282.1523	1.422787	2.193366	0.723876	0.276124	2.585803
6858	-1809.971	-2091.481	281.5109	1.29547	3.645054	0.92417	0.0758305	2.665333
6864	-1815.565	-2095.912	280.3469	1.145433	2.779611	0.92417	0.0758305	3.655001
6870	-1824.729	-2104.824	280.0945	1.20923	2.779611	0.777365	0.222635	3.76397
6876	-1831.701	-2111.893	280.1917	1.300739	2.573817	0.891567	0.108433	3.710394
6882	-1830.153	-2109.442	279.2892	1.175422	3.16406	0.811195	0.188805	4.149964
6888	-1832.435	-2113.528	281.0933	1.450946	2.992884	0.892162	0.107838	2.98028
6894	-1806.692	-2086.827	280.1355	1.087373	2.122467	0.872639	0.127361	3.999586
6900	-1817.22	-2096.182	278.9624	0.9980842	2.992515	0.725197	0.274803	4.475503
6906	-1826.762	-2106.904	280.1422	1.005	1.417055	0.763987	0.236013	4.303853
6912	-1813.66	-2091.521	277.8604	0.9770149	2.42218	0.834499	0.165501	5.248603
6918	-1827.437	-2106.68	279.2432	1.045051	2.274042	0.833272	0.166728	4.482619
6924	-1830.142	-2109.486	279.3437	1.248246	2.957734	0.888687	0.111313	4.126671
6930	-1848.4	-2128.924	280.5234	1.268113	2.406232	0.914147	0.0858534	3.585031
6936	-1833.689	-2114.964	281.2753	1.248025	2.550114	0.854601	0.145399	3.112846
6942	-1854.289	-2135.737	281.4484	1.376689	2.75329	0.830671	0.169329	2.874473
6948	-1856.067	-2139.308	283.2411	1.375403	1.461081	0.963965	0.0360346	2.221972
6954	-1851.721	-2133.968	282.2469	1.425234	3.22296	0.831384	0.168616	2.221972
6960	-1826.464	-2108.933	282.4693	1.542017	3.560773	0.841213	0.158787	1.91233
6966	-1818.871	-2100.452	281.581	1.655024	4.095114	0.841213	0.158787	2.29864
6972	-1829.99	-2112.215	282.2258	1.643228	4.095114	0.96115	0.0388504	1.88217
6978	-1809.832	-2091.188	281.3561	1.567805	3.864123	0.853708	0.146292	2.544528
6984	-1821.656	-2104.24	282.5844	1.567805	2.020755	0.866764	0.133236	2.283706
6990	-1806.737	-2088.723	281.9854	1.412061	3.706949	0.873784	0.126216	2.280741
6996	-1809.307	-2091.221	281.9146	1.88768	3.596071	0.87188	0.12812	2.043489
7002	-1812.625	-2094.734	282.1092	1.653595	4.418157	0.881216	0.118784	1.884115
7008	-1819.649	-2102.376	282.7272	1.831877	3.11956	0.847904	0.152096	1.650983
7014	-1820.434	-2102.26	281.8263	1.976849	3.753701	0.864805	0.135195	2.005132
7020	-1829.38	-2111.523	282.1424	1.714028	3.31062	0.965273	0.0347274	2.079268
7026	-1828.148	-2109.1	280.9518	1.352197	3.60748	0.878873	0.121127	2.979011
7032	-1817.392	-2097.626	280.2345	1.263626	2.603485	0.969069	0.0309312	3.698918
7038	-1823.226	-2102.507	279.2803	1.084261	2.603485	0.900221	0.0997789	4.346346
7044	-1838.479	-2119.056	280.5764	1.459982	2.817305	0.833729	0.166271	3.327561
7050	-1823.037	-2105.667	282.6303	1.443547	2.303207	0.801639	0.198361	2.2339
7056	-1841.606	-2123.73	282.1242	1.638087	2.96108	0.832558	0.167442	2.2339
7062	-1832.695	-2110.067	277.3719	1.215658	3.085611	0.829782	0.170218	5.219261
7068	-1819.465	-2100.31	280.8453	1.373178	2.992843	0.987491	0.0125087	3.174747
7074	-1837.878	-2119.253	281.3747	1.19681	2.645727	0.998192	0.00180801	3.056923
7080	-1827.056	-2107.919	280.863	1.323953	3.617321	0.706984	0.293016	3.04704
7086	-1826.507	-2106.254	279.7463	1.474334	2.833086	0.965108	0.0348916	3.798057
7092	-1821.909	-2102.785	280.8759	1.504861	2.199523	0.742964	0.257036	3.303817
7098	-1817.517	-2098.25	280.733	1.424636	3.627101	0.88963	0.11037	3.06242
7104	-1807.521	-2087.922	280.4005	1.362188	3.461788	0.885654	0.114346	3.332884
7110	-1823.806	-2103.762	279.9566	1.283274	4.371269	0.866507	0.133493	3.456226
7116	-1821.625	-2102.124	280.4991	1.365047	3.934336	0.776721	0.223279	3.172668
7122	-1812.612	-2093.178	280.5667	1.381105	4.653438	0.810803	0.189197	2.986127
7128	-1819.72	-2099.836	280.116	1.370457	3.046671	0.673749	0.326251	3.590975
7134	-1825.224	-2104.907	279.6831	1.21158	2.66047	0.7412	0.2588	4.030076
7140	-1817.002	-2096.614	279.6125	1.231838	2.769664	0.819141	0.180859	4.030076
7146	-1816.968	-2097.661	280.6929	1.212355	2.206292	0.893246	0.106754	3.579807
7152	-1817.605	-2098.2	280.5942	1.314839	2.96875	0.872015	0.127985	3.363501
7158	-1814.964	-2094.583	279.6185	1.137054	2.392676	0.782421	0.217579	4.183656
7164	-1814.929	-2095.065	280.1363	1.034735	3.050651	0.930497	0.0695033	3.772511
7170	-1844.04	-2124.401	280.361	1.435784	3.091232	0.793467	0.206533	3.399057
7176	-1842.381	-2122.756	280.3749	1.29923	4.60593	0.793467	0.206533	3.158016
7182	-1816.688	-2097.265	280.5768	1.235689	3.653306	0.979704	0.0202963	3.261752
7188	-1828.274	-2107.736	279.4618	1.297927	2.318582	0.697279	0.302721	4.202933
7194	-1827.16	-2106.32	279.1597	1.179138	3.244779	0.92223	0.0777696	4.202933
7200	-1827.761	-2105.765	278.0043	1.256211	4.554187	0.855616	0.144384	4.55587
7206	-1814.388	-2094.346	279.9572	1.322122	3.339607	0.841036	0.158964	3.642447
7212	-1815.408	-2095.873	280.4645	1.194779	3.840912	0.854196	0.145804	3.312844
7218	-1814.902	-2094.978	280.0757	1.425506	3.608939	0.702788	0.297212	3.454145
7224	-1829.661	-2110.005	280.3445	1.30936	2.859471	0.828591	0.171409	3.540487
7230	-1828.788	-2107.253	278.4654	1.201635	5.404407	0.833116	0.166884	4.191051
7236	-1832.508	-2112.277	279.7686	1.371443	3.250851	0.831583	0.168417	3.74324
7242	-1832.562	-2111.536	278.974	1.258153	3.268572	0.94764	0.0523597	4.258074
7248	-1838.7	-2119.086	280.3862	1.513761	3.742833	0.849457	0.150543	3.190981
7254	-1826.735	-2108.48	281.745	1.518982	3.888696	0.86293	0.13707	2.325217
7260	-1820.798	-2100.891	280.0932	1.393057	3.451319	0.933027	0.0669728	3.497173
7266	-1841.162	-2118.409	277.2462	1.166303	2.868279	0.949897	0.0501027	5.367281
7272	-1821.682	-2100.444	278.7616	1.106605	3.896351	0.840957	0.159043	4.332993
7278	-1835.934	-2115.701	279.7669	1.145738	3.072849	0.834374	0.165626	3.915722
7284	-1830.667	-2110.501	279.8332	1.227365	2.666581	0.82475	0.17525	3.933564
7290	-1820.26	-2100.85	280.5904	1.469873	3.341141	0.837078	0.162922	3.184514
7296	-1818.668	-2098.641	279.973	1.095496	3.268552	0.874333	0.125667	3.780428
7302	-1834.881	-2115.519	280.6379	1.207254	2.34129	0.859061	0.140939	3.573147
7308	-1809.712	-2090.778	281.0653	1.293075	3.883109	0.833378	0.166622	2.887191
7314	-1805.021	-2085.32	280.2991	1.234997	3.119881	0.860813	0.139187	3.545566
7320	-1823.516	-2103.455	279.938	1.035755	3.188793	0.860813	0.139187	3.853297
7326	-1834.236	-2113.699	279.4627	1.134751	2.601775	0.781004	0.218996	4.214937
7332	-1819.03	-2097.798	278.7678	1.179854	2.683511	0.769655	0.230345	4.559948
7338	-1821.585	-2102.336	280.7509	1.353848	2.683511	0.791736	0.208264	3.323236
7344	-1829.681	-2111.155	281.4746	1.396967	3.030301	0.778066	0.221934	2.772545
7350	-1831.055	-2112.973	281.918	1.848714	2.658423	0.854235	0.145765	2.317969
7356	-1813.416	-2093.217	279.8007	1.291967	2.537673	0.931764	0.0682357	3.950359
7362	-1824.199	-2104.453	280.2545	1.180716	3.797389	0.923522	0.0764778	3.453189
7368	-1834.852	-2113.852	278.9999	1.076038	2.567635	0.923714	0.0762856	4.518681
7374	-1824.026	-2102.473	278.4464	1.181052	3.536632	0.960252	0.0397484	4.541135
7380	-1821.978	-2101.892	279.9136	1.04292	3.398591	0.941888	0.0581124	3.815683
7386	-1815.011	-2095.342	280.3303	1.27427	2.856172	0.920763	0.0792373	3.570015
7392	-1818.389	-2098.821	280.4321	1.233746	2.720274	0.967581	0.032419	3.570015
7398	-1815.517	-2097.164	281.6468	1.293176	2.024396	0.728352	0.271648	3.030171
7404	-1822.685	-2102.753	280.0679	1.162605	2.805704	0.805056	0.194944	3.799411
7410	-1810.107	-2090.823	280.7167	1.346058	3.540499	0.814313	0.185687	3.137992
7416	-1808.342	-2089.187	280.8453	1.282093	3.540223	0.871118	0.128882	3.099564
7422	-1816.132	-2096.679	280.5472	1.16951	2.624642	0.872541	0.127459	3.566342
7428	-1824.326	-2105.955	281.6288	1.405346	3.073323	0.881543	0.118457	2.661854
7434	-1813.91	-2095.154	281.2444	1.45987	3.636591	0.852897	0.147103	2.729874
7440	-1822.465	-2102.176	279.7109	1.45987	3.349166	0.915124	0.0848756	3.703128
7446	-1814.463	-2094.859	280.3959	1.341705	2.791263	0.92351	0.0764897	3.509434
7452	-1815.806	-2096.753	280.9471	1.165775	2.826943	0.928739	0.0712611	3.279992
7458	-1809.013	-2089.833	280.8202	1.507464	3.509428	0.814587	0.185413	2.986612
7464	-1811.92	-2093.117	281.197	1.509352	2.608714	0.821436	0.178564	2.986612
7470	-1808.97	-2091.471	282.5015	1.372691	1.86868	0.942196	0.0578043	2.516978
7476	-1810.58	-2091.206	280.6259	1.353286	3.133341	0.937534	0.0624661	3.281608
7482	-1818.167	-2098.953	280.7866	1.156477	3.222354	0.836065	0.163935	3.281608
7488	-1814.052	-2095.359	281.3074	1.246443	2.968384	0.85561	0.14439	2.98075
7494	-1819.643	-2097.307	277.6638	1.044096	4.525501	0.898161	0.101839	4.869852
7500	-1822.492	-2102.344	279.8514	1.470305	3.176277	0.93754	0.0624599	3.655543
7506	-1824.289	-2106.154	281.8654	1.364237	2.370341	0.93754	0.0624599	2.740833
7512	-1831.42	-2112.731	281.3111	1.252849	2.017004	0.867964	0.132036	3.256377
7518	-1817.754	-2099.12	281.3654	1.196265	2.24119	0.892843	0.107157	3.183547
7524	-1808.055	-2087.976	279.921	1.246913	3.190281	0.872572	0.127428	3.741149
7530	-1815.198	-2096.118	280.9196	1.328025	3.307835	0.856379	0.143621	3.080808
7536	-1826.821	-2107.977	281.1556	1.482872	2.9224	0.926237	0.0737627	2.94181
7542	-1833.445	-2112.796	279.3516	1.340533	3.798783	0.824871	0.175129	3.883209
7548	-1836.958	-2115.177	278.2188	1.061887	2.956775	0.83629	0.16371	4.864738
7554	-1816.898	-2098.619	281.7211	1.295917	2.286978	0.858508	0.141492	2.896467
7560	-1833.75	-2112.684	278.9341	1.198474	5.516002	0.936799	0.0632008	3.908834
7566	-1821.795	-2103.396	281.6013	1.283915	2.70857	0.781148	0.218852	2.850489
7572	-1813.2	-2094.096	280.8956	1.446762	2.613277	0.830614	0.169386	3.202417
7578	-1819.363	-2100.394	281.0308	1.412772	2.246938	0.751915	0.248085	3.251652
7584	-1819.725	-2099.786	280.0604	1.385188	2.912169	0.728638	0.271362	3.648051
7590	-1830.465	-2110.328	279.8631	1.341486	4.023561	0.875258	0.124742	3.542526
7596	-1818.109	-2099.547	281.4378	1.579595	2.845756	0.92815	0.0718497	2.732172
7602	-1816.055	-2097.145	281.0902	1.633057	3.574716	0.850282	0.149718	2.732172
7608	-1808.844	-2090.06	281.2161	1.413801	2.71139	0.883685	0.116315	3.003671
7614	-1822.315	-2102.089	279.7742	1.240632	3.889111	0.656611	0.343389	3.679156
7620	-1812.011	-2092.56	280.5492	1.361712	3.889111	0.863763	0.136237	3.154107
7626	-1805.079	-2087.148	282.0693	1.521825	2.569894	0.867234	0.132766	2.455604
7632	-1823.189	-2104.356	281.1676	1.331829	3.468684	0.73088	0.26912	2.89232
7638	-1815.475	-2097.322	281.8466	1.425449	2.974503	0.784813	0.215187	2.54045
7644	-1816.399	-2097.49	281.0912	1.2714	4.001487	0.784813	0.215187	2.860261
7650	-1827.539	-2106.96	279.4209	1.118751	1.922906	0.919212	0.0807883	4.452899
7656	-1823.302	-2103.65	280.3482	1.211872	2.646721	0.911333	0.088667	3.651205
7662	-1842.833	-2120.551	277.7175	1.028752	2.696211	0.903008	0.0969921	5.22587
7668	-1827.296	-2106.712	279.4164	0.9174981	1.673783	0.856029	0.143971	4.657807
7674	-1844.35	-2124.03	279.6803	1.304971	2.307828	0.863334	0.136666	4.077863
7680	-1831.044	-2111.525	280.4812	1.157124	2.363426	0.863127	0.136873	3.6865
7686	-1849.222	-2128.792	279.5701	1.104972	4.938023	0.864471	0.135529	3.6865
7692	-1828.178	-2109.121	280.9435	1.185662	2.334887	0.853645	0.146355	3.409364
7698	-1824.594	-2103.238	278.6443	1.025468	2.277731	0.976545	0.0234553	4.827995
7704	-1825.514	-2104.058	278.5446	0.9538919	1.542038	0.965487	0.0345134	5.173884
7710	-1824.498	-2103.002	278.5041	0.9420171	1.616234	0.917521	0.0824788	5.173884
7716	-1806.232	-2085.333	279.1017	1.159457	1.855432	0.786172	0.213828	4.632643
7722	-1822.81	-2101.859	279.0485	1.201223	2.049708	0.92463	0.0753697	4.57388
7728	-1809.524	-2089.443	279.9189	1.069742	1.692929	0.911123	0.0888771	4.281911
7734	-1824.811	-2103.983	279.1717	0.9668372	2.773024	0.911123	0.0888771	4.42948
7740	-1836.367	-2113.554	277.1862	0.898691	3.531717	0.699927	0.300073	5.399966
7746	-1830.417	-2107.999	277.5825	0.9389391	2.919019	0.862406	0.137594	5.29489
7752	-1820.558	-2102.873	282.3149	1.43719	2.42545	0.926046	0.0739539	2.399019
7758	-1814.998	-2095.784	280.7858	1.194927	2.626566	0.925774	0.0742263	3.411708
7764	-1813.734	-2093.515	279.7804	1.109318	2.918274	0.925774	0.0742263	3.966522
7770	-1836.224	-2116.254	280.0302	1.146767	2.210876	0.880738	0.119262	3.99796
7776	-1814.022	-2094.644	280.6213	1.36606	3.3075	0.883979	0.116021	3.235509
7782	-1836.907	-2118.222	281.3143	1.416472	3.440081	0.84294	0.15706	2.75837
7788	-1830.965	-2111.895	280.9298	1.196243	2.898721	0.816158	0.183842	3.253493
7794	-1831.469	-2112.331	280.8619	1.240807	3.047625	0.816158	0.183842	3.22961
7800	-1832.677	-2111.798	279.1218	1.081669	2.427395	0.794471	0.205529	4.485773
7806	-1840.665	-2119.758	279.0933	1.019664	3.256091	0.968096	0.0319036	4.328316
7812	-1839.086	-2120.887	281.8009	1.566134	3.670391	0.834684	0.165316	2.308599
7818	-1823.316	-2104.631	281.3153	1.545947	3.590983	0.732959	0.267041	2.6437
7824	-1821.286	-2103.383	282.0973	1.724596	4.167757	0.916654	0.0833463	1.898044
7830	-1817.615	-2099.356	281.7414	1.488883	4.039412	0.82061	0.17939	2.314099
7836	-1832.3	-2114.019	281.7186	1.660689	4.468914	0.711454	0.288546	2.12915
7842	-1829.99	-2110.547	280.5577	1.370173	3.20675	0.909618	0.0903816	3.294259
7848	-1829.19	-2107.822	278.632	1.105107	2.918306	0.863304	0.136696	4.618929
7854	-1829.063	-2109.447	280.3839	1.183783	4.786134	0.828774	0.171226	3.189647
7860	-1821.091	-2101.391	280.3009	1.183783	4.119902	0.827728	0.172272	3.360016
7866	-1816.276	-2096.306	280.0303	1.183783	3.13975	0.684961	0.315039	3.726383
7872	-1817.01	-2097.679	280.6689	1.286216	2.863253	0.704947	0.295053	3.363345
7878	-1810.781	-2091.558	280.777	1.145911	2.434057	0.938047	0.0619529	3.500345
7884	-1809.942	-2091.852	281.9093	1.295976	2.434057	0.894969	0.105031	2.735985
7890	-1811.185	-2093.046	281.8609	1.483698	2.463514	0.878467	0.121533	2.641335
7896	-1819.682	-2102.586	282.9049	1.535939	2.271508	0.74385	0.25615	2.004579
7902	-1819.607	-2102.116	282.5092	1.576266	2.278591	0.870533	0.129467	2.234784
7908	-1822.171	-2105.282	283.1111	1.553996	2.660233	0.83688	0.16312	1.718827
7914	-1805.687	-2087.574	281.8875	1.452589	2.170463	0.983731	0.0162693	2.738208
7920	-1841.306	-2124.182	282.8757	1.366682	1.948916	0.803032	0.196968	2.253075
7926	-1845.221	-2128.205	282.984	1.596414	3.000381	0.803032	0.196968	1.671432
7932	-1821.006	-2100.325	279.3187	1.258875	3.688037	0.683722	0.316278	3.971389
7938	-1811.573	-2093.417	281.8439	1.376937	3.688037	0.841856	0.158144	2.397351
7944	-1834.162	-2115.348	281.1858	1.640986	4.241599	0.806976	0.193024	2.526699
7950	-1813.66	-2096.365	282.7046	1.659087	3.03934	0.804626	0.195374	1.811896
7956	-1819.178	-2101.64	282.4616	1.431426	3.016796	0.798483	0.201517	2.133734
7962	-1810.534	-2093.38	282.8459	1.683455	3.400116	0.789176	0.210824	1.591887
7968	-1809.326	-2091.081	281.7546	1.341785	3.251916	0.822116	0.177884	2.578469
7974	-1821.859	-2102.938	281.0785	1.261086	3.296283	0.876361	0.123639	3.028509
7980	-1839.532	-2120.289	280.7575	1.252701	3.908526	0.710557	0.289443	3.09106
7986	-1840.316	-2119.649	279.3333	1.187945	2.503113	0.694175	0.305825	4.28519
7992	-1838.867	-2119.844	280.9773	1.320608	2.642617	0.936768	0.0632323	3.220493
7998	-1844.215	-2125.244	281.0285	1.509903	2.642617	0.926604	0.0733959	3.07754
8004	-1828.23	-2110.326	282.0964	1.458323	2.532315	0.867146	0.132854	2.489819
8010	-1822.943	-2105.512	282.569	1.480543	2.154145	0.919328	0.0806722	2.300964
8016	-1812.863	-2095.12	282.2562	1.533269	3.043604	0.919328	0.0806722	2.193704
8022	-1804.824	-2086.761	281.9367	1.504658	3.597807	0.768958	0.231042	2.27796
8028	-1819.354	-2101.928	282.5735	1.610383	2.865103	0.769456	0.230544	1.984905
8034	-1809.907	-2091.686	281.7793	1.61042	3.403643	0.868668	0.131332	2.357297
8040	-1809.89	-2091.677	281.7874	1.259456	2.744029	0.936794	0.063206	2.742157
8046	-1821.37	-2103.033	281.6634	1.459987	3.147047	0.871341	0.128659	2.587974
8052	-1810.682	-2091.447	280.7652	1.42216	2.949285	0.822401	0.177599	3.204269
8058	-1811.073	-2092.509	281.4358	1.304783	2.455744	0.833132	0.166868	3.010733
8064	-1822.588	-2101.61	279.0216	1.025709	3.186227	0.844804	0.155196	4.381284
8070	-1817.517	-2098.449	280.9316	1.151026	2.434974	0.928102	0.071898	3.406708
8076	-1830.857	-2111.243	280.386	1.262058	3.175383	0.843162	0.156838	3.4659
8082	-1833.548	-2112.795	279.247	1.189138	2.793389	0.828	0.172	4.256121
8088	-1829.047	-2110.315	281.2675	1.468204	2.103407	0.739606	0.260394	3.125176
8094	-1830.269	-2109.283	279.0145	1.193161	4.426297	0.899424	0.100576	4.042045
8100	-1829.591	-2110.191	280.6001	1.229629	3.813665	0.776488	0.223512	3.21779
8106	-1822.466	-2102.509	280.0437	1.329309	3.24672	0.843301	0.156699	3.60935
8112	-1837.854	-2118.407	280.5526	1.297561	3.858121	0.843301	0.156699	3.196536
8118	-1835.83	-2116.059	280.2293	1.417532	3.927297	0.802908	0.197092	3.302583
8124	-1836.515	-2117.576	281.0614	1.395157	3.469197	0.80773	0.19227	2.918111
8130	-1825.806	-2103.626	277.8197	1.238117	4.062031	0.820067	0.179933	4.756857
8136	-1816.453	-2096.753	280.3008	1.235759	3.012717	0.861569	0.138431	3.570197
8142	-1820.566	-2102.58	282.0138	1.440035	3.10824	0.872348	0.127652	2.391136
8148	-1826.987	-2107.912	280.9252	1.387562	4.058394	0.904525	0.0954747	2.878892
8154	-1817.229	-2098.771	281.5428	1.436383	2.667725	0.904525	0.0954747	2.804882
8160	-1816.315	-2098.287	281.9721	1.377596	2.998501	0.934697	0.0653027	2.485598
8166	-1811.408	-2093.18	281.772	1.369121	2.369734	0.932287	0.0677135	2.795037
8172	-1817.415	-2098.46	281.0444	1.356271	2.457133	0.915127	0.0848728	3.212817
8178	-1820.054	-2102.348	282.2945	1.380128	2.28322	0.92597	0.0740302	2.493819
8184	-1821.103	-2103.311	282.2082	1.447562	2.311558	0.948334	0.0516655	2.49629
8190	-1818.913	-2101.202	282.2887	1.537067	2.825652	0.948334	0.0516655	2.231192
8196	-1825.634	-2107.889	282.2551	1.329991	2.825652	0.961388	0.0386125	2.384786
8202	-1827.054	-2107.957	280.9031	1.294369	2.806891	0.581482	0.418518	3.235317
8208	-1814.851	-2095.529	280.678	1.21227	3.330346	0.852979	0.147021	3.287553
8214	-1825.691	-2106.16	280.4685	1.188434	2.243793	0.871721	0.128279	3.712012
8220	-1834.997	-2116.741	281.7435	1.424202	3.443477	0.824211	0.175789	2.487587
8226	-1828.559	-2110.439	281.8799	1.657642	2.712478	0.92864	0.0713599	2.447126
8232	-1817.808	-2098.95	281.1414	1.415283	3.938976	0.915674	0.084326	2.75503
8238	-1835.551	-2115.178	279.6273	1.206802	2.465264	0.996108	0.00389174	4.118209
8244	-1845.361	-2124.564	279.2024	1.30319	3.431602	0.433095	0.566905	4.066698
8250	-1823.335	-2102.153	278.8184	1.132099	2.914719	0.963769	0.0362309	4.499958
8256	-1834.812	-2113.77	278.9579	1.219956	2.428149	0.744163	0.255837	4.499958
8262	-1827.907	-2107.336	279.4298	1.262949	3.615086	0.907649	0.0923511	3.92058
8268	-1827.326	-2104.368	277.0415	1.148207	3.06933	0.911611	0.0883893	5.442545
8274	-1820.342	-2099.318	278.9762	1.209847	4.345757	0.932067	0.0679334	4.068728
8280	-1814.151	-2094.366	280.2151	1.244733	3.878851	0.932067	0.0679334	3.422212
8286	-1816.691	-2096.751	280.0606	1.209079	2.573003	0.939359	0.0606409	3.838994
8292	-1817.042	-2095.535	278.4924	1.13958	2.654817	0.94252	0.05748	4.744288
8298	-1824.319	-2102.943	278.6246	1.111643	2.782256	0.928697	0.0713029	4.653184
8304	-1836.895	-2116.249	279.3542	1.217814	3.714862	0.882011	0.117989	3.96905
8310	-1823.935	-2103.602	279.6672	1.21929	2.825647	0.804795	0.195205	3.99164
8316	-1824.625	-2104.124	279.4991	1.217724	3.208225	0.970303	0.0296973	3.996066
8322	-1830.461	-2113.402	282.9414	1.605873	2.255983	0.799804	0.200196	1.938871
8328	-1827.334	-2108.963	281.6296	1.35544	2.62759	0.806577	0.193423	2.812825
8334	-1822.268	-2103.216	280.9476	1.401453	2.520163	0.939428	0.0605716	3.224997
8340	-1814.184	-2096.206	282.0226	1.32274	2.332941	0.937913	0.062087	2.681727
8346	-1832.757	-2114.498	281.7404	1.275352	3.040102	0.906973	0.0930269	2.681727
8352	-1816.5	-2096.85	280.3502	1.243441	2.679175	0.956855	0.0431447	3.622966
8358	-1812.579	-2092.547	279.9681	1.360371	3.873781	0.879651	0.120349	3.499987
8364	-1822.774	-2106.421	283.647	1.879841	2.457382	0.919327	0.0806727	1.125025
8370	-1818.404	-2098.528	280.1242	1.16665	3.7612	0.877029	0.122971	3.54487
8376	-1817.75	-2098.105	280.355	1.262706	2.48274	0.888656	0.111344	3.663593
8382	-1812.479	-2094.26	281.7806	1.315914	3.0904	0.787151	0.212849	2.618999
8388	-1830.819	-2113.187	282.3678	1.561387	3.089617	0.886554	0.113446	2.090059
8394	-1816.251	-2099.458	283.2072	1.547056	2.636982	0.950248	0.0497517	1.66328
8400	-1814.199	-2096.63	282.4308	1.547056	3.01558	0.926604	0.0733962	2.078421
8406	-1808.305	-2089.155	280.8502	1.491123	3.516956	0.90835	0.0916505	2.976706
8412	-1803.141	-2084.293	281.1519	1.400476	2.872541	0.87256	0.12744	3.006621
8418	-1808.557	-2089.469	280.9113	1.285735	3.777117	0.947189	0.0528111	3.006621
8424	-1822.335	-2103.615	281.2799	1.487592	3.473198	0.631946	0.368054	2.728248
8430	-1811.34	-2093.518	282.1786	1.487592	3.647377	0.631946	0.368054	2.120734
8436	-1814.566	-2095.913	281.3467	1.466132	3.789851	0.851125	0.148875	2.629462
8442	-1800.023	-2081.425	281.4022	1.390721	3.789851	0.86316	0.13684	2.64175
8448	-1804.491	-2086.408	281.917	1.453871	2.397938	0.908594	0.0914056	2.645473
8454	-1812.288	-2093.791	281.5028	1.320661	2.960102	0.947463	0.0525373	2.819995
8460	-1821.409	-2103.67	282.2609	1.793745	2.960102	0.921612	0.0783875	2.043355
8466	-1801.931	-2084.304	282.3735	1.532275	2.871123	0.928741	0.0712594	2.166384
8472	-1806.581	-2088.455	281.874	1.73743	3.605413	0.924505	0.0754951	2.166384
8478	-1806.211	-2088.287	282.0764	1.533106	3.610842	0.868251	0.131749	2.166384
8484	-1813.964	-2095.831	281.8668	1.634087	4.319496	0.797536	0.202464	2.079977
8490	-1810.132	-2090.399	280.2662	1.434719	2.706741	0.94917	0.0508296	3.55324
8496	-1814.106	-2094.278	280.1723	1.268637	3.319248	0.833124	0.166876	3.55324
8502	-1819.646	-2101.162	281.516	1.461746	3.201574	0.923111	0.0768889	2.664247
8508	-1808.886	-2089.147	280.2607	1.286073	3.490648	0.923111	0.0768889	3.453134
8514	-1819.468	-2098.671	279.2031	1.37364	2.948499	0.920191	0.0798092	4.137538
8520	-1835.597	-2116.417	280.8202	1.508149	4.139791	0.83841	0.16159	2.853163
8526	-1846.885	-2127.179	280.2941	1.849613	3.364212	0.865975	0.134025	3.129588
8532	-1855.619	-2135.044	279.425	1.178568	3.680524	0.758193	0.241807	3.958064
8538	-1836.508	-2116.596	280.0887	1.468328	2.832972	0.708468	0.291532	3.603625
8544	-1822.001	-2102.107	280.1061	1.291559	2.753025	0.937383	0.0626172	3.716732
8550	-1818.011	-2099.392	281.381	1.316592	3.868136	0.873273	0.126727	2.683605
8556	-1816.071	-2097.429	281.3584	1.536913	2.897612	0.866247	0.133753	2.792802
8562	-1807.981	-2090.904	282.9234	1.536913	1.926819	0.864999	0.135001	2.120433
8568	-1811.62	-2093.975	282.355	1.276662	1.926819	0.958313	0.0416867	2.64537
8574	-1816.285	-2098.012	281.7266	1.270496	2.435195	0.911676	0.0883245	2.862351
8580	-1817.735	-2099.774	282.0391	1.254418	2.264717	0.911676	0.0883245	2.735521
8586	-1816.598	-2099.48	282.8819	1.44776	2.805797	0.925581	0.0744195	1.904534
8592	-1826.601	-2107.451	280.8494	1.37222	3.54775	0.924102	0.0758981	3.041583
8598	-1822.076	-2103.034	280.958	1.377745	3.54775	0.929747	0.0702533	2.973186
8604	-1832.153	-2112.727	280.5741	1.465781	2.733231	0.944163	0.0558366	3.347874
8610	-1823.174	-2103.385	280.2112	1.465781	3.810068	0.837711	0.162289	3.308739
8616	-1823.092	-2103.919	280.8262	1.307345	4.234625	0.948491	0.0515093	2.952285
8622	-1821.295	-2101.887	280.5917	1.559815	4.178796	0.94367	0.0563305	2.952285
8628	-1819.569	-2101.183	281.6141	1.64274	3.782046	0.885502	0.114498	2.353357
8634	-1815.95	-2098.382	282.4321	1.693106	4.030317	0.895764	0.104236	1.719764
8640	-1827.417	-2110.508	283.0911	1.727351	2.345534	0.966936	0.0330642	1.719764
8646	-1827.788	-2109.507	281.7195	1.688685	3.871541	0.971498	0.0285019	2.236668
8652	-1822.028	-2102.876	280.8484	1.523687	3.871541	0.870101	0.129899	2.88131
8658	-1822.068	-2104.32	282.2518	1.523687	3.594203	0.870101	0.129899	2.061664
8664	-1822.889	-2104.747	281.8581	1.523687	3.641443	0.940159	0.0598413	2.305869
8670	-1814.16	-2095.213	281.0526	1.235023	3.183816	0.854815	0.145185	3.086405
8676	-1817.644	-2095.318	277.6745	1.088506	3.183816	0.890366	0.109634	5.099848
8682	-1836.013	-2112.944	276.9309	1.125798	3.183816	0.822073	0.177927	5.489831
8688	-1826.295	-2106.68	280.3852	1.27223	3.890826	0.957308	0.0426919	3.303733
8694	-1822.34	-2103.144	280.8041	1.282241	3.556003	0.8402	0.1598	3.120534
8700	-1820.746	-2102.968	282.2222	1.416835	3.593814	0.879013	0.120987	2.151215
8706	-1821.508	-2104.236	282.7287	1.416594	2.028973	0.959542	0.0404579	2.285115
8712	-1833.475	-2115.161	281.6864	1.122289	3.562872	0.787758	0.212242	2.682418
8718	-1825.378	-2105.816	280.4381	1.210397	3.76498	0.929682	0.0703176	3.334843
8724	-1836.596	-2116.807	280.2116	1.41679	2.883728	0.866425	0.133575	3.549128
8730	-1831.729	-2113.509	281.7798	1.490396	3.003656	0.889908	0.110092	2.53388
8736	-1830.064	-2111.4	281.3359	1.394797	3.666724	0.783241	0.216759	2.706996
8742	-1831.956	-2113.432	281.4761	1.309615	2.156698	0.752382	0.247618	3.0776
8748	-1814.436	-2096.029	281.5932	1.38036	2.532271	0.85313	0.14687	2.847543
8754	-1826.378	-2107.291	280.9131	1.597164	3.53838	0.845031	0.154969	2.869963
8760	-1822.357	-2103.312	280.9551	1.445642	2.362566	0.93194	0.0680598	3.241085
8766	-1814.533	-2095.998	281.4654	1.391143	3.869167	0.897355	0.102645	2.585301
8772	-1830.652	-2112.634	281.9821	1.427639	2.792794	0.833732	0.166268	2.504271
8778	-1809.149	-2091.742	282.593	1.418154	2.314463	0.973267	0.0267331	2.270381
8784	-1810.492	-2094.23	283.7379	1.485398	1.352665	0.926102	0.0738985	1.875687
8790	-1817.389	-2101.218	283.8294	1.496773	1.352665	0.973183	0.0268168	1.805066
8796	-1815.092	-2096.602	281.5097	1.280249	2.567505	0.956568	0.0434317	2.948161
8802	-1833.561	-2113.719	280.1582	1.402505	3.092089	0.884742	0.115258	3.536798
8808	-1822.536	-2103.824	281.2882	1.393264	3.06522	0.724564	0.275436	2.879153
8814	-1825.893	-2106.293	280.4004	1.481134	3.309884	0.801663	0.198337	3.297407
8820	-1819.022	-2101.286	282.2641	1.449266	2.926557	0.921617	0.0783835	2.274873
8826	-1825.902	-2107.608	281.706	1.30796	3.117684	0.904681	0.0953191	2.66298
8832	-1830.935	-2111.963	281.0284	1.366427	2.799939	0.88046	0.11954	3.120039
8838	-1830.869	-2111.218	280.3491	1.282422	3.506659	0.934167	0.065833	3.399984
8844	-1832.374	-2113.275	280.9007	1.349424	3.573292	0.782261	0.217739	3.01887
8850	-1831.67	-2112.276	280.6059	1.365824	5.132135	0.713008	0.286992	2.889301
8856	-1827.216	-2109.253	282.0374	1.486256	3.240225	0.733655	0.266345	2.312816
8862	-1835.275	-2116.94	281.6641	1.553763	3.02614	0.923666	0.0763344	2.56047
8868	-1832.217	-2114.168	281.9511	1.633116	4.032739	0.903542	0.0964582	2.086497
8874	-1834.096	-2111.839	277.7428	1.130878	3.198065	0.513341	0.486659	5.035274
8880	-1822.331	-2104.325	281.9941	1.68008	3.865361	0.86251	0.13749	2.064722
8886	-1821.392	-2104.522	283.13	1.774025	3.444699	0.935838	0.0641616	1.291407
8892	-1818.748	-2097.306	278.5579	1.183238	2.442564	0.773987	0.226013	4.740745
8898	-1824.204	-2104.277	280.0733	1.097049	1.730589	0.941854	0.0581456	4.164721
8904	-1827.185	-2108.949	281.7645	1.298858	2.752627	0.85372	0.14628	2.729641
8910	-1819.798	-2101.559	281.7609	1.401099	3.275265	0.904407	0.0955931	2.531887
8916	-1830.083	-2112.61	282.5268	1.401099	2.407021	0.813642	0.186358	2.293208
8922	-1821.163	-2100.289	279.1259	0.9287474	2.002295	0.860817	0.139183	4.698655
8928	-1823.092	-2100.465	277.3733	0.9747689	3.208377	0.88754	0.11246	5.323839
8934	-1811.89	-2092.718	280.8274	1.145677	2.102066	0.932107	0.0678928	3.573912
8940	-1820.023	-2100.172	280.1487	1.034172	3.440626	0.811848	0.188152	3.675793
8946	-1805.025	-2085.54	280.5151	1.151399	2.854906	0.894492	0.105508	3.534304
8952	-1828.914	-2107.576	278.6625	1.22251	4.131141	0.857846	0.142154	4.278912
8958	-1823.565	-2105.071	281.5055	1.490997	3.106476	0.937354	0.0626456	2.676557
8964	-1823.497	-2105.082	281.5852	1.336423	2.334619	0.919632	0.0803682	2.938989
8970	-1819.201	-2100.426	281.2255	1.458595	3.665267	0.88124	0.11876	2.735905
8976	-1815.277	-2096.167	280.8904	1.366052	4.358825	0.750973	0.249027	2.854194
8982	-1812.734	-2092.596	279.8615	1.366085	2.718153	0.643971	0.356029	3.823952
8988	-1822.33	-2102.677	280.3474	1.391822	3.359167	0.643971	0.356029	3.369808
8994	-1833.008	-2113.489	280.4816	1.348027	3.132451	0.947867	0.0521331	3.369808
9000	-1831.253	-2112.993	281.7396	1.297112	2.359879	0.911978	0.0880218	2.861532
9006	-1827.36	-2108.887	281.527	1.193205	2.424987	0.734977	0.265023	3.032169
9012	-1821.217	-2101.07	279.8531	1.193205	3.611506	0.831679	0.168321	3.717902
9018	-1835.505	-2116.302	280.797	1.171629	2.365445	0.831679	0.168321	3.494003
9024	-1835.276	-2115.347	280.0715	1.171629	4.158681	0.797017	0.202983	3.494003
9030	-1818.876	-2098.511	279.6351	1.093481	3.534393	0.862867	0.137133	3.917082
9036	-1820.38	-2100.693	280.3138	1.137721	2.500133	0.935331	0.0646689	3.754674
9042	-1809.43	-2091.376	281.9458	1.383771	3.266722	0.94663	0.0533696	2.429096
9048	-1808.386	-2090.342	281.9567	1.397678	2.346548	0.74992	0.25008	2.671832
9054	-1812.701	-2093.577	280.8758	1.301171	2.042056	0.833452	0.166548	3.475075
9060	-1815.424	-2096.355	280.9316	1.242871	2.624745	0.872512	0.127488	3.298381
9066	-1810.245	-2091.972	281.7269	1.242871	2.402361	0.952987	0.0470127	2.888931
9072	-1816.175	-2097.651	281.4756	1.458003	2.474485	0.875418	0.124582	2.888931
9078	-1824.388	-2104.68	280.292	1.41674	2.964325	0.852414	0.147586	3.481897
9084	-1815.283	-2094.587	279.3035	1.217203	4.547451	0.80615	0.19385	3.841502
9090	-1817.601	-2097.729	280.128	1.187564	3.968573	0.787085	0.212915	3.488626
9096	-1808.295	-2089.713	281.4176	1.323587	2.983467	0.866605	0.133395	2.863885
9102	-1810.466	-2093.1	282.6338	1.418778	2.983467	0.910297	0.0897027	2.0381
9108	-1799.179	-2081.203	282.0233	1.458714	3.279416	0.915622	0.0843781	2.329398
9114	-1809.465	-2091.414	281.9496	1.309241	4.340453	0.852633	0.147367	2.233244
9120	-1820.497	-2100.449	279.9521	1.224958	2.204041	0.887581	0.112419	4.000037
9126	-1834.51	-2116.491	281.9815	1.22194	2.163774	0.888448	0.111552	2.823749
9132	-1814.961	-2097.701	282.74	1.37506	2.590047	0.740335	0.259665	2.113904
9138	-1814.486	-2096.981	282.4955	1.421641	2.243398	0.852326	0.147674	2.354372
9144	-1818.458	-2098.183	279.7248	1.051024	2.449701	0.815238	0.184762	4.155755
9150	-1811.393	-2093.345	281.9526	1.326723	2.631773	0.873001	0.126999	2.631356
9156	-1816.102	-2098.64	282.5382	1.38571	2.221417	0.944414	0.0555859	2.35759
9162	-1822.834	-2104.83	281.9962	1.358672	2.419997	0.880753	0.119247	2.648445
9168	-1825.559	-2107.318	281.7589	1.433946	2.975149	0.783234	0.216766	2.589451
9174	-1827.838	-2108.244	280.4063	1.316627	3.037505	0.88983	0.11017	3.455432
9180	-1831.974	-2115.055	283.0809	1.473725	2.153057	0.990297	0.00970275	1.971504
9186	-1834.656	-2117.755	283.0999	1.473725	2.116898	0.990297	0.00970275	1.972256
9192	-1818.694	-2099.808	281.1145	1.204626	3.266946	0.721408	0.278592	3.047698
9198	-1813.684	-2093.79	280.1065	1.212208	2.201019	0.769123	0.230877	3.919932
9204	-1815.247	-2095.009	279.7627	1.049886	3.248331	0.790036	0.209964	3.932069
9210	-1818.045	-2096.396	278.3514	1.165027	4.44113	0.744285	0.255715	4.431359
9216	-1823.167	-2102.154	278.9865	1.215096	4.289509	0.725129	0.274871	4.070018
9222	-1837.422	-2118.469	281.0465	1.17413	2.470821	0.833251	0.166749	3.315119
9228	-1825.1	-2105.04	279.9399	1.428615	2.663797	0.85558	0.14442	3.757296
9234	-1817.402	-2096.279	278.8773	1.00822	2.652324	0.706213	0.293787	4.602995
9240	-1827.243	-2107.23	279.9867	1.147105	2.253659	0.816794	0.183206	4.009469
9246	-1824.886	-2104.582	279.6955	1.010086	2.743313	0.816794	0.183206	4.116021
9252	-1826.393	-2105.963	279.5697	1.068832	2.888098	0.910514	0.0894863	4.117359
9258	-1838.591	-2118.813	280.2225	1.293974	3.077806	0.839749	0.160251	3.565981
9264	-1825.917	-2107.228	281.3115	1.087183	2.46492	0.823151	0.176849	3.211725
9270	-1818.441	-2099.303	280.8613	1.290876	2.46492	0.823151	0.176849	3.357123
9276	-1824.622	-2105.518	280.8963	1.30907	4.120255	0.891058	0.108942	2.931365
9282	-1826.273	-2108.162	281.8886	1.486849	1.967712	0.844602	0.155398	2.78733
9288	-1823.102	-2105.378	282.2752	1.462036	2.550402	0.844978	0.155022	2.369402
9294	-1835.878	-2119.024	283.1453	1.509786	2.301426	0.888498	0.111502	1.849227
9300	-1832.139	-2112.048	279.9084	1.233323	2.917572	0.926227	0.0737731	3.822124
9306	-1821.282	-2102.553	281.271	1.233323	2.917572	0.927004	0.0729963	3.023612
9312	-1836.759	-2116.728	279.9697	1.196375	2.951603	0.818397	0.181603	3.799611
9318	-1834.141	-2113.639	279.4989	1.212069	4.173496	0.815251	0.184749	3.799611
9324	-1825.635	-2107.344	281.7092	1.331136	2.441023	0.857675	0.142325	2.834382
9330	-1837.158	-2117.166	280.0083	1.175853	3.944149	0.896506	0.103494	3.570018
9336	-1840.547	-2121.993	281.4457	1.304256	4.502508	0.864204	0.135796	2.523654
9342	-1824.2	-2103.238	279.0387	1.028835	2.823363	0.864662	0.135338	4.456744
9348	-1818.475	-2097.406	278.931	1.110194	2.890066	0.886799	0.113201	4.454951
9354	-1825.238	-2103.854	278.6154	1.151105	3.598369	0.886799	0.113201	4.450091
9360	-1811.102	-2093.017	281.9156	1.52718	2.747432	0.829211	0.170789	2.49649
9366	-1820.376	-2102.044	281.6676	1.392102	4.109529	0.777763	0.222237	2.40754
9372	-1815.348	-2094.38	279.032	1.236983	3.577341	0.790225	0.209775	4.170226
9378	-1819.765	-2100.227	280.4628	1.18775	2.817136	0.810161	0.189839	3.553344
9384	-1817.915	-2098.428	280.5131	1.223009	3.133956	0.855081	0.144919	3.424306
9390	-1837.41	-2120.729	283.3185	1.478576	1.71009	0.928921	0.0710794	1.988497
9396	-1834.35	-2114.485	280.1355	1.184065	3.14106	0.919648	0.0803525	3.665064
9402	-1839.218	-2120.772	281.5539	1.313515	2.57771	0.868216	0.131784	2.898522
9408	-1827.158	-2106.51	279.3517	1.196309	2.00483	0.864673	0.135327	4.420756
9414	-1814.146	-2095.139	280.9923	1.1782	2.076581	0.92184	0.07816	3.467318
9420	-1836.428	-2115.897	279.4683	1.052088	2.611182	0.815978	0.184022	4.256126
9426	-1845.285	-2124.111	278.8263	1.216722	2.862676	0.63053	0.36947	4.460735
9432	-1839.401	-2117.604	278.2035	1.022219	3.013055	0.862917	0.137083	4.881988
9438	-1822.679	-2102.839	280.1604	1.276716	2.882915	0.800421	0.199579	3.660358
9444	-1828.499	-2106.95	278.4505	1.39068	2.927875	0.858953	0.141047	4.558194
9450	-1829.501	-2110.225	280.7237	1.231962	2.549017	0.854418	0.145582	3.448096
9456	-1820.445	-2101.432	280.9876	1.214361	1.920535	0.863719	0.136281	3.502397
9462	-1836.384	-2115.125	278.7417	1.191851	3.334774	0.855922	0.144078	4.412123
9468	-1830.147	-2109.581	279.4347	0.9346147	2.157677	0.918769	0.0812307	4.472439
9474	-1832.443	-2111.418	278.9748	1.063922	1.813319	0.958621	0.0413786	4.771907
9480	-1834.216	-2114.764	280.5476	1.190669	2.829684	0.78391	0.21609	3.498997
9486	-1822.85	-2103.402	280.5518	1.374741	2.431339	0.78391	0.21609	3.498997
9492	-1835.97	-2116.787	280.8171	1.389029	2.378972	0.742232	0.257768	3.350839
9498	-1822.071	-2102.311	280.2396	1.241782	3.038678	0.787882	0.212118	3.595891
9504	-1847.713	-2127.65	279.9376	1.298137	3.756658	0.888076	0.111924	3.577876
9510	-1827.838	-2107.866	280.0282	1.31118	2.337361	0.906056	0.0939444	3.866522
9516	-1819.572	-2101.569	281.9973	1.288932	2.501098	0.889631	0.110369	2.665871
9522	-1822.556	-2101.615	279.0594	1.039954	2.083988	0.913003	0.0869968	4.647221
9528	-1826.48	-2108.231	281.7515	1.550775	3.648303	0.918159	0.0818405	2.354885
9534	-1833.054	-2113.849	280.7951	1.088508	2.054544	0.958981	0.041019	3.641582
9540	-1834.457	-2114.088	279.6308	1.244934	2.693289	0.888248	0.111752	4.032173
9546	-1815.661	-2096.908	281.2471	1.384765	3.595986	0.822191	0.177809	2.783168
9552	-1821.778	-2102.108	280.3301	1.324654	3.550836	0.928738	0.0712624	3.376751
9558	-1829.512	-2110.423	280.9108	1.231656	3.118445	0.714743	0.285257	3.188658
9564	-1831.927	-2113.228	281.3008	1.302998	2.044695	0.899705	0.100295	3.223327
9570	-1827.752	-2108.383	280.6311	1.359019	3.185453	0.891873	0.108127	3.262609
9576	-1820.337	-2100.474	280.1367	1.325595	2.308032	0.978256	0.0217435	3.804653
9582	-1818.471	-2100.067	281.5952	1.40325	2.305911	0.952138	0.0478624	2.90165
9588	-1808.176	-2088.959	280.7829	1.296171	2.384584	0.962265	0.0377349	3.423706
9594	-1826.685	-2107.236	280.5514	1.358625	2.860608	0.865839	0.134161	3.39052
9600	-1845.252	-2125.931	280.6788	1.167872	2.315216	0.814334	0.185666	3.580148
9606	-1838.449	-2119.144	280.6944	1.258908	2.229618	0.901517	0.0984825	3.544542
9612	-1839.988	-2120.705	280.717	1.15409	2.06558	0.89513	0.10487	3.645171
9618	-1829.494	-2109.453	279.9585	1.26138	2.773671	0.733854	0.266146	3.813831
9624	-1822.533	-2103.339	280.8053	1.188051	2.539928	0.847481	0.152519	3.428631
9630	-1813.729	-2094.68	280.9511	1.207554	2.217037	0.92126	0.0787405	3.428631
9636	-1823.662	-2104.413	280.751	1.271705	3.145749	0.834107	0.165893	3.252911
9642	-1825.938	-2105.784	279.8454	1.283446	3.126244	0.768093	0.231907	3.778767
9648	-1827.842	-2107.37	279.5281	1.21373	3.070972	0.826657	0.173343	4.013911
9654	-1821.111	-2099.668	278.5577	1.348011	3.139618	0.75116	0.24884	4.471795
9660	-1836.744	-2115.511	278.7672	1.3292	3.139618	0.736409	0.263591	4.36428
9666	-1834.628	-2112.778	278.1495	1.030125	2.998466	0.948783	0.0512166	4.91111
9672	-1836.167	-2115.009	278.8418	1.136923	2.583596	0.952131	0.0478692	4.568991
9678	-1834.42	-2113.107	278.6871	1.041981	3.614074	0.574814	0.425186	4.467933
9684	-1823.662	-2106.138	282.4769	1.524452	2.447121	0.865283	0.134717	2.233109
9690	-1842.372	-2123.888	281.5164	1.632572	3.229309	0.83437	0.16563	2.551412
9696	-1832.124	-2113.615	281.4906	1.494802	3.687432	0.961691	0.038309	2.545115
9702	-1817.673	-2098.711	281.038	1.273843	2.741047	0.848887	0.151113	3.185199
9708	-1830.917	-2110.761	279.8444	1.225652	2.96876	0.981094	0.0189059	3.850608
9714	-1834.111	-2115.609	281.4989	1.348969	4.217222	0.844249	0.155751	2.518418
9720	-1844.83	-2125.006	280.1763	1.090094	2.131634	0.829029	0.170971	3.971772
9726	-1842.247	-2121.879	279.6319	1.186763	2.131634	0.927942	0.0720583	4.226729
9732	-1837.54	-2117.008	279.4681	1.211118	2.641472	0.594188	0.405812	4.157868
9738	-1834.035	-2112.585	278.5494	1.150362	3.251404	0.89698	0.10302	4.562169
9744	-1825.047	-2103.688	278.6409	1.058914	3.251404	0.685732	0.314268	4.562169
9750	-1841.212	-2120.55	279.3374	1.149116	3.476613	0.870305	0.129695	4.067798
9756	-1852.454	-2131.852	279.398	1.253501	3.767723	0.759275	0.240725	3.912772
9762	-1830.066	-2110.471	280.405	1.44495	4.627946	0.759275	0.240725	3.049306
9768	-1817.829	-2099.476	281.6461	1.525491	4.425569	0.833978	0.166022	2.27219
9774	-1822.026	-2104.51	282.4842	1.568404	3.652288	0.914246	0.0857539	1.861389
9780	-1824.969	-2104.615	279.6465	1.257474	3.999645	0.825277	0.174723	3.721485
9786	-1807.446	-2087.742	280.296	1.298977	2.998957	0.825277	0.174723	3.539585
9792	-1818.937	-2100.796	281.8587	1.517538	5.08259	0.76093	0.23907	2.013265
9798	-1812.111	-2094.647	282.5362	1.770102	3.742148	0.702537	0.297463	1.661724
9804	-1818.131	-2101.618	283.4872	1.821653	2.564473	0.726662	0.273338	1.267304
9810	-1825.283	-2108.694	283.4115	1.823052	3.289406	0.758604	0.241396	1.055221
9816	-1821.978	-2105.073	283.0957	1.883421	3.289406	0.59576	0.40424	1.279203
9822	-1818.232	-2097.87	279.6384	1.305309	4.607416	0.830684	0.169316	3.586666
9828	-1830.845	-2112.079	281.2339	1.266189	2.700015	0.799795	0.200205	3.084431
9834	-1824.371	-2106.912	282.5406	1.860086	5.409366	0.81409	0.18591	1.196967
9840	-1822.721	-2105.831	283.1098	1.86868	3.677106	0.814355	0.185645	1.1557
9846	-1829.267	-2112.304	283.037	1.977493	3.455975	0.71447	0.28553	1.195405
9852	-1842.572	-2124.145	281.5724	1.475319	3.412314	0.750659	0.249341	2.569799
9858	-1829.692	-2111.123	281.4308	1.491608	3.752438	0.666732	0.333268	2.569799
9864	-1833.203	-2113.745	280.5421	1.242501	3.677458	0.886598	0.113402	3.273074
9870	-1813.173	-2094.815	281.6418	1.393723	3.2882	0.868243	0.131757	2.607246
9876	-1824.573	-2104.985	280.4113	1.314081	4.69817	0.820402	0.179598	3.111222
9882	-1818.837	-2099.663	280.8269	1.27945	3.815893	0.831691	0.168309	3.052781
9888	-1805.33	-2085.409	280.079	1.18912	3.568545	0.824096	0.175904	3.598582
9894	-1824.424	-2104.383	279.959	1.218373	3.821106	0.828375	0.171625	3.598582
9900	-1829.194	-2109.135	279.9418	1.255966	4.333371	0.789191	0.210809	3.487765
9906	-1827.593	-2109.543	281.9499	1.350783	3.643572	0.854761	0.145239	2.356958
9912	-1834.373	-2116.836	282.4636	1.569063	2.944552	0.910858	0.0891416	2.062315
9918	-1831.569	-2112.064	280.4949	1.4788	4.048352	0.978131	0.0218692	3.08457
9924	-1825.121	-2106.919	281.7987	1.597747	3.143841	0.818664	0.181336	2.418154
9930	-1829.287	-2109.206	279.9186	0.9923771	2.2636	0.883424	0.116576	4.133467
9936	-1818.155	-2097.713	279.5583	1.152234	2.666154	0.919514	0.0804862	4.133467
9942	-1821.936	-2101.28	279.3442	1.197843	2.666154	0.83134	0.16866	4.22914
9948	-1815.494	-2095.52	280.0254	1.139374	3.869495	0.8504	0.1496	3.596169
9954	-1824.135	-2104.305	280.1699	1.355969	2.933126	0.8504	0.1496	3.596169
9960	-1832.143	-2111.963	279.8198	1.42773	3.477935	0.967036	0.0329641	3.630133
9966	-1828.933	-2111.151	282.2178	1.574112	2.919705	0.939254	0.0607463	2.226319
9972	-1818.528	-2098.37	279.8425	1.482353	4.226944	0.786869	0.213131	3.433343
9978	-1813.764	-2095.202	281.4383	1.532923	3.546574	0.823151	0.176849	2.58587
9984	-1836.722	-2118.23	281.5078	1.403142	3.362404	0.724422	0.275578	2.66622
9990	-1828.888	-2110.04	281.1525	1.46981	3.377806	0.866817	0.133183	2.838937
9996	-1833.919	-2115.274	281.3546	1.436947	3.10409	0.86977	0.13023	2.802512
10002	-1839.245	-2119.16	279.9148	1.151264	2.845677	0.897646	0.102354	3.883711
10008	-1832.564	-2113.225	280.661	1.221113	2.948474	0.799848	0.200152	3.384402
10014	-1838.68	-2118.56	279.8798	1.221804	3.337736	0.705821	0.294179	3.74565
10020	-1832.447	-2111.795	279.3482	1.05638	3.135048	0.903515	0.0964847	4.190836
10026	-1838.742	-2115.556	276.8142	0.894108	1.514818	0.922358	0.0776417	6.166564
10032	-1824.078	-2102.735	278.6575	0.9171714	2.605804	0.950717	0.0492832	4.789257
10038	-1825.404	-2104.838	279.4344	1.025984	2.620757	0.741592	0.258408	4.28751
10044	-1812.011	-2092.994	280.9827	1.21665	2.457317	0.836067	0.163933	3.331601
10050	-1824.91	-2105.04	280.1302	1.048103	2.541041	0.839926	0.160074	3.900362
10056	-1831.791	-2111.548	279.757	1.058088	2.743289	0.853303	0.146697	4.053612
10062	-1823.26	-2105.342	282.0812	1.618342	3.163356	0.802604	0.197396	2.219837
10068	-1821.913	-2102.152	280.239	1.299536	2.452994	0.802604	0.197396	3.717955
10074	-1817.982	-2099.274	281.2917	1.30739	2.452994	0.834916	0.165084	3.096153
10080	-1809.778	-2089.41	279.6318	1.401738	5.213896	0.807156	0.192844	3.433509
10086	-1804.238	-2085.429	281.1912	1.350298	3.710729	0.803437	0.196563	2.812892
10092	-1815.507	-2096.171	280.6644	1.251119	4.73465	0.765907	0.234093	2.991083
10098	-1804.803	-2086.34	281.5377	1.164655	3.295957	0.829437	0.170563	2.809709
10104	-1809.811	-2090.149	280.3385	1.036488	2.996793	0.823532	0.176468	3.667849
10110	-1808.358	-2090.132	281.7744	1.403625	2.817345	0.671829	0.328171	2.641289
10116	-1804.357	-2084.619	280.2618	1.312895	4.106238	0.715201	0.284799	3.309755
10122	-1815.722	-2095.867	280.1446	1.207057	3.274825	0.805755	0.194245	3.615265
10128	-1807.528	-2088.798	281.2698	1.327104	3.236774	0.805755	0.194245	2.887872
10134	-1830.076	-2111.149	281.073	1.294196	3.103176	0.891146	0.108854	3.058649
10140	-1816.554	-2097.78	281.2259	1.560936	4.269692	0.887782	0.112218	2.545966
10146	-1822.255	-2104.54	282.2853	1.432882	3.897403	0.878821	0.121179	2.028316
10152	-1815.097	-2096.533	281.4357	1.541352	3.158067	0.810216	0.189784	2.675517
10158	-1835.151	-2115.636	280.4852	1.473295	3.960777	0.868506	0.131494	3.111219
10164	-1837.629	-2119.828	282.1995	1.585251	2.579815	0.911983	0.0880172	2.330175
10170	-1834.054	-2115.419	281.3649	1.438485	2.327304	0.910912	0.089088	3.012315
10176	-1840.449	-2120.914	280.4652	1.639205	3.35038	0.906603	0.0933972	3.156155
10182	-1834.494	-2117.089	282.5946	1.520631	2.527904	0.909261	0.0907388	2.133409
10188	-1821.819	-2104.565	282.7457	1.455742	2.134182	0.876792	0.123208	2.210559
10194	-1812.394	-2094.742	282.3478	1.433194	2.544848	0.859834	0.140166	2.343291
10200	-1813.618	-2095.31	281.6927	1.428109	3.01874	0.926446	0.0735537	2.62257
10206	-1817.797	-2098.793	280.9964	1.278236	2.716408	0.829029	0.170971	3.213936
10212	-1823.819	-2105.764	281.9456	1.174874	2.820734	0.899153	0.100847	2.675757
10218	-1813.998	-2095.162	281.1634	1.221762	2.780702	0.619255	0.380745	3.130939
10224	-1816.554	-2098.563	282.0087	1.443441	2.319249	0.80689	0.19311	2.620295
10230	-1809.726	-2088.301	278.5744	1.313753	2.831146	0.807223	0.192777	4.55568
10236	-1808.005	-2088.346	280.341	1.201008	2.862922	0.807223	0.192777	3.604648
10242	-1807.234	-2086.773	279.5391	1.202141	3.5546	0.745933	0.254067	3.905507
10248	-1811.888	-2092.459	280.5709	1.257406	3.331782	0.921932	0.0780684	3.323718
10254	-1808.464	-2087.568	279.1038	1.144665	2.896548	0.758273	0.241727	4.33642
10260	-1808.085	-2089.152	281.0676	1.133438	2.664404	0.847562	0.152438	3.271737
10266	-1809.554	-2090.345	280.7912	1.193072	3.161776	0.973101	0.0268986	3.271737
10272	-1822.746	-2102.227	279.4807	1.233657	3.057832	0.834047	0.165953	4.032686
10278	-1821.342	-2102.197	280.8552	1.392107	3.057832	0.943083	0.0569174	3.14132
10284	-1823.974	-2102.807	278.8331	1.185906	3.03837	0.763389	0.236611	4.431614
10290	-1807.314	-2085.495	278.181	1.10844	3.815247	0.763389	0.236611	4.674383
10296	-1830.546	-2109.245	278.6987	1.22028	2.35181	0.763389	0.236611	4.667044
10302	-1839.76	-2118.388	278.6284	1.074735	2.486234	0.704145	0.295855	4.749865
10308	-1829.056	-2109.925	280.8695	1.189054	2.743562	0.704145	0.295855	3.334138
10314	-1827.343	-2108.749	281.4068	1.379613	3.067996	0.634112	0.365888	2.814776
10320	-1828.89	-2109.568	280.6778	1.281221	4.074466	0.941802	0.0581977	3.088181
10326	-1820.879	-2102.38	281.5004	1.237373	2.351406	0.80076	0.19924	3.044099
10332	-1818.955	-2101.751	282.7956	1.520962	2.761846	0.81638	0.18362	1.926799
10338	-1824.536	-2106.574	282.0382	1.650099	3.878471	0.786046	0.213954	2.052379
10344	-1812.301	-2093.688	281.3869	1.723804	2.77075	0.926818	0.0731824	2.695579
10350	-1813.377	-2095.004	281.6266	1.590973	3.192432	0.861327	0.138673	2.517948
10356	-1825.474	-2106.549	281.0746	1.441835	5.380088	0.858021	0.141979	2.514002
10362	-1806.553	-2088.195	281.642	1.252908	2.272233	0.858021	0.141979	2.974735
10368	-1813.884	-2095.089	281.2056	1.361037	3.274625	0.858021	0.141979	2.897061
10374	-1819.193	-2099.635	280.4425	1.324606	3.391028	0.904755	0.0952448	3.346205
10380	-1840.355	-2121.291	280.9359	1.322179	4.53623	0.749329	0.250671	2.819951
10386	-1844.525	-2124.95	280.4249	1.484793	4.815618	0.820136	0.179864	2.980447
10392	-1822.418	-2103.4	280.9817	1.473659	4.815618	0.834503	0.165497	2.648594
10398	-1832.946	-2112.529	279.5833	1.345419	4.151894	0.945666	0.054334	3.67796
10404	-1819.272	-2098.719	279.4475	1.293938	4.269163	0.712973	0.287027	3.764262
10410	-1816.228	-2096.559	280.3316	1.263689	2.56362	0.844635	0.155365	3.653711
10416	-1811.919	-2092.149	280.2295	1.288602	2.028965	0.928569	0.0714312	3.860979
10422	-1815.482	-2094.705	279.2232	1.144997	2.544935	0.965215	0.0347852	4.360153
10428	-1818.23	-2098.539	280.3092	1.157711	2.145582	0.959543	0.0404566	3.852347
10434	-1813.857	-2094.893	281.0363	1.299093	2.765836	0.943237	0.0567634	3.16457
10440	-1812.031	-2091.446	279.4155	1.238853	3.49168	0.647927	0.352073	3.968711
10446	-1812.483	-2093.964	281.4815	1.5302	3.037132	0.845758	0.154242	2.685022
10452	-1819.116	-2101.117	282.0009	1.54596	3.656524	0.942304	0.0576961	2.196218
10458	-1826.767	-2108.333	281.5665	1.527809	3.656524	0.919811	0.0801893	2.484099
10464	-1831.21	-2112.772	281.5621	1.486994	2.49295	0.886782	0.113218	2.813342
10470	-1825.265	-2107.25	281.9855	1.429623	3.630177	0.849459	0.150541	2.287164
10476	-1826.016	-2107.261	281.2448	1.476984	4.24558	0.812275	0.187725	2.591174
10482	-1822.248	-2104.335	282.0864	1.558691	2.668746	0.939623	0.0603768	2.392093
10488	-1827.193	-2109.948	282.7548	1.64955	3.147995	0.940045	0.0599551	1.752314
10494	-1808.655	-2089.343	280.6878	1.197349	2.183439	0.891043	0.108957	3.598742
10500	-1817.427	-2096.899	279.4719	1.173096	3.129204	0.870743	0.129257	4.055398
10506	-1814.684	-2093.961	279.277	1.161434	2.964588	0.80429	0.19571	4.212196
10512	-1824.581	-2104.702	280.1213	1.276587	3.002624	0.887358	0.112642	3.653127
10518	-1813.437	-2093.57	280.1324	1.266017	2.519851	0.767731	0.232269	3.779741
10524	-1828.219	-2108.385	280.1665	1.38625	3.08252	0.777055	0.222945	3.543741
10530	-1850.272	-2128.807	278.5354	1.306653	4.587389	0.854434	0.145566	4.22206
10536	-1823.936	-2101.897	277.9605	1.070866	3.043462	0.88126	0.11874	4.983001
10542	-1834.448	-2115.091	280.6428	1.252979	4.264518	0.933718	0.0662823	3.088983
10548	-1840.963	-2120.515	279.5515	1.139159	2.540957	0.916523	0.0834774	4.178661
10554	-1832.953	-2113.073	280.1201	1.173331	2.540957	0.838295	0.161705	3.834224
10560	-1837.575	-2117.074	279.4987	1.138822	4.577284	0.858037	0.141963	3.769105
10566	-1817.156	-2096.931	279.7752	1.237434	2.583531	0.952925	0.0470747	3.983493
10572	-1828.901	-2108.295	279.3936	1.182511	3.633417	0.970598	0.0294025	3.983493
10578	-1828.989	-2108.224	279.2349	1.196011	2.479128	0.92646	0.0735403	4.342939
10584	-1821.446	-2101.345	279.8992	1.139632	1.806269	0.944878	0.0551222	4.211612
10590	-1820.091	-2099.613	279.5215	1.258361	2.251555	0.834343	0.165657	4.211612
10596	-1825.005	-2105.914	280.9098	1.482152	2.173842	0.843712	0.156288	3.305473
10602	-1852.498	-2132.437	279.9386	1.479531	3.160283	0.936785	0.0632153	3.603376
10608	-1832.723	-2114.201	281.478	1.449657	2.971197	0.933026	0.0669737	2.753616
10614	-1820.718	-2102.946	282.2285	1.448669	2.105402	0.930997	0.0690034	2.552698
10620	-1821.841	-2103.738	281.8976	1.451027	2.758593	0.932468	0.0675324	2.552041
10626	-1816.175	-2098.092	281.9162	1.564191	3.380089	0.904012	0.095988	2.305354
10632	-1815.806	-2096.833	281.0269	1.311327	2.916194	0.763948	0.236052	3.12315
10638	-1818.731	-2100.355	281.6239	1.292092	1.966019	0.826741	0.173259	3.065051
10644	-1825.957	-2107.362	281.4051	1.538062	3.762424	0.947543	0.0524567	2.55474
10650	-1818.328	-2098.01	279.6817	1.152035	5.601214	0.817386	0.182614	3.490777
10656	-1818.218	-2097.683	279.4654	1.274441	5.268546	0.870284	0.129716	3.596154
10662	-1811.204	-2091.083	279.8798	1.187961	4.158229	0.890842	0.109158	3.596154
10668	-1819.494	-2100.132	280.6381	1.303099	3.896991	0.822503	0.177497	3.134492
10674	-1828.593	-2110.721	282.1288	1.457663	2.863003	0.90772	0.0922802	2.373461
10680	-1827.487	-2107.055	279.5675	1.221309	3.184625	0.805872	0.194128	3.960317
10686	-1823.341	-2103.816	280.4749	1.288969	3.453156	0.585872	0.414128	3.334123
10692	-1829.989	-2110.398	280.4094	1.312259	3.6433	0.787007	0.212993	3.317446
10698	-1820.52	-2100.788	280.2688	1.211281	2.976647	0.787007	0.212993	3.611918
10704	-1831.443	-2110.207	278.7646	1.305726	4.365709	0.856935	0.143065	4.131049
10710	-1832.71	-2112.863	280.1523	1.314983	4.068039	0.764862	0.235138	3.38031
10716	-1830.266	-2110.738	280.4725	1.208595	2.353482	0.764862	0.235138	3.664685
10722	-1822.06	-2102.025	279.9652	1.192143	3.594121	0.72982	0.27018	3.657369
10728	-1813.866	-2093.237	279.3714	1.117822	3.601684	0.72982	0.27018	4.039766
10734	-1816.274	-2095.623	279.3489	1.140319	3.601684	0.786577	0.213423	4.039766
10740	-1811.037	-2090.111	279.0738	1.142157	3.163363	0.837439	0.162561	4.291216
10746	-1822.953	-2103.313	280.3604	1.193863	3.344064	0.776451	0.223549	3.481543
10752	-1820.331	-2097.841	277.5103	1.084274	3.861634	0.853871	0.146129	5.052654
10758	-1822.679	-2103.107	280.4284	1.035978	2.57423	0.732946	0.267054	3.72649
10764	-1828.167	-2108.466	280.2992	1.204507	3.882203	0.803185	0.196815	3.395826
10770	-1829.433	-2111.228	281.7954	1.28617	2.094042	0.809533	0.190467	2.921123
10776	-1813.822	-2095.208	281.3859	1.28617	2.298981	0.911267	0.0887333	3.099647
10782	-1822.235	-2101.845	279.6096	1.177232	2.550995	0.776476	0.223524	4.121193
10788	-1845.552	-2123.668	278.1167	0.9317442	2.56523	0.65782	0.34218	5.0928
10794	-1830.913	-2111.282	280.3691	1.159301	2.326312	0.801172	0.198828	3.761072
10800	-1830.676	-2111.784	281.1086	1.274709	2.016701	0.927947	0.0720533	3.362841
10806	-1828.931	-2110.158	281.2269	1.182129	1.972928	0.872598	0.127402	3.362841
10812	-1813.315	-2094.918	281.6035	1.134083	1.907406	0.894845	0.105155	3.192211
10818	-1818.744	-2097.96	279.2157	0.9850791	2.207806	0.859184	0.140816	4.551781
10824	-1823.458	-2103.081	279.6229	1.057936	1.82833	0.800381	0.199619	4.40623
10830	-1826.385	-2107.342	280.957	1.135401	2.552695	0.807492	0.192508	3.366919
10836	-1827.362	-2105.388	278.0266	1.017382	4.29802	0.687973	0.312027	4.721754
10842	-1818.306	-2097.939	279.6333	0.9857741	3.663062	0.801077	0.198923	3.952782
10848	-1827.32	-2107.886	280.5666	1.195531	3.663062	0.784374	0.215626	3.289388
10854	-1813.961	-2094.083	280.1211	1.069918	2.224264	0.767267	0.232733	3.985782
10860	-1823.004	-2103.53	280.5252	1.129308	2.530274	0.929758	0.0702418	3.628781
10866	-1826.631	-2106.941	280.3101	1.174085	4.037137	0.937896	0.0621043	3.376398
10872	-1828.967	-2109.005	280.0378	1.242204	3.411328	0.747505	0.252495	3.62602
10878	-1837.751	-2119.163	281.4114	1.24308	1.898993	0.680132	0.319868	3.244443
10884	-1833.483	-2113.686	280.2027	1.196194	2.215998	0.928429	0.071571	3.869272
10890	-1825.369	-2105.574	280.2052	1.319726	4.004231	0.870966	0.129034	3.358989
10896	-1824.466	-2105.73	281.2637	1.303542	2.571763	0.775246	0.224754	3.080441
10902	-1836.887	-2117.602	280.716	1.080278	2.066047	0.964618	0.0353821	3.688337
10908	-1841.202	-2119.517	278.3148	1.074647	3.167279	0.946028	0.0539721	4.754973
10914	-1819.004	-2099.431	280.4273	1.223487	2.020448	0.871821	0.128179	3.787493
10920	-1827.665	-2108.333	280.6672	1.308108	3.568606	0.812496	0.187504	3.183724
10926	-1833.675	-2114.507	280.8318	1.443538	2.956043	0.748404	0.251596	3.150318
10932	-1850.374	-2130.717	280.3429	1.295183	2.541406	0.865371	0.134629	3.63516
10938	-1838.614	-2116.517	277.903	1.163694	2.33354	0.899566	0.100434	5.14687
10944	-1822.369	-2100.675	278.3053	1.078247	2.701552	0.788272	0.211728	4.870801
10950	-1817.694	-2097.881	280.187	1.190051	4.922358	0.89227	0.10773	3.279235
10956	-1815.824	-2097.323	281.4988	1.411089	2.833416	0.852233	0.147767	2.801153
10962	-1834.151	-2114.909	280.7585	1.09523	2.370739	0.851603	0.148397	3.559327
10968	-1826.869	-2105.475	278.6056	1.168812	4.087094	0.604326	0.395674	4.349651
10974	-1831.937	-2110.991	279.0541	1.035543	4.087094	0.888169	0.111831	4.171069
10980	-1829.64	-2111.047	281.4071	1.530764	2.741757	0.923939	0.076061	2.809228
10986	-1803.413	-2084.926	281.5131	1.494206	2.593007	0.973064	0.0269365	2.809228
10992	-1811.236	-2092.457	281.2204	1.494206	3.070979	0.842745	0.157255	2.857606
10998	-1818.914	-2098.376	279.4626	1.26295	3.660763	0.893001	0.106999	3.892234
11004	-1820.573	-2101.219	280.6454	1.167149	3.359098	0.696754	0.303246	3.326725
11010	-1824.933	-2104.945	280.0124	1.34194	3.142803	0.686146	0.313854	3.644541
11016	-1819.352	-2098.26	278.9073	1.278525	3.253789	0.763295	0.236705	4.287656
11022	-1823.115	-2103.457	280.3419	1.456808	3.062551	0.846074	0.153926	3.404957
11028	-1832.27	-2113.137	280.8668	1.281315	2.213671	0.811479	0.188521	3.435863
11034	-1822.35	-2104.972	282.6224	1.617187	3.637576	0.798554	0.201446	1.735621
11040	-1829.917	-2112.608	282.6918	1.623129	3.237182	0.773995	0.226005	1.789489
11046	-1824.737	-2106.761	282.024	1.769136	4.364194	0.862297	0.137703	1.874874
11052	-1813.72	-2094.61	280.8897	1.533452	4.189552	0.827412	0.172588	2.7857
11058	-1817.393	-2098.825	281.4315	1.534706	4.079718	0.91261	0.0873898	2.472559
11064	-1816.896	-2098.136	281.2408	1.422193	3.757813	0.875206	0.124794	2.728542
11070	-1844.675	-2124.621	279.9454	1.277945	3.148553	0.778971	0.221029	3.718963
11076	-1843.933	-2124.811	280.8774	1.327749	4.161443	0.547406	0.452594	2.923386
11082	-1826.087	-2107.633	281.5452	1.866261	3.596719	0.81363	0.18637	2.297325
11088	-1844.227	-2125.144	280.9168	1.483166	3.746412	0.656445	0.343555	2.891
11094	-1846.415	-2126.585	280.17	1.495561	2.873102	0.895523	0.104477	3.530204
11100	-1824.727	-2107.009	282.2814	1.577033	2.013523	0.859916	0.140084	2.47245
11106	-1833.672	-2115.267	281.595	1.498659	2.523296	0.807636	0.192364	2.777143
11112	-1824.998	-2107.39	282.3917	1.575007	2.361881	0.882767	0.117233	2.283117
11118	-1824.337	-2106.22	281.8829	1.595755	4.407745	0.792816	0.207184	2.076406
11124	-1816.623	-2098.622	281.9986	1.559525	3.218204	0.910552	0.0894477	2.296409
11130	-1821.103	-2101.301	280.198	1.188715	2.842529	0.873053	0.126947	3.699797
11136	-1811.127	-2090.741	279.6139	1.33712	3.246047	0.869947	0.130053	3.85317
11142	-1826.696	-2106.79	280.0941	1.1627	3.53884	0.720468	0.279532	3.611535
11148	-1831.263	-2109.535	278.2721	1.309005	3.915287	0.581531	0.418469	4.491224
11154	-1851.073	-2130.019	278.9458	1.257451	2.342766	0.581531	0.418469	4.510186
11160	-1834.922	-2115.063	280.1412	1.257501	3.847608	0.743197	0.256803	3.464289
11166	-1818.591	-2100.082	281.4913	1.310094	2.549742	0.860956	0.139044	2.946458
11172	-1823.684	-2103.948	280.2645	1.34005	3.655889	0.825043	0.174957	3.383597
11178	-1827.143	-2108.253	281.1097	1.149832	3.079357	0.807421	0.192579	3.128747
11184	-1827.572	-2107.851	280.2782	1.220664	3.675871	0.890682	0.109318	3.441254
11190	-1815.739	-2096.637	280.8979	1.323924	3.395748	0.751586	0.248414	3.075794
11196	-1826.204	-2106.89	280.6859	1.323924	4.056584	0.801779	0.198221	3.061413
11202	-1816.334	-2095.339	279.0047	1.115761	2.620425	0.874354	0.125646	4.479422
11208	-1826.579	-2105.569	278.9899	0.9208406	3.298539	0.96934	0.0306602	4.432992
11214	-1834.162	-2113.98	279.8179	1.123189	2.367004	0.94974	0.0502595	4.085553
11220	-1823.766	-2105.161	281.3946	1.073789	2.129085	0.935409	0.0645907	3.275004
11226	-1818.894	-2099.085	280.1917	1.001443	2.129085	0.774576	0.225424	4.014445
11232	-1833.543	-2113.164	279.6219	1.555483	3.45891	0.813325	0.186675	3.674964
11238	-1828.086	-2108.499	280.4134	1.210387	2.418926	0.879909	0.120091	3.678516
11244	-1824.939	-2104.602	279.6627	1.373574	3.830453	0.879909	0.120091	3.678516
11250	-1826.265	-2105.869	279.6044	1.221818	2.334341	0.844784	0.155216	4.160512
11256	-1842.18	-2121.819	279.6391	1.324664	4.810225	0.88666	0.11334	3.540234
11262	-1828.931	-2110.48	281.5487	1.316624	2.005908	0.902158	0.097842	3.081298
11268	-1836.717	-2116.385	279.6674	1.152114	2.005908	0.655495	0.344505	4.266931
11274	-1828.046	-2108.569	280.5223	1.271616	2.899838	0.812037	0.187963	3.448427
11280	-1813.048	-2093.813	280.7645	1.138647	2.996759	0.860845	0.139155	3.359914
11286	-1816.99	-2096.364	279.3744	1.15221	2.671978	0.824274	0.175726	4.236343
11292	-1831.072	-2112.73	281.6582	1.239728	2.179469	0.909063	0.0909371	3.002928
11298	-1817.983	-2097.937	279.9541	1.194156	2.420128	0.78496	0.21504	3.951832
11304	-1836.455	-2114.995	278.5408	1.27153	3.331969	0.821	0.179	4.48104
11310	-1820.15	-2100.257	280.1076	1.319159	3.553851	0.893273	0.106727	3.509463
11316	-1836.193	-2116.085	279.8924	1.36052	3.391825	0.859608	0.140392	3.646014
11322	-1818.647	-2099.622	280.9751	1.512554	3.906001	0.747025	0.252975	2.80403
11328	-1825.562	-2106.143	280.5807	1.522042	3.906001	0.75047	0.24953	3.036247
11334	-1824.39	-2104.971	280.5807	1.522042	3.905938	0.75047	0.24953	3.036247
11340	-1822.023	-2103.568	281.5451	1.380878	2.50561	0.855799	0.144201	2.884226
11346	-1819.88	-2101.027	281.1469	1.416132	2.50561	0.855799	0.144201	3.102141
11352	-1812.115	-2091.867	279.7518	1.416132	4.129132	0.942368	0.0576318	3.543495
11358	-1819.402	-2100.723	281.3205	1.277372	1.882082	0.890898	0.109102	3.284012
11364	-1824.527	-2103.844	279.3164	1.160215	2.976054	0.726195	0.273805	4.187707
11370	-1822.999	-2105.46	282.4613	1.389621	2.020547	0.848903	0.151097	2.474556
11376	-1832.414	-2113.831	281.4163	1.558185	3.928555	0.848903	0.151097	2.499168
11382	-1834.201	-2116.415	282.2143	1.565363	3.416163	0.699891	0.300109	2.102844
11388	-1823.097	-2105.634	282.5373	1.432422	2.411559	0.77042	0.22958	2.264972
11394	-1815.528	-2097.974	282.4458	1.392168	2.004382	0.910877	0.0891227	2.488558
11400	-1819.594	-2101.183	281.5892	1.431073	4.51714	0.872155	0.127845	2.350815
11406	-1820.078	-2102.598	282.5204	1.663916	2.602989	0.872155	0.127845	2.064291
11412	-1842.063	-2119.568	277.5045	1.186971	3.664648	0.795244	0.204756	5.037522
11418	-1822.422	-2101.437	279.0152	1.128695	4.25913	0.842752	0.157248	4.108405
11424	-1822.249	-2101.724	279.4747	1.172167	2.812563	0.860017	0.139983	4.131623
11430	-1816.871	-2096.194	279.3229	1.033553	3.144232	0.94047	0.0595301	4.216016
11436	-1807.911	-2089.205	281.2939	1.299414	2.528756	0.857204	0.142796	3.077316
11442	-1815.725	-2096.898	281.173	1.494288	2.325254	0.857204	0.142796	3.094309
11448	-1824.915	-2105.715	280.7999	1.34755	3.337213	0.863312	0.136688	3.133617
11454	-1809.444	-2089.936	280.4926	1.210389	3.038924	0.813544	0.186456	3.466767
11460	-1822.829	-2105.16	282.3306	1.487765	2.457185	0.881479	0.118521	2.346944
11466	-1819.914	-2101.678	281.7643	1.487765	2.262339	0.930275	0.0697248	2.761612
11472	-1828.001	-2109.758	281.7577	1.520912	3.02226	0.899075	0.100925	2.523693
11478	-1828.736	-2111.845	283.1094	1.806431	3.061148	0.904926	0.0950741	1.403564
11484	-1822.729	-2105.797	283.0683	1.766951	3.258821	0.747779	0.252221	1.403564
11490	-1833.118	-2114.79	281.6724	1.592528	3.064961	0.715701	0.284299	2.521023
11496	-1823.44	-2104.557	281.1173	1.5405	3.402971	0.791006	0.208994	2.811483
11502	-1827.222	-2107.759	280.5379	1.309485	2.959929	0.675392	0.324608	3.401869
11508	-1813.683	-2095.165	281.482	1.335995	3.244283	0.708456	0.291544	2.751704
11514	-1831.64	-2114.654	283.0142	1.658533	3.501045	0.771718	0.228282	1.456617
11520	-1833.539	-2113.522	279.9831	1.319836	4.447033	0.946621	0.0533788	3.405545
11526	-1834.174	-2114.495	280.3212	1.298556	3.866758	0.889471	0.110529	3.330803
11532	-1828.407	-2109.175	280.7679	1.313466	2.706155	0.839412	0.160588	3.330803
11538	-1837.747	-2117.945	280.1977	1.260717	3.493601	0.868488	0.131512	3.504087
11544	-1839.752	-2122.221	282.4692	1.417167	2.900766	0.89705	0.10295	2.170554
11550	-1838.626	-2119.543	280.9163	1.372597	2.946152	0.870116	0.129884	3.144833
11556	-1841.895	-2122.982	281.0868	1.455412	2.212693	0.868626	0.131374	3.204167
11562	-1834.252	-2114.65	280.3987	1.193386	2.782262	0.987526	0.0124736	3.596467
11568	-1846.413	-2128.804	282.3911	1.343873	1.695095	0.937504	0.0624955	2.672281
11574	-1827.663	-2106.315	278.6521	1.287824	3.074238	0.771268	0.228732	4.467697
11580	-1821.969	-2103.193	281.2238	1.351423	3.495905	0.824181	0.175819	2.840205
11586	-1835.351	-2115.852	280.5006	1.469791	2.876356	0.862475	0.137525	3.351022
11592	-1833.15	-2114.289	281.139	1.487538	2.724067	0.942391	0.0576091	3.002161
11598	-1832.128	-2114.345	282.2167	1.414693	2.576723	0.882582	0.117418	2.42824
11604	-1814.502	-2095.488	280.9857	1.590684	3.634874	0.964636	0.035364	2.808295
11610	-1804.323	-2083.34	279.0174	1.201157	2.358348	0.811469	0.188531	4.497024
11616	-1804.201	-2084.412	280.2113	1.26243	2.238292	0.917945	0.0820552	3.819318
11622	-1815.198	-2094.111	278.9126	1.26243	3.833749	0.900959	0.0990406	4.171407
11628	-1821.397	-2100.124	278.7268	1.174311	2.939882	0.824372	0.175628	4.521623
11634	-1827.617	-2105.112	277.495	1.149862	2.824579	0.796831	0.203169	5.249703
11640	-1826.685	-2106.895	280.2104	1.315857	3.678974	0.7761	0.2239	3.42459
11646	-1811.72	-2092.736	281.0151	1.285463	2.748765	0.79031	0.20969	3.189823
11652	-1816.886	-2098.234	281.3481	1.355548	1.970651	0.73604	0.26396	3.189823
11658	-1807.064	-2087.703	280.6398	1.237526	2.959166	0.866492	0.133508	3.384542
11664	-1803.701	-2082.623	278.9217	1.158935	3.748509	0.875757	0.124243	4.242012
11670	-1803.755	-2083.265	279.5094	1.119185	2.957881	0.920932	0.079068	4.105786
11676	-1806.565	-2085.683	279.118	1.260123	2.786361	0.79468	0.20532	4.290796
11682	-1813.717	-2093.241	279.5237	1.366315	4.262537	0.79468	0.20532	3.679717
11688	-1824.609	-2104.65	280.0414	1.2879	5.194205	0.79468	0.20532	3.262831
11694	-1829.062	-2108.81	279.7473	1.393347	5.194205	0.913379	0.086621	3.373866
11700	-1837.699	-2119.217	281.5175	1.464631	2.835938	0.652084	0.347916	2.756408
11706	-1834.912	-2117.181	282.2695	1.39188	2.57288	0.920503	0.0794969	2.410517
11712	-1824.445	-2101.994	277.549	1.058081	2.829333	0.979947	0.0200531	5.269386
11718	-1834.275	-2113.421	279.1465	1.015894	1.864577	0.925696	0.0743037	4.684803
11724	-1828.078	-2106.818	278.74	1.214432	3.443594	0.902781	0.0972192	4.376705
11730	-1817.872	-2095.04	277.1678	1.013441	4.041179	0.734042	0.265958	5.247683
11736	-1819.651	-2099.136	279.4851	1.121541	3.255782	0.782935	0.217065	4.048081
11742	-1805.423	-2085.671	280.2471	1.153456	2.424011	0.782935	0.217065	3.805856
11748	-1818.874	-2098.148	279.2741	1.308257	3.360008	0.905424	0.094576	4.038593
11754	-1816.998	-2095.3	278.3015	1.083216	3.360008	0.945813	0.0541873	4.714839
11760	-1810.035	-2090.361	280.3254	1.125539	2.364554	0.900557	0.0994428	3.794295
11766	-1822.702	-2103.081	280.3792	1.202964	2.507613	0.860011	0.139989	3.677099
11772	-1829.043	-2111.155	282.1116	1.623522	2.596668	0.77773	0.22227	2.356638
11778	-1828.688	-2109.589	280.9013	1.435564	3.64414	0.896524	0.103476	2.951172
11784	-1821.27	-2101.478	280.2076	1.158779	2.923901	0.773428	0.226572	3.69095
11790	-1821.228	-2101.866	280.6383	1.212299	3.892843	0.771161	0.228839	3.189177
11796	-1828.716	-2107.789	279.0728	1.285402	5.216176	0.541891	0.458109	3.824834
11802	-1833.328	-2112.843	279.5144	1.163751	4.431676	0.922842	0.0771575	3.771337
11808	-1837.008	-2115.704	278.6962	1.001351	3.412014	0.86225	0.13775	4.52821
11814	-1826.557	-2106.449	279.8924	1.155262	2.768546	0.777203	0.222797	3.914062
11820	-1829.371	-2107.52	278.1494	1.027821	3.71328	0.656208	0.343792	4.757306
11826	-1819.884	-2099.656	279.7718	1.325056	3.530686	0.929327	0.0706727	3.705919
11832	-1817.359	-2097.582	280.2237	1.192829	2.679854	0.884878	0.115122	3.72528
11838	-1824.355	-2103.578	279.2224	1.049373	3.106172	0.884878	0.115122	4.272854
11844	-1827.414	-2107.212	279.7978	1.188894	3.106172	0.860492	0.139508	3.865313
11850	-1826.858	-2105.376	278.5183	1.04957	3.106172	0.892899	0.107101	4.669189
11856	-1820.508	-2101.258	280.7495	1.504714	3.182283	0.809596	0.190404	3.106747
11862	-1830.688	-2113.505	282.8164	1.505854	2.298362	0.853923	0.146077	2.073777
11868	-1816.253	-2099.252	282.9996	1.631569	3.005484	0.853923	0.146077	1.633436
11874	-1836.095	-2118.565	282.4709	1.631569	2.495774	0.699298	0.300702	2.15198
11880	-1835.386	-2118.285	282.8995	1.631569	2.846168	0.76918	0.23082	1.753487
11886	-1829.802	-2109.576	279.7739	1.092106	1.781108	0.769706	0.230294	4.318614
11892	-1825.558	-2105.903	280.345	1.118319	2.166824	0.932018	0.0679817	3.847662
11898	-1820.393	-2099.991	279.5983	1.170987	3.6271	0.846195	0.153805	3.874144
11904	-1824.44	-2103.982	279.5424	1.172689	4.198695	0.783516	0.216484	3.792521
11910	-1828.367	-2107.274	278.9073	1.346547	3.894753	0.783516	0.216484	4.114616
11916	-1831.101	-2109.918	278.8176	1.19429	2.566754	0.924892	0.0751083	4.554888
11922	-1815.654	-2095.973	280.3183	1.095868	1.824254	0.896437	0.103563	3.99139
11928	-1806.816	-2088.325	281.5096	1.295191	3.234188	0.785168	0.214832	2.762196
11934	-1819.475	-2100.904	281.4289	1.420552	3.286843	0.949303	0.0506969	2.722118
11940	-1837.342	-2119.324	281.982	1.227382	1.756906	0.910408	0.0895918	2.967051
11946	-1832.419	-2113.369	280.9504	1.207253	2.500868	0.912927	0.0870732	3.343454
11952	-1836.852	-2116.912	280.0599	1.140471	3.750787	0.882141	0.117859	3.59961
11958	-1824.886	-2105.203	280.3166	1.427864	3.750787	0.820525	0.179475	3.28125
11964	-1831.379	-2109.395	278.016	0.9054307	2.248646	0.874894	0.125106	5.251975
11970	-1827.175	-2108.316	281.1409	1.192056	1.41799	0.932371	0.0676291	3.624769
11976	-1830.313	-2111.155	280.8414	1.166644	1.831673	0.932371	0.0676291	3.647007
11982	-1829.284	-2109.416	280.1322	1.203937	2.829476	0.956132	0.0438675	3.732424
11988	-1819.115	-2099.874	280.7586	1.140785	1.786106	0.807062	0.192938	3.726598
11994	-1812.608	-2093.159	280.5515	1.247623	2.336805	0.884089	0.115911	3.601273
12000	-1812.598	-2092.598	279.9994	1.027703	2.705811	0.926529	0.0734708	3.942294
12006	-1814.826	-2095.005	280.1788	1.071754	1.807274	0.868361	0.131639	4.0909
12012	-1817.482	-2097.833	280.3504	1.222852	2.463256	0.868361	0.131639	3.69492
12018	-1806.355	-2087.868	281.5128	1.327358	3.441047	0.838275	0.161725	2.691168
12024	-1808.078	-2088.587	280.5088	1.362804	3.441047	0.839028	0.160972	3.273386
12030	-1799.671	-2079.205	279.5337	1.195575	2.880932	0.827227	0.172773	4.067461
12036	-1811.059	-2091.552	280.4929	1.195575	1.953758	0.897626	0.102374	3.788434
12042	-1810.889	-2091.443	280.5538	1.133488	2.821685	0.779572	0.220428	3.530805
12048	-1821.455	-2101.723	280.2678	1.324501	3.45676	0.750299	0.249701	3.434018
12054	-1825.435	-2104.976	279.5405	1.283645	3.73461	0.766418	0.233582	3.820361
12060	-1805.002	-2084.658	279.6556	1.154384	3.102257	0.748202	0.251798	3.967487
12066	-1818.772	-2100.271	281.4994	1.393005	3.200026	0.971068	0.028932	2.716996
12072	-1812.663	-2093.434	280.7706	1.344582	3.597438	0.911858	0.0881418	3.094215
12078	-1807.804	-2088.014	280.2104	1.190473	2.839387	0.887615	0.112385	3.692422
12084	-1820.003	-2101.857	281.8543	1.47882	2.839387	0.880826	0.119174	2.53909
12090	-1818.475	-2099.611	281.1363	1.348951	3.898622	0.888896	0.111104	2.807029
12096	-1809.531	-2090.839	281.3082	1.348951	2.290779	0.852537	0.147463	3.111121
12102	-1800.083	-2082.438	282.3556	1.268382	2.556115	0.866231	0.133769	2.439135
12108	-1810.34	-2093.51	283.1695	1.316188	1.960543	0.930129	0.0698712	2.090517
12114	-1797.722	-2080.427	282.7049	1.571842	2.600198	0.955251	0.0447489	2.003892
12120	-1811.132	-2092.715	281.5825	1.566336	4.389582	0.824521	0.175479	2.293969
12126	-1813.736	-2095.944	282.2081	1.282289	1.498771	0.879102	0.120898	2.905105
12132	-1816.959	-2097.563	280.6048	1.305972	2.675295	0.978136	0.0218635	3.439301
12138	-1797.219	-2079.199	281.9801	1.380317	2.222412	0.987735	0.0122652	2.708424
12144	-1807.191	-2088.558	281.3671	1.40471	3.548085	0.954114	0.0458864	2.708424
12150	-1807.353	-2088.771	281.4182	1.442204	2.531933	0.838161	0.161839	2.916094
12156	-1816.499	-2099.008	282.5095	1.464778	2.259041	0.851764	0.148236	2.312684
12162	-1809.049	-2091.561	282.5117	1.490309	2.369642	0.940461	0.0595393	2.257934
12168	-1823.968	-2105.256	281.288	1.235313	2.805002	0.954461	0.0455387	3.04202
12174	-1826.075	-2107.354	281.2798	1.51199	2.904409	0.837834	0.162166	2.853896
12180	-1831.732	-2114.477	282.7446	1.522601	2.616155	0.920695	0.0793046	2.005225
12186	-1841.827	-2122.238	280.4112	1.522601	3.340224	0.752942	0.247058	3.259594
12192	-1842.698	-2122.877	280.179	1.18575	3.038517	0.794321	0.205679	3.663532
12198	-1840.465	-2121.017	280.5518	1.324392	3.402864	0.833794	0.166206	3.279277
12204	-1838.571	-2118.845	280.2735	1.361195	3.656665	0.895751	0.104249	3.365735
12210	-1841.655	-2123.289	281.6347	1.453578	3.398543	0.895751	0.104249	2.547878
12216	-1835.472	-2116.825	281.3532	1.626614	3.398543	0.761983	0.238017	2.615157
12222	-1822.394	-2104.045	281.6516	1.500252	3.106826	0.859634	0.140366	2.58058
12228	-1805.462	-2086.731	281.2687	1.393515	4.748816	0.924513	0.0754867	2.532469
12234	-1812.51	-2093.006	280.4966	1.384108	3.739394	0.910079	0.0899205	3.203105
12240	-1805.018	-2085.685	280.667	1.256843	4.189701	0.842903	0.157097	3.086609
12246	-1823.272	-2103.753	280.4809	1.337257	4.877805	0.677511	0.322489	3.024584
12252	-1831.609	-2112.199	280.5903	1.400884	3.42807	0.816203	0.183797	3.205565
12258	-1828.59	-2110.237	281.6462	1.356338	2.809236	0.884846	0.115154	2.751185
12264	-1810.107	-2091.604	281.4965	1.519605	2.779182	0.852621	0.147379	2.751185
12270	-1829.987	-2111.41	281.4227	1.519995	2.633034	0.882044	0.117956	2.836981
12276	-1816.783	-2098.06	281.2771	1.473206	3.861638	0.818626	0.181374	2.652549
12282	-1816.045	-2096.548	280.5036	1.379446	4.106544	0.709191	0.290809	3.127122
12288	-1819.133	-2100.578	281.4454	1.425635	3.159019	0.65105	0.34895	2.740278
12294	-1819.331	-2099.802	280.4709	1.179297	3.646228	0.65105	0.34895	3.358852
12300	-1826.086	-2107.192	281.1052	1.179297	2.809787	0.823008	0.176992	3.183016
12306	-1828.222	-2108.49	280.2678	1.365825	4.600609	0.805925	0.194075	3.183016
12312	-1831.486	-2112.871	281.3843	1.353666	2.797676	0.854395	0.145605	2.914988
12318	-1818.092	-2098.281	280.1884	1.373204	3.948809	0.813987	0.186013	3.348429
12324	-1812.675	-2093.747	281.0719	1.492426	3.121247	0.696335	0.303665	2.935827
12330	-1806.36	-2087.15	280.7899	1.345425	3.818292	0.852794	0.147206	3.034946
12336	-1820.249	-2100.895	280.6457	1.370913	3.971	0.743151	0.256849	3.074516
12342	-1819.483	-2100.774	281.291	1.510627	3.161051	0.938141	0.0618592	2.782178
12348	-1815.625	-2097.548	281.923	1.510627	3.161051	0.745317	0.254683	2.390222
12354	-1843.336	-2122.42	279.0842	1.273587	2.82648	0.900584	0.0994164	4.29209
12360	-1815.372	-2098.327	282.9548	1.544667	2.684942	0.702037	0.297963	1.826181
12366	-1813.189	-2095.172	281.9831	1.485182	2.690946	0.658145	0.341855	2.496764
12372	-1815.284	-2096.763	281.4785	1.428681	3.503732	0.765032	0.234968	2.635344
12378	-1817.259	-2099.044	281.7852	1.275181	3.28285	0.941522	0.0584777	2.593195
12384	-1825.172	-2106.069	280.8972	1.275181	2.754069	0.909563	0.0904366	3.264227
12390	-1819.977	-2101.87	281.8929	1.19278	2.595069	0.879404	0.120596	2.760915
12396	-1823.393	-2103.409	280.0156	1.104616	3.554898	0.756823	0.243177	3.687195
12402	-1816.289	-2095.879	279.5892	1.052972	3.021252	0.735087	0.264913	4.082657
12408	-1819.629	-2099.278	279.6494	1.140986	2.686384	0.893692	0.106308	4.082657
12414	-1826.638	-2106.774	280.1364	1.345322	2.904268	0.846051	0.153949	3.62911
12420	-1840.139	-2119.694	279.5554	1.204748	2.488353	0.965282	0.0347178	4.153765
12426	-1823.156	-2104.141	280.9855	1.225571	2.448969	0.895454	0.104546	3.327149
12432	-1830.886	-2110.212	279.3267	1.408137	2.445946	0.82485	0.17515	4.180113
12438	-1841.719	-2118.236	276.5176	0.9887858	2.115013	0.843723	0.156277	6.068367
12444	-1860.724	-2140.088	279.3639	0.9723353	2.529458	0.891678	0.108322	4.382432
12450	-1826.896	-2105.564	278.668	1.202339	2.899755	0.912596	0.0874043	4.548691
12456	-1828.2	-2108.218	280.0184	1.186767	2.423224	0.801792	0.198208	3.91836
12462	-1825.202	-2106.521	281.3194	1.450926	3.797897	0.754249	0.245751	2.653936
12468	-1830.824	-2112.676	281.8516	1.59578	3.94019	0.943508	0.0564919	2.196136
12474	-1819.337	-2101.42	282.0832	1.658025	4.317887	0.801339	0.198661	1.920059
12480	-1832.226	-2113.443	281.2163	1.358729	3.292871	0.807915	0.192085	2.88764
12486	-1826.355	-2108.213	281.8584	1.455764	3.225665	0.821673	0.178327	2.449099
12492	-1819.074	-2099.54	280.4662	1.331085	3.47723	0.815119	0.184881	3.309085
12498	-1822.025	-2101.659	279.6341	1.286874	3.953044	0.905856	0.0941443	3.720783
12504	-1835.808	-2117.535	281.7272	1.534964	3.057404	0.830928	0.169072	2.524765
12510	-1825.317	-2107.052	281.7352	1.534178	3.135265	0.828056	0.171944	2.500111
12516	-1835.986	-2118.829	282.8436	1.569473	2.903265	0.793956	0.206044	1.817998
12522	-1849.189	-2132.496	283.307	1.939663	3.575153	0.992114	0.00788567	0.9332945
12528	-1830.655	-2114.482	283.8273	1.957794	2.292683	0.868177	0.131823	0.9574224
12534	-1837.746	-2120.867	283.1213	2.030696	3.784231	0.800233	0.199767	0.9539071
12540	-1835.721	-2116.673	280.9525	1.474395	4.639971	0.784113	0.215887	2.697821
12546	-1828.926	-2108.392	279.4653	1.39422	2.903424	0.699956	0.300044	3.987455
12552	-1840.914	-2123.768	282.8542	1.652203	3.207666	0.847234	0.152766	1.663049
12558	-1838.03	-2121.623	283.5926	1.685287	2.435113	0.863586	0.136414	1.343956
12564	-1818.714	-2100.6	281.8862	1.685287	2.822812	0.813571	0.186429	2.394221
12570	-1811.307	-2091.065	279.7575	1.465567	3.487036	0.839897	0.160103	3.642326
12576	-1830.583	-2111.942	281.3593	1.520493	4.286945	0.616298	0.383702	2.484535
12582	-1822.697	-2103.38	280.6833	1.364973	3.064683	0.836254	0.163746	3.257564
12588	-1821.485	-2102.484	280.9985	1.561262	3.757142	0.925212	0.074788	2.791696
12594	-1828.192	-2109.982	281.7898	1.768301	3.197863	0.893321	0.106679	2.301668
12600	-1820.393	-2102.434	282.0416	1.666819	3.566618	0.807366	0.192634	2.112445
12606	-1832.247	-2113.501	281.2534	1.522372	3.440594	0.682698	0.317302	2.730759
12612	-1830.111	-2111.203	281.0922	1.633584	4.35049	0.682698	0.317302	2.568038
12618	-1821.263	-2102.381	281.1172	1.608515	4.35049	0.871489	0.128511	2.568038
12624	-1815.852	-2097.004	281.1524	1.320986	4.650759	0.979238	0.0207621	2.66725
12630	-1815.592	-2096.507	280.9146	1.320986	2.689793	0.845946	0.154054	3.244359
12636	-1815.179	-2096.654	281.4752	1.424289	2.689793	0.930398	0.0696021	2.847077
12642	-1829.098	-2112.05	282.9519	1.588945	2.224053	0.919416	0.0805836	1.95468
12648	-1807.653	-2090.789	283.136	1.596208	2.227121	0.785289	0.214711	1.823424
12654	-1812.421	-2093.008	280.5862	1.353904	2.99207	0.852186	0.147814	3.339363
12660	-1830.446	-2112.521	282.0751	1.602306	3.463639	0.876257	0.123743	2.157814
12666	-1834.539	-2115.593	281.0536	1.602306	4.89062	0.812242	0.187758	2.510789
12672	-1821.067	-2102.116	281.0491	1.469279	3.799748	0.89743	0.10257	2.807776
12678	-1826.488	-2109.668	283.1798	1.509432	2.67938	0.927046	0.0729538	1.695469
12684	-1825.243	-2108.003	282.7601	1.595257	2.753283	0.927046	0.0729538	1.903197
12690	-1821.684	-2104.033	282.3488	1.467061	2.596336	0.859608	0.140392	2.305318
12696	-1812.48	-2094.089	281.6096	1.257071	2.596336	0.960058	0.0399425	2.893534
12702	-1820.597	-2101.954	281.3572	1.280169	2.596336	0.813313	0.186687	3.031505
12708	-1828.219	-2109.552	281.3329	1.413509	2.435042	0.934027	0.0659727	3.01343
12714	-1820.655	-2103.982	283.3271	1.825775	3.118719	0.721831	0.278169	1.190971
12720	-1830.026	-2108.789	278.763	1.097758	4.472498	0.81929	0.18071	4.231228
12726	-1830.771	-2111.032	280.2612	1.157224	1.468014	0.900547	0.0994529	4.128126
12732	-1812.84	-2092.855	280.0151	1.01259	2.068862	0.953092	0.0469081	4.128126
12738	-1818.139	-2098.038	279.8993	1.059239	2.192691	0.870574	0.129426	4.128126
12744	-1820.045	-2099.708	279.6629	0.9940813	2.077628	0.870574	0.129426	4.335501
12750	-1816.651	-2096.961	280.3097	0.9743823	2.0992	0.870574	0.129426	3.972044
12756	-1815.359	-2093.647	278.2881	1.015624	2.890175	0.892383	0.107617	4.868008
12762	-1812.334	-2092.255	279.9213	1.16928	2.095164	0.925242	0.0747582	4.083819
12768	-1814.68	-2095.086	280.4064	1.366169	3.576051	0.862239	0.137761	3.301981
12774	-1808.42	-2090.67	282.2499	1.48975	3.052067	0.831731	0.168269	2.223623
12780	-1814.731	-2096.021	281.2892	1.489246	3.718166	0.811624	0.188376	2.666319
12786	-1825.1	-2106.648	281.5484	1.489246	4.172601	0.871816	0.128184	2.408456
12792	-1820.254	-2101.873	281.6188	1.657154	3.675128	0.771137	0.228863	2.36543
12798	-1819.375	-2101.209	281.8343	1.570701	3.106411	0.651822	0.348178	2.422468
12804	-1816.538	-2097.482	280.9445	1.285742	4.281443	0.899352	0.100648	2.884876
12810	-1821.05	-2102.982	281.932	1.57032	3.312073	0.946586	0.0534145	2.308246
12816	-1819.405	-2101.101	281.6969	1.470637	3.108119	0.849595	0.150405	2.570523
12822	-1813.351	-2096.047	282.6961	1.590314	2.914041	0.849595	0.150405	1.901429
12828	-1813.345	-2093.792	280.4471	1.329784	3.881127	0.772455	0.227545	3.235187
12834	-1843.964	-2123.799	279.8353	1.101148	2.53047	0.787689	0.212311	4.041646
12840	-1819.874	-2100.188	280.3139	1.303674	2.565755	0.87535	0.12465	3.640219
12846	-1815.946	-2096.571	280.6243	1.281471	1.958978	0.927381	0.0726191	3.661112
12852	-1812.983	-2093.24	280.257	1.122775	3.055717	0.932479	0.0675209	3.650683
12858	-1812.293	-2092.695	280.4015	1.117467	2.473808	0.836979	0.163021	3.723253
12864	-1824.354	-2103.661	279.3073	1.163348	2.711037	0.823248	0.176752	4.257811
12870	-1819.872	-2101.43	281.5581	1.351539	2.411914	0.942593	0.057407	2.922325
12876	-1819.655	-2099.958	280.3025	1.316315	3.025069	0.891443	0.108557	3.519295
12882	-1811.181	-2091.475	280.2944	1.203892	3.091271	0.744243	0.255757	3.573299
12888	-1821.202	-2102.962	281.7604	1.237395	2.562939	0.670866	0.329134	2.823799
12894	-1822.94	-2104.13	281.1899	1.133821	2.187208	0.670866	0.329134	3.341316
12900	-1838.11	-2119.361	281.2504	1.191748	2.582928	0.824842	0.175158	3.151784
12906	-1822.044	-2103.327	281.283	1.174657	2.88908	0.609126	0.390874	3.059009
12912	-1823.773	-2104.758	280.9851	1.343142	4.004827	0.775317	0.224683	2.880375
12918	-1812.659	-2094.976	282.317	1.507802	3.317903	0.867655	0.132345	2.098176
12924	-1813.736	-2096.271	282.5344	1.550478	3.103753	0.840856	0.159144	1.982965
12930	-1820.981	-2101.546	280.5648	1.41629	4.105812	0.801311	0.198689	3.068827
12936	-1833.999	-2112.825	278.8264	1.111935	2.619053	0.868406	0.131594	4.582144
12942	-1822.955	-2102.305	279.3507	1.172486	2.828384	0.783677	0.216323	4.197895
12948	-1817.503	-2098.17	280.6671	1.147873	2.690215	0.835937	0.164063	3.491213
12954	-1813.076	-2092.414	279.3374	1.26954	2.712044	0.887432	0.112568	4.180229
12960	-1822.072	-2103.116	281.044	1.624915	4.63707	0.688949	0.311051	2.548856
12966	-1829.121	-2111.221	282.1006	1.578192	3.207515	0.647642	0.352358	2.221709
12972	-1821.465	-2101.241	279.7764	1.140444	3.167604	0.868042	0.131958	3.890952
12978	-1834.561	-2114.129	279.5677	1.357875	4.798305	0.711811	0.288189	3.564468
12984	-1823.234	-2103.579	280.345	1.428585	2.652224	0.741142	0.258858	3.525708
12990	-1839.424	-2120.81	281.3858	1.352975	2.626472	0.894546	0.105454	2.962034
12996	-1824.019	-2105.669	281.6501	1.517127	2.903944	0.87717	0.12283	2.624349
13002	-1835.51	-2116.879	281.3693	1.545806	3.12003	0.865202	0.134798	2.723108
13008	-1829.183	-2109.634	280.4505	1.286737	3.037108	0.756383	0.243617	3.447142
13014	-1826.516	-2106.808	280.2919	1.327855	3.283984	0.816057	0.183943	3.457041
13020	-1830.732	-2110.875	280.1438	1.309851	3.726784	0.659087	0.340913	3.457041
13026	-1832.319	-2112.409	280.0904	1.258954	4.95529	0.659087	0.340913	3.290037
13032	-1839.249	-2121.111	281.8618	1.546518	3.964327	0.820509	0.179491	2.216084
13038	-1845.077	-2126.63	281.5528	1.633884	3.338507	0.802309	0.197691	2.501001
13044	-1825.607	-2107.23	281.6235	1.599996	3.245058	0.732899	0.267101	2.501001
13050	-1816.131	-2095.634	279.5031	1.225149	3.805822	0.826829	0.173171	3.861031
13056	-1830.978	-2109.91	278.9311	1.120323	3.462151	0.710574	0.289426	4.31791
13062	-1834.142	-2112.02	277.8778	1.035368	3.620922	0.803297	0.196703	4.923126
13068	-1820.619	-2100.822	280.2031	1.396414	4.44279	0.848548	0.151452	3.231701
13074	-1815.127	-2094.804	279.6772	1.040697	2.612221	0.865281	0.134719	4.143696
13080	-1828.123	-2108.923	280.7996	1.308071	2.612221	0.857092	0.142908	3.341177
13086	-1819.172	-2098.876	279.7035	1.178131	3.056645	0.84423	0.15577	3.937379
13092	-1827	-2107.264	280.2634	1.177454	3.184301	0.926276	0.0737239	3.584497
13098	-1832.694	-2111.216	278.5229	1.161062	4.402114	0.799244	0.200756	4.343654
13104	-1816.881	-2097.52	280.6391	1.409569	3.698861	0.929966	0.0700343	3.111961
13110	-1820.157	-2101.415	281.2577	1.087263	2.331042	0.815479	0.184521	3.283678
13116	-1823.135	-2105.288	282.1533	1.293293	2.103578	0.815479	0.184521	2.695735
13122	-1818.982	-2101.474	282.4929	1.45239	3.209119	0.90291	0.0970901	2.047247
13128	-1817.797	-2099.252	281.4546	1.595161	4.17459	0.877864	0.122136	2.400424
13134	-1827.879	-2109	281.1215	1.471886	3.201123	0.773876	0.226124	2.898669
13140	-1827.249	-2108.116	280.8666	1.441317	5.560219	0.835746	0.164254	2.614346
13146	-1807.923	-2088.462	280.5395	1.189998	2.830056	0.835746	0.164254	3.504041
13152	-1834.861	-2117.894	283.0327	1.540027	2.211163	0.909907	0.0900928	1.937928
13158	-1835.37	-2117.94	282.5692	1.605461	2.36791	0.855522	0.144478	2.146811
13164	-1838.105	-2119.598	281.4933	1.268369	3.979809	0.884822	0.115178	2.620625
13170	-1820.283	-2101.561	281.2783	1.475138	2.472572	0.960235	0.0397652	2.997989
13176	-1826.158	-2108.633	282.4745	1.485051	2.000828	0.9317	0.0682996	2.413505
13182	-1827.89	-2108.666	280.7756	1.512544	3.25614	0.882933	0.117067	3.068804
13188	-1822.421	-2102.724	280.3034	1.229868	2.450321	0.970244	0.0297564	3.721722
13194	-1834.981	-2114.206	279.2251	1.191772	3.223141	0.805226	0.194774	4.163543
13200	-1845.901	-2126.149	280.2478	1.373735	3.912288	0.914509	0.0854912	3.320533
13206	-1834.685	-2113.669	278.9844	1.266768	4.530122	0.816453	0.183547	3.999042
13212	-1826.511	-2107.516	281.0051	1.489447	3.328624	0.834448	0.165552	2.92781
13218	-1840.103	-2119.623	279.5195	1.175223	3.321246	0.913013	0.086987	3.983056
13224	-1823.543	-2101.54	277.9973	0.9702096	2.403374	0.795204	0.204796	5.181959
13230	-1814.389	-2092.611	278.2216	1.046844	2.266491	0.891856	0.108144	5.054566
13236	-1810.939	-2091.172	280.2327	1.219934	3.958864	0.770736	0.229264	3.410403
13242	-1818.122	-2099.122	281.0004	1.279846	3.675817	0.760541	0.239459	2.978332
13248	-1818.531	-2100.078	281.5472	1.188202	2.57666	0.907236	0.0927644	2.978332
13254	-1830.571	-2112.347	281.7755	1.452444	3.238903	0.855146	0.144854	2.49977
13260	-1826.773	-2108.191	281.4172	1.336608	3.33849	0.86432	0.13568	2.768189
13266	-1807.859	-2089.267	281.4085	1.176324	3.050433	0.856321	0.143679	2.941235
13272	-1818.423	-2099.236	280.8127	1.282382	3.050433	0.726398	0.273602	3.233425
13278	-1823.883	-2104.01	280.1269	1.233622	3.028922	0.918654	0.0813462	3.668326
13284	-1822.741	-2103.443	280.7021	1.176438	3.028922	0.823552	0.176448	3.366396
13290	-1831.955	-2112.984	281.0289	1.566234	3.331381	0.835628	0.164372	2.866327
13296	-1828.825	-2110.785	281.9609	1.381052	2.710665	0.868859	0.131141	2.569774
13302	-1828.164	-2109.607	281.4434	1.286874	2.167246	0.913306	0.0866939	3.107219
13308	-1826.903	-2108.482	281.5793	1.286874	1.900956	0.900264	0.0997357	3.118182
13314	-1820.699	-2102.568	281.8688	1.545874	2.21887	0.766189	0.233811	2.676279
13320	-1827.305	-2108.904	281.5992	1.494912	2.997742	0.634668	0.365332	2.644541
13326	-1845.555	-2127.718	282.1633	1.560291	2.830163	0.63135	0.36865	2.295482
13332	-1818.147	-2099.145	280.9989	1.300801	5.107501	0.884433	0.115567	2.69365
13338	-1817.346	-2099.074	281.7276	1.407827	2.88077	0.884433	0.115567	2.650208
13344	-1829.126	-2110.385	281.2591	1.413666	4.102558	0.918698	0.0813024	2.650208
13350	-1829.634	-2110.714	281.0803	1.427023	3.304045	0.921162	0.0788378	2.925916
13356	-1831.816	-2113.172	281.356	1.572321	3.263628	0.878414	0.121586	2.679361
13362	-1838.853	-2121.243	282.3896	1.480393	2.08986	0.878414	0.121586	2.437596
13368	-1826.07	-2107.651	281.581	1.424703	3.481584	0.927407	0.0725932	2.579539
13374	-1830.911	-2111.021	280.1098	1.344854	2.264044	0.836103	0.163897	3.822422
13380	-1828.955	-2110.466	281.5103	1.50904	2.489976	0.8426	0.1574	2.832303
13386	-1821.194	-2102.333	281.1388	1.479485	3.22193	0.685954	0.314046	2.878575
13392	-1829.137	-2110.013	280.8762	1.303392	2.650224	0.916194	0.0838056	3.288318
13398	-1831.224	-2112.947	281.7232	1.303392	3.171375	0.925844	0.0741556	2.641644
13404	-1827.442	-2107.118	279.6761	1.247102	2.813037	0.832385	0.167615	3.973906
13410	-1822.129	-2101.358	279.2283	1.266114	3.421948	0.815035	0.184965	4.075127
13416	-1832.672	-2113.622	280.9504	1.41995	3.593976	0.903599	0.0964007	2.942067
13422	-1851.171	-2132.659	281.4885	1.249308	2.594516	0.91944	0.0805602	2.97178
13428	-1844.055	-2123.947	279.8916	1.198286	2.350185	0.943375	0.0566251	4.005638
13434	-1829.511	-2110.138	280.6273	1.454817	5.08175	0.732903	0.267097	2.830827
13440	-1841.564	-2122.804	281.2399	1.500236	4.790355	0.875871	0.124129	2.476214
13446	-1828.666	-2108.822	280.1558	1.274617	5.176103	0.882292	0.117708	3.20593
13452	-1834.224	-2113.129	278.9048	1.13538	3.225865	0.918671	0.0813293	4.376254
13458	-1839.433	-2118.391	278.9586	1.110778	4.182085	0.886206	0.113794	4.164918
13464	-1831.91	-2112.376	280.4658	1.516206	5.284429	0.901817	0.0981827	2.8581
13470	-1825.255	-2106.624	281.3696	1.310986	4.187405	0.793207	0.206793	2.628256
13476	-1815.879	-2097.401	281.5222	1.448482	3.264975	0.71566	0.28434	2.652987
13482	-1809.921	-2089.911	279.9907	1.334106	3.534546	0.729577	0.270423	3.572994
13488	-1806.551	-2086.543	279.9921	1.278854	3.681553	0.877992	0.122008	3.572994
13494	-1808.138	-2089.001	280.8631	1.259225	3.657619	0.696642	0.303358	3.076881
13500	-1814.177	-2093.242	279.0653	1.366346	2.798398	0.790534	0.209466	4.257408
13506	-1830.249	-2109.173	278.9236	1.045876	2.798398	0.811097	0.188903	4.518222
13512	-1824.077	-2100.967	276.8906	1.017325	4.569667	0.837579	0.162421	5.306031
13518	-1815.5	-2094.527	279.0269	1.187282	4.326649	0.837579	0.162421	4.056113
13524	-1818.536	-2098.739	280.2035	1.220104	3.331629	0.914251	0.0857492	3.560524
13530	-1820.36	-2099.802	279.4419	1.219527	3.672369	0.928023	0.0719766	3.926612
13536	-1818.689	-2097.625	278.9362	1.184316	3.466147	0.853752	0.146248	4.277978
13542	-1824.702	-2105.673	280.9708	1.243969	2.248234	0.890259	0.109741	3.385942
13548	-1828.602	-2109.489	280.8874	1.250873	3.138803	0.87737	0.12263	3.186177
13554	-1842.138	-2121.658	279.5197	1.191745	3.712602	0.665174	0.334826	3.889647
13560	-1829.009	-2109.263	280.2546	1.209842	3.553539	0.841627	0.158373	3.487495
13566	-1821.075	-2102.136	281.061	1.52445	3.245201	0.813444	0.186556	2.892812
13572	-1835.015	-2117.403	282.3879	1.464455	3.525986	0.640163	0.359837	2.027519
13578	-1829.151	-2108.231	279.0799	1.205086	3.539153	0.907776	0.0922239	4.169178
13584	-1824.159	-2104.053	279.894	1.149433	2.884619	0.906547	0.093453	3.886854
13590	-1820.828	-2102.025	281.197	1.320194	2.670153	0.847388	0.152612	3.082545
13596	-1824.452	-2104.682	280.2299	1.24071	2.674476	0.877733	0.122267	3.695493
13602	-1834.874	-2115.078	280.2039	1.447159	2.844073	0.831344	0.168656	3.546067
13608	-1822.139	-2103.099	280.9597	1.435937	3.191638	0.828465	0.171535	3.019954
13614	-1820.371	-2101.62	281.2491	1.374675	2.026574	0.828465	0.171535	3.217709
13620	-1826.72	-2108.374	281.6544	1.162019	2.081635	0.874574	0.125426	3.08439
13626	-1821.102	-2102.129	281.0265	1.315281	2.639948	0.936736	0.0632643	3.19526
13632	-1818.097	-2098.945	280.848	1.140498	2.355347	0.935279	0.0647208	3.485455
13638	-1825.213	-2106.786	281.5731	1.322129	2.48391	0.829105	0.170895	2.909285
13644	-1829.32	-2111.799	282.4789	1.439758	2.408433	0.97925	0.0207496	2.298626
13650	-1806.799	-2086.168	279.3692	1.194684	2.894321	0.73158	0.26842	4.158255
13656	-1810.857	-2090.103	279.2467	1.261173	3.024671	0.873324	0.126676	4.158255
13662	-1797.913	-2077.885	279.9713	1.192219	2.216116	0.936346	0.0636536	4.004017
13668	-1806.367	-2086.503	280.1368	1.158012	1.939563	0.916468	0.0835325	4.019068
13674	-1818.893	-2097.747	278.8536	1.096719	3.335586	0.842497	0.157503	4.402492
13680	-1811.778	-2092.48	280.7016	1.318984	2.93064	0.842497	0.157503	3.307552
13686	-1820.015	-2099.841	279.8262	1.318984	3.122231	0.907458	0.092542	3.77029
13692	-1826.536	-2110.619	284.0825	1.993259	1.781831	0.812598	0.187402	0.9633873
13698	-1818.264	-2102.321	284.0574	1.998067	1.752568	0.924854	0.0751462	1.003335
13704	-1830.169	-2113.6	283.4309	1.910643	2.974918	0.738443	0.261557	1.076137
13710	-1818.774	-2100.029	281.2553	1.427733	2.433135	0.798686	0.201314	3.051997
13716	-1814.354	-2092.623	278.2696	0.9428519	3.536598	0.877445	0.122555	4.773596
13722	-1804.086	-2082.587	278.5011	1.016236	3.553139	0.566164	0.433836	4.599538
13728	-1804.847	-2083.953	279.1059	0.8955515	1.881081	0.872266	0.127734	4.769049
13734	-1823.991	-2104.403	280.4112	1.106067	2.616597	0.876068	0.123932	3.684238
13740	-1832.384	-2112.239	279.8545	1.139837	3.281109	0.84793	0.15207	3.820236
13746	-1838.201	-2118.543	280.3427	1.139837	2.219119	0.948172	0.0518279	3.820236
13752	-1843.472	-2125.635	282.163	1.415324	2.219119	0.92937	0.0706296	2.575104
13758	-1818.716	-2100.252	281.536	1.395004	2.906072	0.876044	0.123956	2.768758
13764	-1839.517	-2119.793	280.2761	1.298037	3.002507	0.729343	0.270657	3.550866
13770	-1832.92	-2113.453	280.5325	1.205446	3.685497	0.784272	0.215728	3.298856
13776	-1841.483	-2121.942	280.4588	1.182348	3.51074	0.725083	0.274917	3.393441
13782	-1836.707	-2117.915	281.2083	1.188664	2.138181	0.841528	0.158472	3.314162
13788	-1829.648	-2110.207	280.5595	1.330542	3.216745	0.841528	0.158472	3.314162
13794	-1821.79	-2102.281	280.491	1.223842	3.216745	0.841528	0.158472	3.41704
13800	-1831.343	-2110.739	279.3957	1.020843	2.264906	0.885462	0.114538	4.413099
13806	-1835.768	-2115.283	279.5153	1.015614	3.062223	0.96153	0.0384705	4.136164
13812	-1829.748	-2111.845	282.0975	1.819006	4.053758	0.780453	0.219547	1.85915
13818	-1825.258	-2107.3	282.0419	1.298265	4.18706	0.892636	0.107364	2.21241
13824	-1830.547	-2112.485	281.9382	1.533827	3.124009	0.7688	0.2312	2.375509
13830	-1808.594	-2089.017	280.4234	1.18537	2.774367	0.889829	0.110171	3.588814
13836	-1801.538	-2083.097	281.5589	1.325374	3.499585	0.797873	0.202127	2.650412
13842	-1792.123	-2073.17	281.0469	1.410897	2.891117	0.863164	0.136836	3.058375
13848	-1801.856	-2082.601	280.7453	1.537391	3.510557	0.955317	0.044683	3.013314
13854	-1805.965	-2087.47	281.5047	1.293587	2.269059	0.889954	0.110046	3.033703
13860	-1817.518	-2097.885	280.3673	1.286784	2.577697	0.95862	0.0413797	3.615704
13866	-1821.874	-2101.612	279.738	1.251709	4.29636	0.967868	0.0321322	3.615704
13872	-1818.432	-2095.959	277.5265	0.9782035	4.29636	0.958258	0.0417422	5.022502
13878	-1821.385	-2099.788	278.403	0.9827319	1.979514	0.897488	0.102512	5.078665
13884	-1827.127	-2104.923	277.7962	1.041942	3.093555	0.785443	0.214557	5.078665
13890	-1829.525	-2106.61	277.0851	1.084912	3.195266	0.695703	0.304297	5.424929
13896	-1832.44	-2110.07	277.6304	1.184979	3.740653	0.869199	0.130801	4.95354
13902	-1832.079	-2111.918	279.8388	1.271862	3.215642	0.792784	0.207216	3.768318
13908	-1831.47	-2111.822	280.3515	1.326686	2.291887	0.672283	0.327717	3.684934
13914	-1831.327	-2112.969	281.6424	1.522367	2.802242	0.800301	0.199699	2.653575
13920	-1830.111	-2111.465	281.3541	1.487109	3.69598	0.940842	0.0591576	2.632543
13926	-1823.11	-2103.626	280.5166	1.422552	3.531797	0.796423	0.203577	3.213267
13932	-1834.636	-2115.516	280.8791	1.456025	3.0688	0.829592	0.170408	3.086288
13938	-1831.242	-2113.109	281.8671	1.336836	2.778647	0.712736	0.287264	2.635981
13944	-1823.715	-2105.513	281.7985	1.428687	2.248075	0.832923	0.167077	2.78144
13950	-1826.18	-2107.381	281.2012	1.331127	2.672259	0.816309	0.183691	3.072898
13956	-1824.224	-2103.791	279.5666	1.189138	3.266981	0.91728	0.0827201	3.960339
13962	-1840.128	-2117.863	277.7349	1.147681	3.603368	0.805982	0.194018	4.943738
13968	-1831.511	-2109.694	278.1823	0.9326716	3.113876	0.910893	0.0891067	4.920204
13974	-1825.1	-2103.325	278.2249	1.043678	2.758844	0.75996	0.24004	4.920204
13980	-1820.269	-2099.646	279.3768	1.12562	3.877187	0.831509	0.168491	3.976247
13986	-1820.316	-2098.829	278.5132	1.035519	3.332624	0.831509	0.168491	4.628958
13992	-1826.794	-2107.805	281.0111	1.444839	4.486762	0.831509	0.168491	2.708379
13998	-1829.429	-2108.512	279.0825	1.301357	4.683816	0.809069	0.190931	3.896632
14004	-1830.329	-2110.287	279.958	1.177649	2.685449	0.958685	0.0413147	3.885478
14010	-1818.584	-2098.749	280.1645	1.313623	3.524839	0.887724	0.112276	3.485786
14016	-1815.254	-2094.998	279.7438	1.357865	4.65853	0.797494	0.202506	3.485786
14022	-1817.386	-2098.151	280.765	1.389889	3.590298	0.928904	0.0710956	3.072091
14028	-1825.82	-2105.756	279.9365	1.344403	3.314998	0.838435	0.161565	3.647114
14034	-1827.143	-2108.887	281.7443	1.360819	3.200676	0.818449	0.181551	2.585778
14040	-1822.467	-2102.506	280.039	1.101322	3.427678	0.843494	0.156506	3.703269
14046	-1820.703	-2100.695	279.9925	1.242601	3.72296	0.755965	0.244035	3.585217
14052	-1824.523	-2107.051	282.5287	1.406133	1.938392	0.965986	0.034014	2.452425
14058	-1821.38	-2102.617	281.2366	1.25931	1.61141	0.938652	0.0613476	3.44773
14064	-1818.769	-2098.744	279.9751	1.200502	2.392797	0.975591	0.0244091	3.944101
14070	-1833.109	-2113.372	280.2628	1.185335	3.622025	0.858432	0.141568	3.482365
14076	-1822.055	-2101.138	279.0829	1.038599	3.622025	0.929897	0.0701026	4.244635
14082	-1837.359	-2118.466	281.1077	1.224078	3.768078	0.954553	0.0454471	2.927499
14088	-1825.274	-2107.857	282.5831	1.363505	2.143106	0.880864	0.119136	2.37035
14094	-1833.705	-2113.218	279.5134	1.17478	3.531018	0.768387	0.231613	3.940973
14100	-1836.412	-2116.658	280.246	1.175246	2.229355	0.755279	0.244721	3.852289
14106	-1830.944	-2112.262	281.3179	1.325335	3.50595	0.809461	0.190539	2.796571
14112	-1822.229	-2103.896	281.6672	1.258308	2.566815	0.788258	0.211742	2.866551
14118	-1817.41	-2097.932	280.5224	1.145945	3.618498	0.764087	0.235913	3.354114
14124	-1838.405	-2117.836	279.4314	1.289429	2.273025	0.763028	0.236972	4.238578
14130	-1832.125	-2111.413	279.2884	1.288765	2.557229	0.829289	0.170711	4.238578
14136	-1830.587	-2109.821	279.2341	1.125795	2.528964	0.785076	0.214924	4.369259
14142	-1837.771	-2117.898	280.1271	1.197341	3.209564	0.785076	0.214924	3.646154
14148	-1828.388	-2107.822	279.4347	1.074586	3.12205	0.874233	0.125767	4.134354
14154	-1816.11	-2097.037	280.9273	1.246903	3.317258	0.953773	0.0462274	3.122361
14160	-1826.518	-2107.128	280.6108	1.344784	3.563106	0.937693	0.0623065	3.19665
14166	-1819.4	-2101.219	281.8188	1.373918	3.095421	0.906315	0.0936846	2.558087
14172	-1821.87	-2103.179	281.3092	1.452155	3.174154	0.895926	0.104074	2.803433
14178	-1824.603	-2106.606	282.0031	1.367603	1.931512	0.974065	0.0259353	2.803433
14184	-1837.641	-2117.162	279.521	1.035128	2.907327	0.783221	0.216779	4.159441
14190	-1818.833	-2101.334	282.5009	1.43408	2.446762	0.966876	0.0331244	2.275896
14196	-1815.05	-2097.248	282.1981	1.395856	3.208915	0.802719	0.197281	2.275896
14202	-1815.27	-2097.17	281.8995	1.300645	2.578916	0.802719	0.197281	2.695528
14208	-1823.631	-2103.925	280.2933	1.004605	3.000238	0.945868	0.0541317	3.711578
14214	-1814.822	-2096.043	281.2214	1.340841	3.188685	0.926554	0.0734462	2.920521
14220	-1825.884	-2106.778	280.8942	1.449219	3.319095	0.790048	0.209952	3.020879
14226	-1824.369	-2104.305	279.9355	1.336349	4.353041	0.899583	0.100417	3.440906
14232	-1829.962	-2111.503	281.5409	1.204411	2.275388	0.795148	0.204852	3.06339
14238	-1813.386	-2092.61	279.2247	1.042434	2.511231	0.923956	0.0760443	4.426472
14244	-1822.519	-2103.438	280.9195	1.336616	3.390078	0.92338	0.0766204	3.056582
14250	-1809.652	-2090.492	280.8401	1.30604	3.597636	0.698027	0.301973	3.075716
14256	-1817.094	-2097.946	280.8528	1.451768	3.597636	0.811531	0.188469	2.980857
14262	-1825.954	-2104.883	278.9283	1.325672	4.350312	0.633072	0.366928	4.029187
14268	-1835.551	-2115.815	280.2642	1.464937	3.574244	0.804438	0.195562	3.327949
14274	-1834.826	-2116.169	281.3425	1.73286	4.177147	0.839943	0.160057	2.383704
14280	-1825.471	-2106.473	281.002	1.671369	5.884855	0.839943	0.160057	2.334224
14286	-1840.167	-2120.298	280.1303	1.473291	3.71604	0.870529	0.129471	3.371471
14292	-1820.867	-2097.977	277.1102	1.103483	3.884586	0.872099	0.127901	5.259128
14298	-1821.749	-2100.954	279.2041	1.266484	3.764065	0.604391	0.395609	4.017005
14304	-1831.135	-2109.602	278.467	1.154577	3.764065	0.811629	0.188371	4.498095
14310	-1836.455	-2115.793	279.3383	1.12215	1.921183	0.913595	0.0864046	4.498095
14316	-1840.969	-2123.833	282.8633	1.336857	2.00158	0.744033	0.255967	2.26018
14322	-1840.044	-2121.655	281.6109	1.359551	2.994684	0.9533	0.0466997	2.721292
14328	-1838.481	-2119.171	280.6894	1.359551	3.446798	0.948179	0.0518205	3.167128
14334	-1830.563	-2110.549	279.9864	1.153245	2.34094	0.900312	0.0996881	3.979937
14340	-1831.249	-2110.385	279.1364	0.960451	3.446242	0.791047	0.208953	4.295645
14346	-1820.887	-2102.949	282.0626	1.276457	2.014956	0.665128	0.334872	2.792588
14352	-1839.097	-2119.918	280.821	1.063423	2.800957	0.879871	0.120129	3.421107
14358	-1831.902	-2111.287	279.3846	1.318391	3.52367	0.792331	0.207669	3.934041
14364	-1828.4	-2107.275	278.8754	1.060928	2.455158	0.922162	0.0778384	4.627999
14370	-1815.819	-2095.76	279.9412	0.9338694	3.066209	0.881176	0.118824	3.938827
14376	-1820.354	-2101.165	280.8113	1.460094	2.415914	0.881176	0.118824	3.301405
14382	-1817.031	-2098.794	281.7633	1.621785	2.890888	0.950832	0.0491681	2.492501
14388	-1839.059	-2120.981	281.9223	1.609152	3.705207	0.948671	0.0513289	2.194844
14394	-1831.885	-2112.222	280.3374	1.088296	2.757655	0.919116	0.0808845	3.699342
14400	-1830.435	-2110.592	280.1568	1.101652	1.965829	0.903175	0.0968254	4.030866
14406	-1845.172	-2124.365	279.1937	1.0382	2.572532	0.6962	0.3038	4.42953
14412	-1829.177	-2111.326	282.1491	1.575682	3.383717	0.71638	0.28362	2.14684
14418	-1821.023	-2101.458	280.4354	1.575682	3.383717	0.858303	0.141697	3.203867
14424	-1808.562	-2090.024	281.4624	1.261727	3.421741	0.961806	0.038194	2.766732
14430	-1824.154	-2104.489	280.3348	1.27095	4.031117	0.835003	0.164997	3.306145
14436	-1812.48	-2091.86	279.3805	1.25935	3.791529	0.826024	0.173976	3.914632
14442	-1816.611	-2095.987	279.3758	1.26404	3.791529	0.834188	0.165812	3.914632
14448	-1811.021	-2090.318	279.2969	1.381293	3.650456	0.843588	0.156412	3.921503
14454	-1812.994	-2093.407	280.4128	1.351788	3.403951	0.863006	0.136994	3.344743
14460	-1830.046	-2110.462	280.4162	1.344938	4.306134	0.831592	0.168408	3.161249
14466	-1822.01	-2103.53	281.5207	1.503246	2.550391	0.928539	0.0714614	2.811594
14472	-1814.054	-2095.905	281.8503	1.393172	2.838874	0.885613	0.114387	2.59488
14478	-1819.663	-2101.128	281.4645	1.4063	3.251713	0.800357	0.199643	2.71757
14484	-1802.746	-2083.763	281.017	1.319589	3.806101	0.860526	0.139474	2.916545
14490	-1805.084	-2085.661	280.5765	1.186748	2.544183	0.898596	0.101404	3.561695
14496	-1811.553	-2092.033	280.4799	1.325855	4.249102	0.863417	0.136583	3.14558
14502	-1825.224	-2105.272	280.0482	1.245391	3.537425	0.86371	0.13629	3.590501
14508	-1830.7	-2110.733	280.0333	1.211217	3.671359	0.745804	0.254196	3.590501
14514	-1845.822	-2124.738	278.9165	1.11731	3.753663	0.939244	0.0607558	4.267483
14520	-1845.156	-2123.015	277.8591	1.003143	2.717886	0.941371	0.058629	5.156139
14526	-1852.942	-2130.386	277.4445	0.8870485	4.086917	0.740423	0.259577	5.156139
14532	-1824.578	-2103.175	278.5962	1.053949	1.992477	0.777815	0.222185	4.927557
14538	-1807.061	-2087.784	280.7232	1.17276	2.153425	0.962803	0.0371966	3.602041
14544	-1811.094	-2092.659	281.5651	1.433419	2.808199	0.800007	0.199993	2.75393
14550	-1810.427	-2090.574	280.1463	1.196644	3.351763	0.812306	0.187694	3.602799
14556	-1819.527	-2099.611	280.0845	1.37212	2.986635	0.774401	0.225599	3.623051
14562	-1823.942	-2102.319	278.3766	1.147317	2.315225	0.82043	0.17957	4.898298
14568	-1815.535	-2095.568	280.0329	1.053442	2.489174	0.673296	0.326704	3.967524
14574	-1828.438	-2109.194	280.7557	1.250794	1.568148	0.791263	0.208737	3.749594
14580	-1825.377	-2105.795	280.4177	1.22881	2.676656	0.90812	0.0918802	3.592974
14586	-1819.909	-2099.58	279.6709	1.028738	2.077007	0.826702	0.173298	4.311604
14592	-1841.673	-2119.934	278.2606	1.074616	3.716822	0.918174	0.0818262	4.668201
14598	-1835.695	-2115.91	280.2146	1.088212	2.319717	0.844927	0.155073	3.892788
14604	-1816.314	-2097.188	280.8742	1.152412	2.091231	0.853529	0.146471	3.546382
14610	-1819.701	-2100.722	281.0212	1.004355	1.804208	0.913654	0.0863463	3.64694
14616	-1821.001	-2098.849	277.8479	1.004355	3.739134	0.959599	0.0404006	4.933323
14622	-1833.72	-2111.758	278.0384	1.041256	2.773285	0.726136	0.273864	5.021574
14628	-1820.354	-2101.962	281.6078	1.359752	3.505898	0.850898	0.149102	2.597542
14634	-1828.566	-2109.251	280.6848	1.361231	3.505898	0.850898	0.149102	3.155566
14640	-1824.947	-2105.076	280.1284	1.242812	3.536456	0.883692	0.116308	3.545575
14646	-1835.617	-2115.951	280.3332	1.217582	3.536456	0.905946	0.0940538	3.440785
14652	-1825.027	-2104.863	279.8362	1.310419	2.270462	0.89341	0.10659	3.997062
14658	-1828.233	-2109.682	281.4482	1.399179	2.164917	0.824973	0.175027	3.03804
14664	-1832.395	-2114.423	282.0274	1.635382	3.695196	0.855447	0.144553	2.111653
14670	-1829.022	-2108.201	279.179	1.272244	3.064292	0.857423	0.142577	4.180941
14676	-1815.506	-2095.452	279.9462	1.05762	2.939291	0.857423	0.142577	3.895916
14682	-1821.15	-2101.106	279.9564	1.275397	2.201306	0.863185	0.136815	3.969619
14688	-1811.19	-2090.885	279.6944	1.149586	3.306797	0.882699	0.117301	3.900802
14694	-1806.159	-2088.917	282.7584	1.281854	1.675218	0.957614	0.0423858	2.491233
14700	-1805.176	-2086.842	281.6658	1.288243	1.74916	0.953398	0.0466021	3.122817
14706	-1799.167	-2080.67	281.5023	1.420007	2.720151	0.929296	0.0707043	2.824729
14712	-1797.415	-2075.783	278.3677	0.9990851	2.8559	0.912944	0.0870564	4.841263
14718	-1806.208	-2086.591	280.3828	1.01967	2.518531	0.862474	0.137526	3.777746
14724	-1802.862	-2083.175	280.313	1.120834	2.537309	0.832038	0.167962	3.754421
14730	-1810.589	-2089.304	278.715	1.101471	2.340959	0.83275	0.16725	4.727584
14736	-1804.388	-2082.984	278.5962	1.177502	2.424549	0.734572	0.265428	4.727584
14742	-1818.512	-2097.98	279.4688	1.404299	2.992601	0.710285	0.289715	3.957737
14748	-1811.763	-2091.813	280.0497	1.005273	2.320397	0.764283	0.235717	4.034361
14754	-1799.166	-2079.166	279.9997	1.087248	3.452779	0.76109	0.23891	3.728574
14760	-1808.013	-2088.362	280.3482	1.059402	3.364591	0.837309	0.162691	3.562365
14766	-1823.044	-2104.577	281.5334	1.084948	2.215464	0.837309	0.162691	3.158125
14772	-1818.655	-2101.009	282.353	1.338869	2.654319	0.837309	0.162691	2.366747
14778	-1821.787	-2105.247	283.4597	1.574523	1.510897	0.930508	0.069492	1.922203
14784	-1813.543	-2096.068	282.5243	1.659708	3.311748	0.883591	0.116409	1.859316
14790	-1827.279	-2110.118	282.8391	1.459342	2.968975	0.917405	0.0825954	1.877124
14796	-1822.164	-2103.773	281.6093	1.521391	3.604469	0.917405	0.0825954	2.473168
14802	-1824.464	-2106.112	281.6479	1.559167	3.787952	0.888753	0.111247	2.383615
14808	-1825.986	-2108.459	282.4728	1.550139	3.143023	0.832698	0.167302	2.013501
14814	-1835.642	-2116.67	281.0281	1.56127	3.92892	0.765899	0.234101	2.737139
14820	-1824.634	-2104.717	280.0838	1.331119	4.672814	0.841833	0.158167	3.29957
14826	-1816.682	-2096.909	280.2273	1.42332	3.490071	0.853222	0.146778	3.392469
14832	-1810.082	-2091.797	281.7143	1.193503	3.379831	0.643137	0.356863	2.663988
14838	-1831.162	-2111.716	280.5541	1.35582	2.734517	0.936933	0.0630667	3.423779
14844	-1818.864	-2099.979	281.1154	1.219361	2.734517	0.88101	0.11899	3.17341
14850	-1843.617	-2121.814	278.1975	0.8671794	3.898325	0.547515	0.452485	4.783946
14856	-1828.674	-2106.885	278.2108	0.9207761	2.878758	0.770393	0.229607	4.966633
14862	-1842.523	-2122.306	279.7834	1.253122	2.17209	0.92297	0.0770295	4.090153
14868	-1824.397	-2105.14	280.7438	1.353312	3.271625	0.765555	0.234445	3.178861
14874	-1804.53	-2084.628	280.0985	1.102188	2.314497	0.714309	0.285691	3.952891
14880	-1817.759	-2099.673	281.914	1.391827	2.521817	0.715054	0.284946	2.647526
14886	-1813.466	-2093.545	280.0795	1.098312	2.6308	0.87398	0.12602	3.875976
14892	-1817.079	-2098.721	281.6417	1.385958	2.396003	0.87398	0.12602	2.855804
14898	-1833.009	-2113.25	280.241	1.12401	3.184732	0.805933	0.194067	3.628444
14904	-1810.055	-2091.384	281.3289	1.283646	2.948969	0.841329	0.158671	2.950466
14910	-1829.396	-2112.138	282.7419	1.606492	2.923928	0.862762	0.137238	1.856251
14916	-1832.943	-2114.944	282.0013	1.373173	3.180886	0.865544	0.134456	2.422476
14922	-1813.915	-2095.549	281.6342	1.461983	3.817501	0.903611	0.096389	2.446995
14928	-1815.819	-2098.185	282.3666	1.586063	2.989596	0.940371	0.0596292	2.10223
14934	-1815.889	-2098.784	282.8956	1.586063	2.831402	0.928758	0.0712422	1.792485
14940	-1839.978	-2119.187	279.2094	1.383508	4.910078	0.945892	0.0541084	3.7386
14946	-1836.761	-2117.58	280.8196	1.337005	3.052526	0.785296	0.214704	3.196484
14952	-1815.211	-2097.337	282.1259	1.292972	3.318711	0.853639	0.146361	2.359721
14958	-1826.043	-2108.161	282.1182	1.177538	2.309751	0.911918	0.0880817	2.719599
14964	-1811.315	-2090.405	279.0897	1.11956	2.646781	0.96283	0.0371703	4.422432
14970	-1813.203	-2093.139	279.9366	1.345017	3.023643	0.766069	0.233931	3.71528
14976	-1809.454	-2092.114	282.6599	1.421429	3.242304	0.795621	0.204379	1.947645
14982	-1829.207	-2112.309	283.1021	1.593659	1.924122	0.838488	0.161512	1.965635
14988	-1825.644	-2108.581	282.9372	1.593659	2.80334	0.838488	0.161512	1.767003
14994	-1812.899	-2094.806	281.9076	1.452653	4.153875	0.803333	0.196667	2.206363
15000	-1815.459	-2096.694	281.2353	1.43634	3.741873	0.809016	0.190984	2.726681
15006	-1816.689	-2097.79	281.1012	1.635096	3.751521	0.889732	0.110268	2.68495
15012	-1815.565	-2096.064	280.4993	1.314771	4.219738	0.812203	0.187797	3.146199
15018	-1823.879	-2104.154	280.2746	1.251048	2.999584	0.967863	0.0321366	3.57977
15024	-1836.979	-2117.041	280.0619	1.174483	4.497028	0.83062	0.16938	3.435535
15030	-1825.932	-2104.702	278.7701	1.253915	2.935177	0.948163	0.0518367	4.453583
15036	-1817.469	-2096.983	279.5133	1.054534	2.960422	0.71138	0.28862	4.139724
15042	-1813.5	-2094.674	281.1734	1.273571	3.275277	0.873794	0.126206	2.969039
15048	-1825.115	-2106.115	280.9998	1.538417	4.492802	0.96954	0.0304602	2.656693
15054	-1826.741	-2106.263	279.5228	1.212603	3.320667	0.830123	0.169877	3.959925
15060	-1817.628	-2098.34	280.7116	1.239483	2.988168	0.793744	0.206256	3.333878
15066	-1831.375	-2112.097	280.7225	1.243666	3.198306	0.90866	0.0913403	3.273709
15072	-1829.757	-2109.699	279.9415	1.297746	3.198306	0.533987	0.466013	3.698099
15078	-1813.13	-2094.312	281.1822	1.2827	3.053202	0.74598	0.25402	3.012605
15084	-1820.142	-2101.937	281.7948	1.586193	2.854072	0.909831	0.090169	2.505149
15090	-1822.344	-2102.751	280.4076	1.100492	2.875888	0.909506	0.0904939	3.621
15096	-1815.99	-2096.335	280.3446	1.309976	3.367881	0.890844	0.109156	3.417461
15102	-1809.156	-2089.769	280.6135	1.252807	4.407648	0.705121	0.294879	3.079683
15108	-1817.749	-2098.288	280.5389	1.327344	4.407648	0.721504	0.278496	3.079683
15114	-1841.681	-2121.754	280.073	1.321139	4.200933	0.836086	0.163914	3.39769
15120	-1834.663	-2114.577	279.9144	1.302559	4.268763	0.796323	0.203677	3.488551
15126	-1821.957	-2102.833	280.8765	1.401734	3.245194	0.935488	0.0645121	3.077326
15132	-1822.251	-2103.617	281.3662	1.380446	3.776031	0.942233	0.0577666	2.673244
15138	-1817.753	-2098.268	280.515	1.286273	4.338721	0.748742	0.251258	3.131277
15144	-1812.367	-2093.72	281.3533	1.329591	4.032126	0.748742	0.251258	2.658383
15150	-1810.126	-2091.824	281.6974	1.265859	3.347679	0.877015	0.122985	2.637503
15156	-1825.076	-2106.547	281.4706	1.204319	4.15881	0.797901	0.202099	2.637503
15162	-1828.94	-2109.459	280.5189	1.144284	3.68928	0.859076	0.140924	3.342089
15168	-1812.49	-2093.018	280.5281	1.334302	3.458014	0.839086	0.160914	3.275017
15174	-1814.099	-2094.789	280.6905	1.334302	3.308492	0.791478	0.208522	3.213094
15180	-1815.135	-2095.529	280.3935	1.408036	3.051101	0.791478	0.208522	3.406092
15186	-1816.252	-2096.737	280.4845	1.361319	3.051101	0.782085	0.217915	3.380101
15192	-1820.827	-2102.539	281.7111	1.385115	3.051101	0.743842	0.256158	2.629346
15198	-1811.371	-2092.337	280.9666	1.482647	4.986622	0.831611	0.168389	2.622262
15204	-1816.868	-2098.116	281.2474	1.536841	3.153079	0.920127	0.0798735	2.794755
15210	-1812.069	-2093.118	281.0493	1.412915	3.353961	0.831155	0.168845	2.94135
15216	-1826.203	-2106.985	280.7815	1.493575	4.083068	0.868225	0.131775	2.896754
15222	-1823.722	-2102.572	278.8499	1.130096	2.86111	0.876614	0.123386	4.496575
15228	-1837.66	-2115.94	278.2797	1.130096	4.014708	0.668111	0.331889	4.568552
15234	-1833.995	-2115.665	281.6699	1.528949	3.372746	0.822271	0.177729	2.485097
15240	-1820.942	-2101.23	280.2878	1.124114	3.379252	0.840057	0.159943	3.556536
15246	-1818.903	-2099.716	280.8129	1.3023	3.308304	0.816019	0.183981	3.159501
15252	-1812.841	-2093.113	280.2724	1.618434	2.910152	0.868834	0.131166	3.389019
15258	-1813.316	-2091.774	278.4587	1.065494	3.878493	0.756757	0.243243	4.530347
15264	-1839.81	-2121.53	281.7196	1.44966	2.877824	0.915315	0.0846853	2.630134
15270	-1834.363	-2115.297	280.9336	1.489979	3.854728	0.78929	0.21071	2.853671
15276	-1811.502	-2093.165	281.6627	1.570265	4.682682	0.669241	0.330759	2.18242
15282	-1818.876	-2100.04	281.1639	1.274542	2.265911	0.736514	0.263486	3.248722
15288	-1805.472	-2086.098	280.6254	1.352203	2.964285	0.947051	0.0529488	3.324284
15294	-1805.814	-2087.137	281.3236	1.290591	2.429344	0.831839	0.168161	3.094215
15300	-1829.626	-2110.084	280.458	1.236491	2.079188	0.974789	0.0252109	3.742821
15306	-1828.04	-2107.906	279.8666	1.28257	2.443986	0.992818	0.00718225	3.94442
15312	-1808.104	-2089.066	280.9621	1.321659	3.344576	0.900502	0.0994983	3.050624
15318	-1815.858	-2098.377	282.5189	1.345589	2.099763	0.900502	0.0994983	2.437543
15324	-1827.255	-2108.975	281.7201	1.354524	3.03435	0.884116	0.115884	2.646972
15330	-1827.72	-2108.515	280.7951	1.465085	3.182428	0.914691	0.0853093	3.103137
15336	-1821.232	-2102.251	281.0193	1.36789	3.332226	0.929818	0.0701824	2.991553
15342	-1829.732	-2111.939	282.2069	1.453399	4.054731	0.791936	0.208064	2.031362
15348	-1825.817	-2105.489	279.6723	1.188422	2.504449	0.801846	0.198154	4.092025
15354	-1821.515	-2103.112	281.5973	1.237142	2.005721	0.771047	0.228953	3.099784
15360	-1822.445	-2103.294	280.8486	1.198069	1.753773	0.807261	0.192739	3.653521
15366	-1815.683	-2095.908	280.2251	1.265328	2.816444	0.801563	0.198437	3.646537
15372	-1821.835	-2101.561	279.7261	1.256175	3.401749	0.825495	0.174505	3.800146
15378	-1829.057	-2110.433	281.376	1.502872	4.091237	0.89529	0.10471	2.52474
15384	-1832.246	-2113.267	281.0206	1.479376	4.463936	0.89529	0.10471	2.685692
15390	-1827.059	-2107.519	280.4595	1.398573	2.757862	0.919199	0.0808008	3.447894
15396	-1843.499	-2120.764	277.2644	1.09472	3.076565	0.987296	0.0127041	5.347524
15402	-1826.218	-2105.378	279.1591	1.09836	2.290099	0.92235	0.0776498	4.495141
15408	-1834.079	-2114.627	280.5489	1.131026	3.132992	0.903386	0.0966136	3.457369
15414	-1825.027	-2106.115	281.0883	1.408404	3.018106	0.940812	0.0591883	3.002379
15420	-1828.701	-2110.634	281.9324	1.4833	3.494043	0.694521	0.305479	2.318982
15426	-1838.32	-2119.847	281.5267	1.526296	4.574183	0.87194	0.12806	2.318982
15432	-1824.449	-2106.705	282.2557	1.60156	4.098174	0.91167	0.0883301	1.889527
15438	-1828.483	-2111.928	283.4445	1.529947	1.957899	0.744456	0.255544	1.761203
15444	-1818.312	-2100.543	282.2308	1.416271	2.226113	0.853661	0.146339	2.530032
15450	-1827.741	-2108.395	280.6538	1.084397	1.82147	0.924039	0.0759606	3.806547
15456	-1820.415	-2099.64	279.2251	0.9884129	2.607562	0.908883	0.0911172	4.430469
15462	-1837.065	-2116.741	279.6761	1.234883	3.560653	0.844569	0.155431	3.806713
15468	-1824.95	-2102.898	277.9481	0.9106684	1.918349	0.943668	0.0563317	5.390241
15474	-1814.507	-2093.994	279.4869	1.219844	2.565033	0.886434	0.113566	4.162906
15480	-1837.04	-2115.979	278.9388	1.128182	3.762922	0.835836	0.164164	4.246863
15486	-1826.218	-2106.505	280.2877	1.092123	2.069964	0.885841	0.114159	3.926763
15492	-1823.138	-2101.736	278.5981	1.134374	2.47101	0.763011	0.236989	4.737651
15498	-1822.028	-2101.01	278.9821	1.023473	2.47101	0.964355	0.0356449	4.584735
15504	-1833.308	-2112.024	278.715	0.9287791	2.647536	0.889911	0.110089	4.739615
15510	-1829.642	-2107.088	277.4461	0.9485229	2.406533	0.799786	0.200214	5.497103
15516	-1821.072	-2099.674	278.6022	1.161731	2.498098	0.854208	0.145792	4.712591
15522	-1818.979	-2099.362	280.3828	1.036347	2.022269	0.826759	0.173241	3.919945
15528	-1830.546	-2110.646	280.1	1.113235	2.401796	0.709687	0.290313	3.919945
15534	-1822.952	-2104.271	281.3196	1.208374	2.401796	0.938427	0.0615729	3.153852
15540	-1826.732	-2105.607	278.8748	1.170911	3.833443	0.818624	0.181376	4.244843
15546	-1818.756	-2097.752	278.9958	1.147518	4.384233	0.591093	0.408907	4.086219
15552	-1806.299	-2085.389	279.0896	0.9808142	1.930838	0.926995	0.0730051	4.713608
15558	-1810.751	-2089.281	278.5302	0.9861842	3.039258	0.989865	0.0101352	4.713608
15564	-1827.062	-2106.982	279.9199	1.106926	3.432771	0.961849	0.0381514	3.76765
15570	-1824.002	-2102.57	278.5672	0.9964395	2.942215	0.671313	0.328687	4.710266
15576	-1817.21	-2097.307	280.0966	1.103821	2.942215	0.83302	0.16698	3.782166
15582	-1803.945	-2083.87	279.9253	1.227591	2.915534	0.968497	0.031503	3.816211
15588	-1823.237	-2103.13	279.8933	1.259581	2.915534	0.854167	0.145833	3.816211
15594	-1834.523	-2114.882	280.3585	1.280313	2.768245	0.82874	0.17126	3.573015
15600	-1836.112	-2115.546	279.434	1.286229	4.382437	0.576216	0.423784	3.755905
15606	-1830.174	-2109.893	279.7187	1.212049	3.749479	0.938877	0.0611234	3.755905
15612	-1841.911	-2121.074	279.1631	1.070857	3.749479	0.819147	0.180853	4.154774
15618	-1846.228	-2125.882	279.654	1.13164	2.433672	0.819147	0.180853	4.154774
15624	-1830.66	-2110.458	279.7978	1.119449	1.998771	0.950622	0.0493781	4.213908
15630	-1823.362	-2104.562	281.2001	1.119449	2.978474	0.815788	0.184212	3.118327
15636	-1816.615	-2097.771	281.1552	1.333495	2.603104	0.900855	0.0991449	3.118327
15642	-1816.976	-2098.257	281.2816	1.161282	2.700859	0.888248	0.111752	3.118327
15648	-1815.66	-2094.845	279.1848	1.053583	3.34669	0.848533	0.151467	4.23715
15654	-1828.513	-2107.167	278.6539	1.207723	2.311146	0.736408	0.263592	4.711007
15660	-1851.363	-2130.707	279.3431	0.955181	2.051809	0.774674	0.225326	4.545947
15666	-1825.85	-2105.439	279.5894	1.302066	3.499324	0.774674	0.225326	3.831118
15672	-1821.586	-2102.237	280.6511	1.5953	3.360678	0.790149	0.209851	3.069179
15678	-1822.661	-2103.448	280.7872	1.269541	3.155587	0.753725	0.246275	3.230404
15684	-1836.073	-2117.156	281.0832	1.191139	1.97472	0.63937	0.36063	3.441185
15690	-1829.949	-2111.318	281.3682	1.439024	2.563282	0.865827	0.134173	2.938972
15696	-1839.161	-2121.825	282.6649	1.544722	1.882177	0.880513	0.119487	2.300035
15702	-1820.098	-2100.929	280.8308	1.512749	4.099143	0.974005	0.0259951	2.852037
15708	-1823.599	-2104.709	281.1093	1.437109	2.484076	0.825492	0.174508	3.118373
15714	-1825.014	-2104.59	279.5758	1.176827	2.986561	0.866328	0.133672	4.02805
15720	-1819.332	-2098.862	279.5299	1.128987	3.21289	0.916912	0.0830876	4.02805
15726	-1825.282	-2104.681	279.3982	1.132457	3.544843	0.932137	0.0678628	4.02805
15732	-1812.091	-2094.283	282.1915	1.639585	3.924422	0.965202	0.0347984	1.946675
15738	-1811.208	-2091.997	280.7892	1.329103	4.038339	0.943484	0.0565164	3.000087
15744	-1823.126	-2102.461	279.3342	1.362642	4.0128	0.897648	0.102352	3.838293
15750	-1819.821	-2099.7	279.8785	1.216269	3.254105	0.897648	0.102352	3.768581
15756	-1808.541	-2088.728	280.1873	1.371408	2.91642	0.860182	0.139818	3.581334
15762	-1808.23	-2089.772	281.5417	1.26082	2.877611	0.870355	0.129645	2.85447
15768	-1804.957	-2084.942	279.9841	1.135088	2.346291	0.958645	0.0413547	3.990005
15774	-1832.356	-2111.938	279.5823	1.205432	2.593856	0.78621	0.21379	4.108969
15780	-1806.759	-2086.696	279.937	1.138192	2.432725	0.866283	0.133717	3.990005
15786	-1815.577	-2095.821	280.2445	1.260686	3.162816	0.820554	0.179446	3.552169
15792	-1828.15	-2105.946	277.7965	1.155246	3.74529	0.917702	0.0822985	4.876703
15798	-1810.942	-2090.569	279.6275	1.240972	2.816026	0.864625	0.135375	4.004394
15804	-1800.594	-2080.401	279.8078	1.174912	3.291978	0.919749	0.0802512	3.824483
15810	-1837.011	-2118.079	281.0676	1.356756	3.908736	0.740867	0.259133	2.841876
15816	-1837.207	-2118.43	281.2232	1.341497	3.51672	0.740843	0.259157	2.841876
15822	-1827.578	-2106.984	279.4059	1.224747	4.726535	0.832085	0.167915	3.747466
15828	-1833.072	-2113.115	280.043	1.265509	3.957342	0.903648	0.0963518	3.494927
15834	-1818.16	-2096.924	278.7643	1.424618	3.726416	0.864554	0.135446	4.185047
15840	-1824.043	-2103.374	279.3311	1.132576	3.313713	0.850221	0.149779	4.116516
15846	-1828.449	-2107.725	279.2766	1.126105	3.402072	0.944165	0.0558348	4.131716
15852	-1827.43	-2107.22	279.7898	1.247838	3.790573	0.835238	0.164762	3.685787
15858	-1804.55	-2082.975	278.4251	1.153419	5.006966	0.817725	0.182275	4.302343
15864	-1801.406	-2080.712	279.3058	1.152821	2.569534	0.682983	0.317017	4.302343
15870	-1820.868	-2100.961	280.0935	1.247131	2.327762	0.874093	0.125907	3.868664
15876	-1817.082	-2096.615	279.5335	1.314145	3.442268	0.824919	0.175081	3.868664
15882	-1821.18	-2102.622	281.4419	1.56131	4.046534	0.824919	0.175081	2.456252
15888	-1829.197	-2108.864	279.6664	1.347996	3.049246	0.849161	0.150839	3.863013
15894	-1837.552	-2119.121	281.5689	1.623766	2.59597	0.885161	0.114839	2.695122
15900	-1823.824	-2102.236	278.4119	1.234358	3.651298	0.97634	0.0236604	4.50692
15906	-1834.791	-2114.942	280.1503	1.182454	3.046363	0.931046	0.0689537	3.680183
15912	-1823.149	-2104.579	281.4302	1.192325	2.291866	0.901465	0.0985355	3.131376
15918	-1830.486	-2112.631	282.1447	1.552551	3.967208	0.89322	0.10678	2.026373
15924	-1842.648	-2123.273	280.6253	1.576818	2.65971	0.838365	0.161635	3.272369
15930	-1822.141	-2105.074	282.9332	1.610609	2.255476	0.875963	0.124037	1.941387
15936	-1823.099	-2105.178	282.0783	1.713998	4.24447	0.880566	0.119434	1.901266
15942	-1824.419	-2103.622	279.203	1.272047	3.50798	0.884607	0.115393	4.067664
15948	-1821.105	-2101.215	280.11	1.232297	3.579359	0.899103	0.100897	3.553165
15954	-1817.803	-2098.572	280.7694	1.208003	2.743852	0.832526	0.167474	3.381756
15960	-1820.864	-2102.258	281.3941	1.240388	2.004819	0.809308	0.190692	3.218853
15966	-1804.055	-2085.405	281.3506	1.331993	4.563238	0.908007	0.0919928	2.554135
15972	-1829.837	-2109.162	279.3251	1.115187	3.460328	0.897762	0.102238	4.097661
15978	-1824.883	-2105.751	280.8681	1.201502	3.147417	0.867093	0.132907	3.224779
15984	-1815.917	-2097.81	281.8929	1.440337	4.168199	0.848107	0.151893	2.220842
15990	-1837.144	-2116.451	279.3068	1.219387	3.632273	0.838943	0.161057	4.012243
15996	-1833.158	-2113.716	280.558	1.201978	2.595216	0.830862	0.169138	3.549317
16002	-1815.296	-2095.963	280.6661	1.280281	3.581972	0.878497	0.121503	3.197937
16008	-1812.91	-2093.041	280.1316	1.335256	3.553781	0.916193	0.0838067	3.486065
16014	-1835.893	-2115.223	279.3295	1.335065	3.209667	0.814859	0.185141	4.025568
16020	-1815.034	-2094.402	279.3677	1.284018	3.600382	0.795841	0.204159	3.947134
16026	-1805.859	-2085.7	279.841	1.234223	2.931621	0.706721	0.293279	3.856816
16032	-1819.393	-2100.251	280.8573	1.232209	2.935387	0.671708	0.328292	3.265709
16038	-1812.833	-2093.302	280.4692	1.104593	2.935387	0.898036	0.101964	3.567796
16044	-1805.765	-2087.14	281.3755	1.605897	2.935387	0.834617	0.165383	2.730207
16050	-1804.378	-2084.406	280.0279	1.326234	3.283828	0.780814	0.219186	3.611761
16056	-1815.472	-2096.301	280.8288	1.326234	3.345186	0.934363	0.0656374	3.127272
16062	-1808.624	-2089.389	280.7655	1.287145	2.986722	0.890924	0.109076	3.274424
16068	-1822.129	-2101.044	278.9157	1.330788	4.439236	0.700667	0.299333	4.017636
16074	-1829.135	-2111.79	282.6551	1.626904	3.084072	0.838571	0.161429	1.855192
16080	-1810.509	-2091.668	281.1593	1.422289	4.395494	0.913062	0.0869384	2.648488
16086	-1813.624	-2095.41	281.7858	1.465049	2.633136	0.940355	0.0596446	2.648488
16092	-1814.634	-2095.935	281.3016	1.408023	3.62206	0.806101	0.193899	2.729865
16098	-1838.142	-2117.064	278.9225	1.286314	4.300527	0.927597	0.0724032	4.063922
16104	-1834.802	-2115.473	280.6712	1.319611	2.361928	0.944367	0.0556329	3.482113
16110	-1826.869	-2106.605	279.7358	1.242754	3.088643	0.943183	0.0568166	3.87413
16116	-1837.433	-2116.11	278.677	0.986811	3.535771	0.943183	0.0568166	4.520895
16122	-1834.016	-2114.932	280.9154	1.267869	2.896543	0.845771	0.154229	3.220247
16128	-1831.167	-2111.393	280.2266	1.067863	2.580866	0.824112	0.175888	3.822602
16134	-1827.516	-2107.39	279.8739	1.231638	3.14966	0.824112	0.175888	3.786651
16140	-1830.048	-2110.181	280.1339	1.285214	3.016852	0.818068	0.181932	3.637372
16146	-1837.93	-2118.604	280.6738	1.202677	3.644485	0.831946	0.168054	3.225808
16152	-1837.019	-2118.311	281.2915	1.335097	2.906289	0.760063	0.239937	2.95315
16158	-1838.712	-2120.802	282.0902	1.485249	2.976052	0.808634	0.191366	2.349269
16164	-1830.777	-2112.907	282.1299	1.438302	3.45234	0.832259	0.167741	2.231338
16170	-1842.278	-2123.416	281.1378	1.407975	3.587269	0.716766	0.283234	2.837508
16176	-1830.17	-2110.943	280.7726	1.483514	3.011416	0.859304	0.140696	3.147728
16182	-1828.214	-2110.068	281.8537	1.467389	3.024862	0.866297	0.133703	2.496515
16188	-1814.424	-2095.862	281.438	1.467389	3.667986	0.894883	0.105117	2.599094
16194	-1817.152	-2099.854	282.702	1.340312	1.91054	0.960073	0.0399272	2.395292
16200	-1799.914	-2082.347	282.4336	1.613336	2.467264	0.803631	0.196369	2.197161
16206	-1806.33	-2088.675	282.3446	1.598556	2.480686	0.840306	0.159694	2.259809
16212	-1815.646	-2097.847	282.2007	1.366959	2.336425	0.970301	0.0296994	2.543174
16218	-1807.729	-2088.721	280.9916	1.272512	3.586519	0.680864	0.319136	3.007586
16224	-1807.265	-2088.567	281.3023	1.529523	3.332525	0.852428	0.147572	2.721919
16230	-1805.918	-2086.103	280.1849	1.202503	4.903409	0.758968	0.241032	3.27628
16236	-1806.45	-2087.272	280.8227	1.167441	2.759917	0.899275	0.100725	3.369944
16242	-1821.834	-2101.031	279.1965	1.100978	2.112401	0.948532	0.0514676	4.527034
16248	-1826.759	-2106.175	279.4156	1.088029	2.899766	0.833439	0.166561	4.19112
16254	-1824.29	-2101.237	276.9476	1.00383	2.104656	0.883379	0.116621	5.828601
16260	-1823.364	-2101.27	277.9063	0.8940248	2.440625	0.936746	0.0632539	5.263979
16266	-1801.723	-2081.545	279.8215	1.137675	3.050785	0.897767	0.102233	3.89433
16272	-1818.94	-2098.792	279.8517	1.162115	2.844363	0.933225	0.0667752	3.914011
16278	-1813.143	-2093.95	280.8068	1.387083	2.995822	0.784739	0.215261	3.188574
16284	-1808.85	-2089.91	281.06	1.443437	3.114602	0.787828	0.212172	2.974106
16290	-1801.042	-2078.72	277.6782	0.9940768	3.100509	0.925668	0.0743318	5.16901
16296	-1807.635	-2089.021	281.3866	1.071699	2.202727	0.920005	0.0799949	3.257052
16302	-1801.983	-2080.953	278.9704	1.093063	2.822681	0.936011	0.0639888	4.459224
16308	-1811.907	-2092.829	280.9217	1.121729	2.352792	0.92392	0.0760804	3.454134
16314	-1826.274	-2106.554	280.2798	1.254853	3.518359	0.932718	0.0672819	3.454134
16320	-1812.927	-2092.474	279.547	1.167507	3.518359	0.88875	0.11125	3.928552
16326	-1814.325	-2093.862	279.5369	1.210015	3.578633	0.928394	0.071606	3.897161
16332	-1811.06	-2088.927	277.8677	1.268767	3.401687	0.896933	0.103067	4.844476
16338	-1804.349	-2085.833	281.4835	1.37144	3.697726	0.908749	0.0912508	2.623654
16344	-1806.564	-2087.213	280.6491	1.192548	2.784678	0.817113	0.182887	3.450403
16350	-1807.755	-2086.559	278.804	1.101109	3.616733	0.676638	0.323362	4.368123
16356	-1816.686	-2097.32	280.6343	1.316612	2.834115	0.830521	0.169479	3.373422
16362	-1819.422	-2098.894	279.4719	1.231077	2.978743	0.866827	0.133173	4.058272
16368	-1818.512	-2097.336	278.8243	1.236978	3.580987	0.857073	0.142927	4.287262
16374	-1826.423	-2104.572	278.1489	1.218629	3.137958	0.800374	0.199626	4.773894
16380	-1826.302	-2105.469	279.1666	1.10362	2.126555	0.953981	0.0460193	4.537877
16386	-1834.53	-2114.935	280.4051	1.101673	2.65518	0.90165	0.0983497	3.679773
16392	-1817.354	-2096.776	279.4222	1.29253	3.038716	0.905323	0.0946774	4.03709
16398	-1829.039	-2108.894	279.8553	1.266392	2.701404	0.872845	0.127155	3.889278
16404	-1819.759	-2100.156	280.3964	1.441546	3.332598	0.872845	0.127155	3.31786
16410	-1832.785	-2112.034	279.2486	1.284729	2.441081	0.954268	0.0457323	4.295767
16416	-1827.767	-2108.781	281.014	1.152216	2.693686	0.73464	0.26536	3.284223
16422	-1821.589	-2102.929	281.34	1.394035	3.576344	0.705092	0.294908	2.725155
16428	-1820.75	-2101.344	280.5944	1.354376	4.55883	0.904494	0.095506	3.002546
16434	-1829.091	-2110.75	281.6588	1.313392	2.851126	0.894049	0.105951	2.758383
16440	-1826.468	-2108.493	282.0259	1.696544	3.139891	0.766162	0.233838	2.211241
16446	-1833.965	-2116.098	282.133	1.458175	2.757249	0.766162	0.233838	2.40042
16452	-1832.371	-2112.25	279.8797	1.162455	3.842926	0.94243	0.0575704	3.672567
16458	-1818.012	-2098.333	280.3214	1.400734	4.03547	0.760009	0.239991	3.236601
16464	-1820.165	-2100.367	280.2018	1.293533	2.333028	0.791637	0.208363	3.778093
16470	-1817.748	-2097.914	280.1667	1.252939	3.240517	0.928519	0.0714814	3.583689
16476	-1830.971	-2112.322	281.3517	1.663926	4.618397	0.855446	0.144554	2.334307
16482	-1816.363	-2097.557	281.1941	1.558611	5.56819	0.873835	0.126165	2.334307
16488	-1825.861	-2107.615	281.7535	1.424721	3.299471	0.687573	0.312427	2.515857
16494	-1823.217	-2103.945	280.7278	1.597039	3.678117	0.687573	0.312427	2.951035
16500	-1827.031	-2108.928	281.8975	1.398065	2.301733	0.905594	0.0944062	2.72229
16506	-1826.031	-2106.864	280.8332	1.208653	2.24907	0.841566	0.158434	3.48686
16512	-1818.084	-2098.089	280.0048	1.157081	1.618148	0.881729	0.118271	4.212562
16518	-1823.035	-2100.842	277.8074	0.980837	1.863959	0.881729	0.118271	5.44749
16524	-1834.093	-2113.886	279.7926	0.9888707	1.326634	0.970717	0.0292829	4.55012
16530	-1811.362	-2090.207	278.8448	1.137075	5.31674	0.943119	0.0568812	4.025016
16536	-1821.196	-2101.735	280.5393	1.32371	4.900094	0.836388	0.163612	2.993898
16542	-1812.809	-2093.695	280.886	1.414033	3.566467	0.897696	0.102304	2.990439
16548	-1826.935	-2108.73	281.7944	1.504988	3.184319	0.978482	0.0215175	2.46878
16554	-1813.715	-2093.7	279.9845	1.382032	4.614593	0.732127	0.267873	3.338305
16560	-1815.828	-2096.261	280.4331	1.411023	3.229014	0.897184	0.102816	3.338305
16566	-1821.182	-2102.746	281.5646	1.436618	2.98089	0.921022	0.078978	2.706065
16572	-1818.197	-2099.414	281.217	1.319856	2.848507	0.924845	0.0751551	3.022297
16578	-1826.38	-2107	280.6196	1.319561	3.61695	0.948468	0.0515319	3.194621
16584	-1828.549	-2109.358	280.8091	1.407235	2.793258	0.841857	0.158143	3.227778
16590	-1829.837	-2109.809	279.9724	1.213298	1.709433	0.90445	0.0955502	4.163922
16596	-1827.761	-2109.104	281.3432	1.251858	1.709433	0.835002	0.164998	3.350603
16602	-1814.846	-2095.561	280.7153	1.206359	2.657401	0.760729	0.239271	3.437783
16608	-1813.105	-2094.111	281.006	1.175985	3.206136	0.73861	0.26139	3.143959
16614	-1820.283	-2100.263	279.98	1.002385	3.024568	0.897247	0.102753	3.887351
16620	-1823.655	-2106.158	282.5035	1.186498	1.915406	0.94242	0.0575799	2.613611
16626	-1804.461	-2085.864	281.4033	1.266872	1.86177	0.819795	0.180205	3.248753
16632	-1806.835	-2088.707	281.8728	1.463783	2.245573	0.760348	0.239652	2.715384
16638	-1820.069	-2101.405	281.3361	1.350851	2.685104	0.864972	0.135028	2.976707
16644	-1818.448	-2099.251	280.8024	1.388104	3.283749	0.831669	0.168331	3.120477
16650	-1822.591	-2103.071	280.4792	1.363706	3.587865	0.804835	0.195165	3.257896
16656	-1832.594	-2113.003	280.4083	1.213386	2.790707	0.78252	0.21748	3.577056
16662	-1818.24	-2098.46	280.2208	1.321899	3.756757	0.922004	0.0779958	3.398682
16668	-1812.87	-2092.901	280.031	1.270608	3.796563	0.765145	0.234855	3.531348
16674	-1814.014	-2094.353	280.3384	1.270608	3.548394	0.765145	0.234855	3.404059
16680	-1819.043	-2100.071	281.0273	1.261072	2.686104	0.949442	0.0505584	3.214114
16686	-1827.446	-2108.978	281.5322	1.396584	3.657688	0.884328	0.115672	2.586887
16692	-1820.833	-2102.772	281.9398	1.418751	2.616265	0.936368	0.0636323	2.586887
16698	-1828.304	-2110.105	281.8013	1.487151	2.844583	0.936368	0.0636323	2.565409
16704	-1811.71	-2092.405	280.6943	1.306204	3.088875	0.900859	0.0991407	3.279856
16710	-1821.786	-2100.458	278.6727	1.213911	3.41594	0.775588	0.224412	4.420903
16716	-1837.108	-2116.262	279.154	1.249034	4.9401	0.824058	0.175942	3.843054
16722	-1814.952	-2095.155	280.2032	1.232467	4.095057	0.821195	0.178805	3.393617
16728	-1821.891	-2102.31	280.4192	1.145089	2.876933	0.8871	0.1129	3.588133
16734	-1829.279	-2111.586	282.307	1.381692	2.637116	0.884997	0.115003	2.373925
16740	-1834.832	-2116.872	282.0399	1.470038	2.398941	0.883794	0.116206	2.559066
16746	-1839.362	-2118.594	279.2315	1.286603	3.004449	0.962863	0.037137	4.157297
16752	-1816.984	-2098.242	281.2578	1.359845	3.004449	0.921418	0.0785816	2.933134
16758	-1819.255	-2100.579	281.3248	1.208842	3.838809	0.799484	0.200516	2.790153
16764	-1834.214	-2115.589	281.3752	1.443373	2.715026	0.822647	0.177353	2.889003
16770	-1816.132	-2094.347	278.215	1.032896	4.404792	0.916244	0.0837557	4.588681
16776	-1822.489	-2101.247	278.7574	1.169687	2.618348	0.890788	0.109212	4.588681
16782	-1823.517	-2102.866	279.3491	1.148119	3.093579	0.740677	0.259323	4.147904
16788	-1809.344	-2089.205	279.8612	1.235833	3.239323	0.902336	0.0976637	3.770686
16794	-1809.391	-2089.505	280.1146	1.125042	2.858336	0.770571	0.229429	3.780663
16800	-1831.739	-2110.773	279.0342	1.207878	3.067724	0.805799	0.194201	4.298733
16806	-1834.798	-2115.413	280.6157	1.226892	2.16824	0.938735	0.0612653	3.628284
16812	-1824.568	-2105.626	281.0589	1.404772	3.165046	0.82028	0.17972	2.985637
16818	-1832.244	-2112.785	280.5407	1.193411	2.327442	0.562205	0.437795	3.641807
16824	-1822.949	-2104.686	281.7374	1.510014	2.704365	0.721064	0.278936	2.63012
16830	-1823.399	-2106.15	282.7507	1.637261	1.773976	0.710357	0.289643	2.229316
16836	-1829.753	-2111.419	281.6664	1.376742	1.931633	0.791325	0.208675	3.001274
16842	-1815.781	-2095.955	280.1734	1.300783	3.247823	0.919554	0.0804459	3.550318
16848	-1816.218	-2096.76	280.5417	1.300783	3.645107	0.852028	0.147972	3.245772
16854	-1813.95	-2096.054	282.1045	1.384559	2.97182	0.778004	0.221996	2.405165
16860	-1807.694	-2087.873	280.1792	1.30843	3.752606	0.856546	0.143454	3.431802
16866	-1821.698	-2103.221	281.5229	1.478952	3.019671	0.871683	0.128317	2.695573
16872	-1820.196	-2101.529	281.3328	1.573434	3.019671	0.930979	0.0690205	2.754127
16878	-1815.015	-2095.543	280.5271	1.37313	4.581455	0.913405	0.0865947	3.027557
16884	-1830.054	-2111.216	281.1619	1.460905	3.514119	0.962579	0.0374207	2.807153
16890	-1825.392	-2106.425	281.033	1.627442	4.729608	0.872863	0.127137	2.537076
16896	-1822.758	-2104.399	281.6406	1.509867	3.411112	0.914083	0.0859172	2.506099
16902	-1823.616	-2104.218	280.602	1.384531	3.081573	0.806385	0.193615	3.289872
16908	-1830.879	-2109.888	279.0091	1.274091	4.646008	0.932349	0.0676511	3.960775
16914	-1821.254	-2100.291	279.0369	0.9652563	2.440374	0.861055	0.138945	4.595221
16920	-1820.531	-2100.634	280.1026	1.110075	2.856887	0.907361	0.0926395	3.796579
16926	-1817.67	-2097.253	279.5833	1.08203	2.480412	0.77116	0.22884	4.209842
16932	-1806.335	-2085.246	278.9109	1.159807	3.940174	0.899054	0.100946	4.209842
16938	-1808.202	-2089.036	280.8343	1.092259	2.40222	0.95049	0.0495096	3.50757
16944	-1814.09	-2094.001	279.9111	1.295898	3.641309	0.981447	0.0185526	3.618568
16950	-1813.687	-2094.503	280.8157	1.438581	2.960256	0.802233	0.197767	3.161779
16956	-1816.452	-2096.925	280.4731	1.345635	3.97713	0.803884	0.196116	3.191005
16962	-1801.997	-2083.104	281.1069	1.344475	2.948117	0.789805	0.210195	3.047414
16968	-1811.824	-2092.57	280.7464	1.434947	3.5697	0.794838	0.205162	3.060853
16974	-1812.754	-2093.827	281.0731	1.602621	4.211579	0.770738	0.229262	2.626404
16980	-1817.187	-2098.351	281.164	1.185334	2.861322	0.899989	0.100011	3.130875
16986	-1814.231	-2095.66	281.4281	1.276028	2.14269	0.867758	0.132242	3.130875
16992	-1825.006	-2105.1	280.0942	1.131858	2.253702	0.952437	0.0475635	3.956723
16998	-1830.754	-2110.072	279.3186	1.156815	4.057516	0.701795	0.298205	3.956723
17004	-1820.194	-2099.47	279.2764	1.19223	2.888371	0.863942	0.136058	4.213774
17010	-1818.365	-2098.886	280.5205	1.404398	3.777896	0.98111	0.0188903	3.16883
17016	-1826.651	-2107.867	281.2166	1.468479	3.315159	0.93577	0.0642299	2.815606
17022	-1823.26	-2104.203	280.9423	1.512364	2.601449	0.860416	0.139584	3.139052
17028	-1822.159	-2102.567	280.4072	1.3377	3.0683	0.808813	0.191187	3.435058
17034	-1831.153	-2111.632	280.4792	1.277742	3.201589	0.855195	0.144805	3.395975
17040	-1814.525	-2095.111	280.5855	1.305958	3.206694	0.863482	0.136518	3.315696
17046	-1815.663	-2097.026	281.363	1.375118	4.331068	0.930022	0.0699784	2.56415
17052	-1811.506	-2091.209	279.7034	1.305293	3.580248	0.970241	0.0297586	3.746262
17058	-1820.222	-2100.35	280.1279	1.18064	2.849605	0.773174	0.226826	3.74315
17064	-1815.89	-2096.691	280.8017	1.162185	3.11596	0.815761	0.184239	3.294812
17070	-1805.16	-2086.153	280.9933	1.48796	3.273511	0.83928	0.16072	2.948853
17076	-1811.056	-2093.613	282.5568	1.502595	2.804401	0.847023	0.152977	2.085278
17082	-1826.666	-2107.388	280.7226	1.411683	2.302595	0.678316	0.321684	3.41621
17088	-1826.493	-2107.443	280.9509	1.394114	2.907511	0.610461	0.389539	3.121361
17094	-1822.797	-2105.047	282.2502	1.5286	4.602062	0.824967	0.175033	1.83479
17100	-1810.312	-2090.724	280.4118	1.434403	3.675095	0.807814	0.192186	3.237191
17106	-1802.482	-2083.601	281.1188	1.233715	2.930645	0.845138	0.154862	3.110957
17112	-1817.751	-2098.989	281.2379	1.18269	2.930645	0.678326	0.321674	3.07032
17118	-1818.899	-2098.897	279.9984	1.200156	4.407884	0.678326	0.321674	3.473688
17124	-1827.161	-2108.063	280.9018	1.367234	1.877654	0.993822	0.00617804	3.478593
17130	-1808.283	-2088.777	280.4935	1.161922	3.104288	0.944048	0.0559517	3.478593
17136	-1816.235	-2096.765	280.5303	1.564867	4.117817	0.930664	0.0693358	2.998174
17142	-1822.746	-2100.82	278.0738	1.072028	4.117817	0.854508	0.145492	4.697323
17148	-1819.859	-2100.145	280.2865	1.519823	3.394592	0.846088	0.153912	3.322299
17154	-1825.516	-2104.805	279.2885	1.261538	3.918071	0.846088	0.153912	3.940945
17160	-1824.861	-2105.171	280.3104	1.372983	3.543564	0.840941	0.159059	3.361521
17166	-1813.487	-2094.23	280.7426	1.341816	2.4284	0.840941	0.159059	3.407583
17172	-1816.865	-2096.352	279.4866	1.424262	4.942208	0.699939	0.300061	3.549017
17178	-1814.319	-2094.556	280.2371	1.23407	3.671834	0.769888	0.230112	3.458318
17184	-1809.037	-2088.395	279.3584	1.127678	4.152631	0.780881	0.219119	3.932674
17190	-1816.42	-2095.221	278.8008	1.114032	3.251533	0.736319	0.263681	4.441178
17196	-1828.923	-2108.317	279.3936	1.130633	3.850355	0.687458	0.312542	3.969054
17202	-1822.304	-2100.952	278.6482	1.232417	3.850355	0.891782	0.108218	4.334943
17208	-1823.362	-2103.586	280.2241	1.543364	3.428773	0.849098	0.150902	3.337501
17214	-1820.785	-2100.945	280.1595	1.359136	3.104359	0.951308	0.048692	3.558305
17220	-1825.251	-2105.897	280.646	1.344768	4.201859	0.80238	0.19762	3.044313
17226	-1819.571	-2099.868	280.2972	1.344768	5.031196	0.816741	0.183259	3.103969
17232	-1827.548	-2106.693	279.1453	1.344768	3.236804	0.750377	0.249623	4.118818
17238	-1822.1	-2100.874	278.7735	1.325296	4.385131	0.828032	0.171968	4.111398
17244	-1830.181	-2110.273	280.0922	1.386078	3.512437	0.925738	0.0742618	3.488353
17250	-1825.526	-2105.116	279.5907	1.204933	3.487417	0.779547	0.220453	3.88873
17256	-1815.482	-2095.396	279.9141	1.175021	2.960438	0.844903	0.155097	3.841705
17262	-1828.378	-2109.444	281.0659	1.348851	4.169385	0.841589	0.158411	2.794831
17268	-1829.298	-2110.348	281.0495	1.424388	4.580713	0.84192	0.15808	2.679864
17274	-1825.811	-2105.662	279.8515	1.251346	2.919687	0.697074	0.302926	3.843956
17280	-1829.657	-2108.798	279.1406	1.431561	4.190742	0.697074	0.302926	3.876185
17286	-1822.36	-2101.471	279.1119	1.147034	3.611221	0.913445	0.086555	4.168867
17292	-1825.141	-2104.849	279.7082	1.074933	3.128364	0.79731	0.20269	3.976711
17298	-1825.894	-2105.676	279.7811	1.151214	2.235955	0.930842	0.0691579	4.129749
17304	-1832.446	-2113.718	281.2725	1.44571	2.196189	0.817977	0.182023	3.104947
17310	-1822.169	-2103.548	281.3786	1.460005	4.097155	0.900035	0.0999648	2.548635
17316	-1834.487	-2113.62	279.1327	1.147798	2.793606	0.896936	0.103064	4.344144
17322	-1843.943	-2123.93	279.9868	1.290025	2.316904	0.904862	0.0951379	3.908513
17328	-1827.408	-2105.524	278.1159	1.173245	2.853352	0.833328	0.166672	4.885171
17334	-1839.144	-2118.222	279.0784	1.154837	3.79499	0.867892	0.132108	4.146058
17340	-1828.365	-2106.559	278.1933	1.014177	3.119525	0.946011	0.0539892	4.867397
17346	-1825.663	-2104.563	278.8999	1.125659	1.943603	0.868392	0.131608	4.734356
17352	-1820.091	-2100.839	280.748	1.394969	2.830132	0.883011	0.116989	3.26137
17358	-1812.435	-2093.91	281.4747	1.403521	2.830132	0.940479	0.0595209	2.821274
17364	-1827.017	-2108.584	281.5676	1.345197	3.521384	0.751886	0.248114	2.627823
17370	-1818.899	-2099.51	280.6109	1.228848	4.262429	0.763862	0.236138	3.122818
17376	-1827.956	-2107.494	279.5378	1.1275	3.167752	0.969014	0.0309862	4.034839
17382	-1823.583	-2101.674	278.0914	1.020533	2.978082	0.958747	0.0412531	4.95361
17388	-1810.896	-2091.404	280.5081	1.38136	3.846955	0.945745	0.0542555	3.175487
17394	-1815.66	-2095.971	280.311	1.168044	2.126528	0.913541	0.086459	3.851502
17400	-1815.789	-2096.059	280.2693	1.413371	4.103418	0.777598	0.222402	3.246569
17406	-1817.933	-2098.492	280.5589	1.385326	3.684278	0.91914	0.0808602	3.177154
17412	-1814.471	-2095.427	280.9554	1.562661	3.684225	0.978457	0.0215431	2.832881
17418	-1824.173	-2104.878	280.7054	1.352674	3.161337	0.916237	0.0837631	3.228256
17424	-1826.58	-2107.295	280.7143	1.216927	2.980143	0.759371	0.240629	3.347612
17430	-1823.158	-2103.508	280.35	1.178263	2.717334	0.700208	0.299792	3.650635
17436	-1823.675	-2103.403	279.7284	1.146469	2.734956	0.858096	0.141904	4.021705
17442	-1831.9	-2112.82	280.9204	1.392299	3.834386	0.913806	0.0861941	2.924982
17448	-1825.993	-2105.95	279.9574	1.375985	4.9757	0.679037	0.320963	3.296093
17454	-1842.033	-2123.858	281.825	1.574318	4.144372	0.679037	0.320963	2.183097
17460	-1829.394	-2110.876	281.482	1.675437	3.83284	0.775157	0.224843	2.405039
17466	-1820.919	-2102.325	281.406	1.750118	4.28263	0.75675	0.24325	2.310806
17472	-1815.803	-2097.47	281.6675	1.507129	2.925904	0.818335	0.181665	2.613871
17478	-1820.877	-2102.003	281.1257	1.405131	3.843582	0.862202	0.137798	2.790841
17484	-1811.388	-2091.1	279.7126	1.098855	4.342922	0.822215	0.177785	3.710385
17490	-1823.095	-2104.492	281.3964	1.319152	2.962205	0.786784	0.213216	2.884886
17496	-1820.883	-2101.404	280.5203	1.203756	2.962205	0.785998	0.214002	3.473504
17502	-1822.338	-2100.782	278.4438	1.072593	3.346165	0.823981	0.176019	4.644142
17508	-1818.543	-2098.429	279.8864	1.142905	2.565549	0.943792	0.0562079	3.978904
17514	-1817.043	-2095.657	278.6135	1.155402	2.683013	0.902865	0.0971353	4.660319
17520	-1831.899	-2112.256	280.3564	1.26834	2.144064	0.902865	0.0971353	3.761991
17526	-1825.662	-2106.097	280.4347	1.328692	2.033457	0.751107	0.248893	3.718158
17532	-1817.183	-2098.107	280.9238	1.381867	4.665895	0.763457	0.236543	2.76727
17538	-1816.905	-2099.059	282.1538	1.442556	1.918271	0.871103	0.128897	2.670268
17544	-1823.062	-2102.315	279.2527	1.326855	3.469711	0.804054	0.195946	4.016199
17550	-1816.333	-2096.323	279.9896	1.281096	3.494278	0.713353	0.286647	3.613161
17556	-1826.371	-2105.968	279.5968	1.13708	2.831779	0.767017	0.232983	4.077164
17562	-1828.269	-2106.43	278.1613	1.00911	2.608324	0.937341	0.0626588	5.013705
17568	-1827.144	-2106.279	279.1348	1.0393	2.509134	0.807356	0.192644	4.47941
17574	-1835.675	-2113.619	277.9437	0.9050703	2.604888	0.807356	0.192644	5.192888
17580	-1833.194	-2113.324	280.1296	1.270316	3.220588	0.791726	0.208274	3.59979
17586	-1824.237	-2105.775	281.5383	1.374377	2.256366	0.912022	0.0879777	2.96914
17592	-1837.925	-2118.252	280.3268	1.22209	4.549564	0.668717	0.331283	3.242322
17598	-1845.247	-2125.101	279.8543	1.317489	3.537823	0.704488	0.295512	3.661028
17604	-1835.104	-2114.868	279.764	1.407863	3.537823	0.739264	0.260736	3.661028
17610	-1847.053	-2127.991	280.9384	1.390882	3.989274	0.847706	0.152294	2.882894
17616	-1838.919	-2118.979	280.0602	1.202283	4.014268	0.92828	0.07172	3.51059
17622	-1834.616	-2115.377	280.7608	1.250918	3.748547	0.780269	0.219731	3.123379
17628	-1816.91	-2096.817	279.9071	1.233451	2.821591	0.780269	0.219731	3.847088
17634	-1822.381	-2101.046	278.6649	1.268039	3.344172	0.673485	0.326515	4.410428
17640	-1824.237	-2103.359	279.1222	1.166385	4.338363	0.829895	0.170105	4.011563
17646	-1824.61	-2103.401	278.7911	1.100402	3.42496	0.777679	0.222321	4.416235
17652	-1825.057	-2104.967	279.9107	1.226573	4.250858	0.831621	0.168379	3.538358
17658	-1832.756	-2111.555	278.7992	1.033795	2.831444	0.896887	0.103113	4.58656
17664	-1818.736	-2099.356	280.6198	1.515884	4.056386	0.898686	0.101314	2.986049
17670	-1812.529	-2092.915	280.3866	1.172148	2.797119	0.791006	0.208994	3.611901
17676	-1815.888	-2094.362	278.4739	1.019003	2.496941	0.827876	0.172124	4.864215
17682	-1811	-2089.808	278.808	0.999597	2.496941	0.743635	0.256365	4.688502
17688	-1822.046	-2099.264	277.2184	0.9084137	3.427978	0.847691	0.152309	5.398419
17694	-1829.424	-2106.192	276.7677	1.020704	2.893627	0.772538	0.227462	5.704203
17700	-1843.929	-2124.984	281.0549	1.119069	2.240617	0.678491	0.321509	3.41224
17706	-1836.777	-2116.376	279.5994	1.107274	3.645742	0.912896	0.0871037	3.906208
17712	-1832.468	-2112.422	279.9539	1.178934	2.614517	0.932022	0.0679776	3.906208
17718	-1840.504	-2119.77	279.2656	0.9907801	3.456256	0.881412	0.118588	4.203109
17724	-1822.379	-2102.929	280.55	1.296686	3.015373	0.862021	0.137979	3.388467
17730	-1836.704	-2119.396	282.6919	1.721708	2.330045	0.864881	0.135119	2.002282
17736	-1822.746	-2105.038	282.292	1.373821	2.202802	0.779245	0.220755	2.526209
17742	-1840.758	-2122.639	281.881	1.485527	2.732544	0.736548	0.263452	2.548255
17748	-1843.921	-2124.694	280.7729	1.058752	2.840773	0.813567	0.186433	3.441559
17754	-1832.693	-2112.075	279.3819	1.297733	3.752408	0.91452	0.0854803	3.899715
17760	-1823.033	-2105.375	282.3412	1.467889	2.143214	0.799499	0.200501	2.457069
17766	-1822.605	-2104.874	282.2694	1.558596	2.164168	0.785757	0.214243	2.43787
17772	-1813.557	-2096.679	283.1216	1.726903	2.141504	0.831379	0.168621	1.775335
17778	-1813.821	-2094.897	281.0759	1.454937	3.462124	0.833138	0.166862	2.874849
17784	-1831.471	-2111.724	280.2527	1.170701	2.328103	0.767479	0.232521	3.820971
17790	-1820.695	-2102.073	281.3777	1.368075	2.964701	0.974418	0.0255821	2.865965
17796	-1820.441	-2101.709	281.2681	1.604649	4.203718	0.971881	0.0281188	2.505646
17802	-1828.278	-2110.064	281.786	1.498429	3.028411	0.866471	0.133529	2.518449
17808	-1834.288	-2117.395	283.107	1.542845	1.968267	0.770008	0.229992	1.978649
17814	-1825.918	-2105.377	279.4591	1.122	2.551574	0.920479	0.0795213	4.23789
17820	-1829.522	-2109.384	279.8617	1.297654	3.018107	0.841348	0.158652	3.787134
17826	-1820.575	-2100.014	279.4393	1.084509	2.231066	0.904434	0.0955664	4.362755
17832	-1845.946	-2128.74	282.794	1.62794	2.013023	0.816415	0.183585	2.112049
17838	-1824.587	-2107.331	282.7438	1.67877	2.406861	0.816415	0.183585	1.969962
17844	-1833.851	-2117.107	283.2561	1.824543	2.260327	0.96536	0.0346402	1.563377
17850	-1812.32	-2095.454	283.1336	1.824543	2.843959	0.833249	0.166751	1.442986
17856	-1812.813	-2095.694	282.8807	1.689785	2.962308	0.833249	0.166751	1.690046
17862	-1842.799	-2121.476	278.6771	1.191837	2.452951	0.761343	0.238657	4.666325
17868	-1826.166	-2107.351	281.1859	1.162477	2.288632	0.897189	0.102811	3.294757
17874	-1837.856	-2119.03	281.1735	1.290201	3.526506	0.804402	0.195598	2.900797
17880	-1834.728	-2115.634	280.9063	1.059094	2.206056	0.82457	0.17543	3.544939
17886	-1827.241	-2109.57	282.3287	1.646286	2.264851	0.770254	0.229746	2.310253
17892	-1854.863	-2135.94	281.0767	1.313419	1.597441	0.908837	0.0911626	3.515192
17898	-1833.811	-2114.664	280.8532	1.163859	1.70465	0.908837	0.0911626	3.689355
17904	-1828.976	-2109.43	280.4532	1.344412	3.825771	0.905466	0.0945343	3.234282
17910	-1824.148	-2104.233	280.0846	1.299067	3.431884	0.903506	0.0964944	3.561207
17916	-1823.703	-2103.823	280.1197	1.289406	3.507209	0.746387	0.253613	3.529855
17922	-1826.684	-2107.666	280.9823	1.413219	3.593806	0.649194	0.350806	2.92691
17928	-1828.425	-2109.66	281.2353	1.358704	2.589787	0.750138	0.249862	3.05932
17934	-1824.956	-2106.098	281.1425	1.481451	2.589787	0.84427	0.15573	3.041411
17940	-1815.587	-2094.185	278.5979	1.019564	3.806768	0.675337	0.324663	4.491928
17946	-1823.786	-2102.547	278.7618	1.118103	3.115258	0.832425	0.167575	4.491928
17952	-1826.453	-2105.755	279.3025	1.098705	2.370612	0.881732	0.118268	4.39058
17958	-1830.545	-2111.547	281.0019	1.313496	2.810686	0.881732	0.118268	3.164405
17964	-1848.411	-2130.3	281.8885	1.644988	3.006985	0.899693	0.100307	2.367532
17970	-1837.293	-2119.158	281.8653	1.578988	3.526195	0.853546	0.146454	2.293007
17976	-1826.254	-2108.409	282.1548	1.761788	3.805104	0.852738	0.147262	1.916871
17982	-1823.087	-2104.713	281.6261	1.715498	3.744501	0.893725	0.106275	2.307878
17988	-1831.637	-2113.438	281.8005	1.715498	3.744501	0.84534	0.15466	2.195764
17994	-1830.976	-2112.573	281.5975	1.357642	3.744501	0.84199	0.15801	2.551196
18000	-1833.136	-2113.643	280.5074	1.370741	3.32805	0.796608	0.203392	3.295226
18006	-1836.537	-2117.097	280.5602	1.208449	2.288712	0.796608	0.203392	3.63356
18012	-1818.203	-2097.926	279.7228	1.074015	2.837938	0.782547	0.217453	4.039758
18018	-1823.617	-2103.549	279.9322	1.243234	3.683346	0.71596	0.28404	3.628065
18024	-1826.691	-2107.79	281.0995	1.378515	3.053589	0.856741	0.143259	3.004622
18030	-1818.178	-2099.998	281.8203	1.659969	3.649453	0.881898	0.118102	2.240864
18036	-1812.56	-2094.191	281.6309	1.522606	3.351296	0.899823	0.100177	2.51863
18042	-1824.549	-2105.23	280.6812	1.405496	3.772176	0.899823	0.100177	3.073672
18048	-1824.8	-2106.082	281.2822	1.343399	3.447331	0.899823	0.100177	2.820804
18054	-1820.109	-2101.322	281.2131	1.286374	3.343502	0.913383	0.0866167	2.921309
18060	-1839.329	-2120.363	281.0339	1.25639	2.837476	0.940444	0.0595561	3.172262
18066	-1834.827	-2115.28	280.4532	1.37505	3.959875	0.873707	0.126293	3.18884
18072	-1841.124	-2122.75	281.6265	1.516368	4.33579	0.917629	0.0823705	2.30854
18078	-1829.823	-2110.106	280.2829	1.359863	5.011184	0.935017	0.0649832	3.106817
18084	-1823.284	-2104.293	281.0089	1.283487	3.882952	0.883157	0.116843	2.92707
18090	-1830.904	-2111.647	280.7427	1.448288	3.449999	0.841036	0.158964	3.081857
18096	-1832.522	-2112.15	279.6281	1.34728	4.064163	0.946028	0.0539725	3.667719
18102	-1837.341	-2116.559	279.2181	1.250295	3.218648	0.775043	0.224957	4.135283
18108	-1815.162	-2094.901	279.7396	1.232666	3.800807	0.746119	0.253881	3.721499
18114	-1823.743	-2104.16	280.4162	1.412038	4.472865	0.951267	0.0487332	3.090366
18120	-1825.174	-2106.825	281.6504	1.412038	3.793915	0.844447	0.155553	2.473325
18126	-1832.61	-2112.692	280.0813	1.209544	3.962241	0.767161	0.232839	3.504277
18132	-1819.047	-2099.52	280.4729	1.167072	3.035801	0.751563	0.248437	3.504277
18138	-1823.142	-2102.995	279.8531	1.134585	2.441239	0.989799	0.0102011	4.037534
18144	-1807.277	-2088.709	281.4324	1.355469	2.990659	0.72314	0.27686	2.833721
18150	-1809.983	-2090.8	280.8171	1.385913	3.645227	0.904805	0.0951949	3.031332
18156	-1811.601	-2093.215	281.614	1.422549	3.13358	0.933016	0.0669836	2.645013
18162	-1818.573	-2099.49	280.9173	1.422549	3.171376	0.803791	0.196209	3.058262
18168	-1812.308	-2093.465	281.1572	1.153909	2.311182	0.922325	0.0776746	3.309717
18174	-1812.089	-2092.629	280.5398	1.40171	4.294563	0.933207	0.0667928	3.055967
18180	-1803.785	-2083.871	280.0859	1.296107	4.294563	0.904391	0.095609	3.387187
18186	-1809.888	-2089.752	279.8632	1.39058	3.185361	0.945787	0.0542127	3.692701
18192	-1819.846	-2100.076	280.23	1.487853	3.27685	0.861107	0.138893	3.401286
18198	-1826.913	-2106.488	279.5752	1.277927	3.941949	0.825778	0.174222	3.762082
18204	-1828.273	-2108.544	280.2708	1.442025	3.984279	0.916777	0.0832226	3.25225
18210	-1822.348	-2102.907	280.5591	1.515026	3.724865	0.90549	0.0945103	3.09122
18216	-1825.505	-2106.301	280.796	1.283253	3.126948	0.990839	0.00916097	3.224025
18222	-1834.105	-2115.458	281.3525	1.372569	2.165151	0.992941	0.00705901	3.110996
18228	-1818.978	-2100.346	281.368	1.428142	2.796693	0.797338	0.202662	2.88012
18234	-1825.293	-2106.267	280.9747	1.415161	2.846329	0.963882	0.0361176	3.11069
18240	-1837.236	-2119.205	281.9698	1.447443	3.0427	0.885861	0.114139	2.43147
18246	-1831.672	-2112.992	281.3206	1.506219	3.495452	0.885861	0.114139	2.686739
18252	-1833.046	-2113.606	280.5592	1.310029	2.082546	0.885861	0.114139	3.640619
18258	-1834.662	-2115.858	281.1966	1.375677	2.666295	0.777524	0.222476	3.050664
18264	-1836.283	-2117.118	280.8355	1.210144	2.620141	0.786246	0.213754	3.375429
18270	-1835.316	-2117.674	282.3579	1.399214	1.243192	0.849045	0.150955	2.86566
18276	-1820.269	-2103.373	283.1047	1.425996	1.436526	0.931567	0.0684334	2.289012
18282	-1813.762	-2095.495	281.7332	1.415385	1.494714	0.883692	0.116308	3.111842
18288	-1809.73	-2089.866	280.1357	1.302769	2.288686	0.849968	0.150032	3.824197
18294	-1831.47	-2112.059	280.5885	1.148748	2.963421	0.964629	0.0353713	3.465455
18300	-1835.193	-2115.509	280.316	1.211466	1.973509	0.908083	0.0919171	3.874239
18306	-1824.287	-2104.762	280.475	1.335447	2.609808	0.737342	0.262658	3.51589
18312	-1830.327	-2109.733	279.4053	1.030589	2.59754	0.940417	0.0595831	4.307597
18318	-1819.266	-2098.916	279.6494	1.245768	3.279707	0.904578	0.0954218	3.87759
18324	-1827.702	-2106.152	278.4499	1.035132	2.482562	0.902022	0.0979783	4.872565
18330	-1824.147	-2103.436	279.289	0.9399495	2.612345	0.910601	0.0893988	4.420479
18336	-1822.037	-2101.32	279.2838	1.082486	4.869164	0.847594	0.152406	3.875777
18342	-1809.797	-2090.022	280.2245	1.364874	2.635219	0.815625	0.184375	3.637385
18348	-1799.215	-2079.686	280.4707	1.268448	3.547137	0.8342	0.1658	3.327931
18354	-1810.249	-2088.882	278.6328	1.001798	2.751343	0.879834	0.120166	4.717917
18360	-1814.343	-2094.921	280.5774	1.150178	2.83564	0.912677	0.0873234	3.50367
18366	-1823.329	-2104.503	281.174	1.227215	3.45529	0.982803	0.0171971	2.954653
18372	-1828.622	-2110.708	282.0869	1.41287	1.761782	0.961116	0.0388839	2.78945
18378	-1832.577	-2113.694	281.117	1.579675	4.279725	0.811958	0.188042	2.599919
18384	-1832.427	-2113.922	281.4949	1.605747	3.275794	0.811958	0.188042	2.569938
18390	-1833.029	-2114.975	281.9455	1.382418	2.062869	0.98768	0.0123201	2.782482
18396	-1838.619	-2120.752	282.1336	1.505986	2.062869	0.937071	0.0629286	2.591004
18402	-1840.073	-2121.538	281.4644	1.675151	3.013231	0.914639	0.0853607	2.612431
18408	-1844.055	-2126.067	282.0118	1.326854	2.571337	0.905089	0.0949109	2.612431
18414	-1846.947	-2128.002	281.0555	1.202801	2.562804	0.822674	0.177326	3.266402
18420	-1830.717	-2109.163	278.4463	1.085009	2.862952	0.878608	0.121392	4.747677
18426	-1832.3	-2112.056	279.7559	1.167233	2.442405	0.952534	0.0474658	4.074014
18432	-1828.196	-2109.02	280.824	1.123927	2.391786	0.830319	0.169681	3.498201
18438	-1832.679	-2113.844	281.1651	1.172088	3.182846	0.84143	0.15857	3.057084
18444	-1832.772	-2113.932	281.1601	1.447033	3.151982	0.788184	0.211816	2.902406
18450	-1824.414	-2105.814	281.3992	1.407908	2.795909	0.822303	0.177697	2.873678
18456	-1836.821	-2117.779	280.9577	1.456126	3.930377	0.777565	0.222435	2.843768
18462	-1835.917	-2117.686	281.7692	1.456126	3.666311	0.896229	0.103771	2.399455
18468	-1844.205	-2126.334	282.1285	1.4654	3.756212	0.872296	0.127704	2.142471
18474	-1840.879	-2119.89	279.0111	1.059914	3.460572	0.895924	0.104076	4.307169
18480	-1839.372	-2121.58	282.2078	1.60058	3.641986	0.863365	0.136635	2.028331
18486	-1832.03	-2113.217	281.1868	1.408467	4.023436	0.863365	0.136635	2.713978
18492	-1838.798	-2119.766	280.9679	1.394334	3.625691	0.946025	0.0539749	2.939971
18498	-1832.079	-2114.439	282.3598	1.550382	3.416716	0.922472	0.0775281	2.016486
18504	-1829.951	-2111.975	282.024	1.589367	4.086621	0.882892	0.117108	2.055433
18510	-1823.593	-2106.194	282.6013	1.595658	3.234426	0.882892	0.117108	1.871397
18516	-1822.211	-2105.587	283.376	1.679915	2.788782	0.939862	0.0601376	1.386489
18522	-1830.93	-2112.955	282.0255	1.748832	4.739103	0.888332	0.111668	1.809851
18528	-1834.234	-2117.942	283.7076	1.748832	2.590839	0.783175	0.216825	1.129724
18534	-1843.06	-2126.038	282.9774	1.74335	4.179062	0.843638	0.156362	1.229746
18540	-1843.682	-2126.544	282.8615	1.655167	3.029506	0.802761	0.197239	1.70789
18546	-1832.407	-2114.133	281.7263	1.547393	5.461935	0.853502	0.146498	2.013692
18552	-1834.522	-2116.773	282.2517	1.582255	3.308278	0.855115	0.144885	2.094619
18558	-1836.182	-2118.325	282.1431	1.528512	4.407361	0.722399	0.277601	1.948056
18564	-1830.139	-2108.785	278.6466	0.9868035	2.845262	0.932946	0.067054	4.694993
18570	-1829.658	-2110.877	281.2186	1.388776	2.442558	0.872179	0.127821	3.094322
18576	-1827.491	-2108.062	280.5706	1.16712	2.442558	0.787776	0.212224	3.605612
18582	-1819.396	-2100.279	280.8834	1.276211	2.45039	0.894448	0.105552	3.35701
18588	-1823.34	-2103.717	280.3768	1.536346	2.832074	0.667028	0.332972	3.396102
18594	-1826.528	-2107.568	281.0398	1.513156	3.045233	0.813569	0.186431	2.961699
18600	-1839.187	-2119.241	280.0535	1.316922	3.360905	0.752249	0.247751	3.584774
18606	-1834.518	-2115.241	280.7236	1.362691	3.360905	0.710433	0.289567	3.164479
18612	-1835.048	-2115.912	280.8639	1.243354	3.365772	0.833937	0.166063	3.150941
18618	-1835.677	-2116.716	281.0391	1.392748	2.47894	0.836629	0.163371	3.187931
18624	-1835.245	-2115.664	280.4187	1.347707	4.246049	0.833724	0.166276	3.169528
18630	-1832.355	-2113.976	281.6213	1.565155	4.082708	0.780023	0.219977	2.33286
18636	-1825.889	-2107.902	282.0122	1.609088	3.310393	0.72345	0.27655	2.232379
18642	-1816.479	-2098.064	281.5855	1.505483	4.513639	0.853926	0.146074	2.306454
18648	-1818.804	-2100.008	281.2041	1.874418	4.513639	0.789889	0.210111	2.314373
18654	-1815.774	-2097.559	281.7847	1.771182	4.117681	0.633691	0.366309	2.086604
18660	-1818.657	-2100.315	281.6582	1.673795	4.185485	0.847572	0.152428	2.218021
18666	-1813.735	-2095.423	281.6884	1.82973	4.854433	0.74259	0.25741	1.96141
18672	-1808.606	-2089.838	281.2316	1.519161	3.928542	0.74259	0.25741	2.638111
18678	-1822.279	-2102.307	280.0284	1.240918	3.286867	0.549682	0.450318	3.660218
18684	-1828.267	-2107.967	279.7	1.268233	3.286867	0.549682	0.450318	3.833948
18690	-1821.28	-2098.025	276.7451	0.9665259	2.504441	0.586168	0.413832	5.844834
18696	-1827.608	-2104.284	276.6764	0.9213516	2.745235	0.821453	0.178547	5.844834
18702	-1825.754	-2103.357	277.6028	0.9549134	2.637171	0.920266	0.0797337	5.345218
18708	-1813.166	-2093.349	280.1829	1.227665	2.936546	0.822078	0.177922	3.662176
18714	-1812.192	-2093.118	280.9256	1.472736	3.392319	0.881637	0.118363	2.970849
18720	-1822.666	-2103.722	281.0563	1.39357	3.869648	0.814622	0.185378	2.8346
18726	-1831.842	-2112.662	280.8202	1.431216	4.479312	0.627162	0.372838	2.8346
18732	-1822.014	-2102.761	280.7472	1.403456	4.213148	0.88539	0.11461	2.946118
18738	-1819.183	-2099.962	280.7792	1.416485	3.077031	0.807287	0.192713	3.16724
18744	-1818.6	-2097.366	278.7664	1.082673	2.672004	0.878683	0.121317	4.618296
18750	-1813.071	-2090.894	277.8236	1.082095	4.745762	0.878683	0.121317	4.722728
18756	-1825.561	-2104.04	278.4797	1.090574	3.138009	0.810989	0.189011	4.66049
18762	-1821.928	-2099.963	278.0344	0.9846838	1.929504	0.693339	0.306661	5.298083
18768	-1840.237	-2117.383	277.146	1.03133	2.459947	0.693339	0.306661	5.601789
18774	-1846.662	-2124.621	277.9595	1.06105	3.752442	0.708953	0.291047	4.836972
18780	-1833.974	-2112.567	278.5932	1.050539	2.296437	0.924428	0.0755721	4.836972
18786	-1837.32	-2116.838	279.5178	1.140011	2.5533	0.924261	0.0757395	4.193884
18792	-1833.728	-2113.438	279.7099	1.162962	3.712826	0.871293	0.128707	3.796818
18798	-1813.95	-2093.16	279.2091	1.115257	1.955008	0.892161	0.107839	4.563144
18804	-1822.716	-2102.226	279.5102	1.195177	2.738542	0.942765	0.057235	4.117397
18810	-1823.278	-2104.275	280.9968	1.390983	2.365334	0.682933	0.317067	3.24792
18816	-1813.161	-2093.209	280.0481	1.253741	2.365334	0.919388	0.0806123	3.879769
18822	-1821.081	-2101.175	280.0937	1.118607	2.365334	0.987049	0.0129508	3.931112
18828	-1825.492	-2104.83	279.3378	1.116681	2.128421	0.97151	0.0284895	4.433586
18834	-1825.781	-2104.726	278.9454	1.136033	2.758342	0.965012	0.0349879	4.465432
18840	-1828.02	-2106.905	278.8849	1.136033	3.725648	0.87715	0.12285	4.280442
18846	-1824.512	-2105.469	280.9568	1.287553	2.719973	0.821603	0.178397	3.230933
18852	-1833.521	-2111.038	277.5166	0.9619144	2.400697	0.733608	0.266392	5.452549
18858	-1823.771	-2102.737	278.9661	0.9145602	2.571294	0.733608	0.266392	4.627311
18864	-1836.68	-2118.278	281.5978	1.48	3.760696	0.961451	0.0385492	2.471074
18870	-1831.794	-2112.911	281.1174	1.430072	2.822115	0.871434	0.128566	3.022987
18876	-1834.494	-2116.286	281.7917	1.41772	2.972591	0.840924	0.159076	2.579844
18882	-1832.657	-2113.108	280.4511	1.36154	3.121979	0.842298	0.157702	3.382332
18888	-1851.73	-2132.945	281.215	1.588915	3.795273	0.940427	0.0595735	2.633815
18894	-1834.342	-2115.582	281.2399	1.28841	3.350084	0.915878	0.0841224	2.902363
18900	-1816.643	-2098.943	282.2992	1.452471	2.395226	0.863038	0.136962	2.408906
18906	-1821.586	-2102.277	280.6905	1.312546	2.761328	0.94125	0.0587497	3.36202
18912	-1828.319	-2109.363	281.044	1.40188	3.893458	0.754667	0.245333	2.832016
18918	-1854.797	-2135.678	280.8815	1.19047	4.057627	0.754667	0.245333	3.024017
18924	-1834.637	-2114.525	279.8885	1.202087	4.05764	0.963913	0.0360868	3.602182
18930	-1825.557	-2105.752	280.1947	1.382255	3.802236	0.894697	0.105303	3.369159
18936	-1822.514	-2103.103	280.5887	1.262601	3.212964	0.893729	0.106271	3.337885
18942	-1840.284	-2121.931	281.6471	1.306958	2.366765	0.935463	0.0645371	2.909416
18948	-1826.735	-2107.989	281.2534	1.381499	2.498697	0.935463	0.0645371	3.061277
18954	-1832.539	-2113.963	281.4232	1.423193	4.092088	0.92669	0.0733097	2.544802
18960	-1824.394	-2105.702	281.308	1.382769	2.400929	0.980674	0.0193259	3.057098
18966	-1833.162	-2115.022	281.8606	1.346561	3.513741	0.865666	0.134334	2.446234
18972	-1833.916	-2114.521	280.6057	1.34512	3.603213	0.904644	0.0953564	3.190731
18978	-1832.003	-2112.368	280.3646	1.34512	4.311575	0.873359	0.126641	3.190731
18984	-1826.052	-2105.662	279.6093	0.9754975	3.481045	0.830148	0.169852	4.010768
18990	-1828.968	-2108.957	279.9891	1.345079	4.352872	0.887346	0.112654	3.404389
18996	-1829.192	-2109.83	280.6381	1.315008	2.712634	0.878506	0.121494	3.404389
19002	-1834.063	-2111.568	277.5055	1.210939	4.238864	0.800929	0.199071	4.915
19008	-1830.184	-2107.44	277.2559	0.9765826	2.967118	0.88819	0.11181	5.442769
19014	-1828.574	-2108.497	279.9231	1.12956	3.528072	0.716579	0.283421	3.73203
19020	-1832.806	-2115.217	282.4115	1.518285	3.577836	0.84002	0.15998	1.962974
19026	-1846.617	-2127.944	281.3263	1.485512	4.286659	0.84002	0.15998	2.527041
19032	-1845.247	-2127.601	282.3549	1.529151	2.790293	0.751384	0.248616	2.203805
19038	-1845.539	-2126.385	280.8463	1.418994	3.905694	0.751384	0.248616	2.938727
19044	-1805.463	-2085.54	280.0765	1.128595	2.508466	0.821275	0.178725	3.894071
19050	-1814.919	-2096.173	281.2533	1.254827	3.811626	0.821275	0.178725	2.811485
19056	-1821.45	-2102.189	280.7392	1.499961	3.481534	0.827363	0.172637	3.045944
19062	-1814.316	-2094.776	280.46	1.430456	4.752475	0.796138	0.203862	3.002996
19068	-1839.495	-2121.194	281.699	1.471994	4.601016	0.8945	0.1055	2.238194
19074	-1825.875	-2107.793	281.9184	1.578387	3.998041	0.849068	0.150932	2.151336
19080	-1827.371	-2108.583	281.2116	1.44334	2.671949	0.923299	0.0767006	2.999598
19086	-1817.895	-2098.936	281.0413	1.511638	3.849232	0.814653	0.185347	2.776158
19092	-1826.825	-2108.535	281.7094	1.539648	3.849232	0.868932	0.131068	2.343391
19098	-1826.346	-2108.507	282.1609	1.718034	4.326955	0.8597	0.1403	1.824164
19104	-1826.805	-2109.351	282.5455	1.589511	2.389537	0.832144	0.167856	2.165396
19110	-1835.497	-2117.19	281.6925	1.55733	2.188316	0.858196	0.141804	2.787318
19116	-1829.936	-2109.43	279.4938	1.270475	3.985213	0.669899	0.330101	3.804811
19122	-1851.089	-2128.459	277.37	1.006556	3.480831	0.887283	0.112717	5.249496
19128	-1839.281	-2118.806	279.5246	1.30823	3.3023	0.78717	0.21283	3.908191
19134	-1840.736	-2122.878	282.1416	1.300791	4.232785	0.760573	0.239427	2.13641
19140	-1827.132	-2108.194	281.0611	1.323048	3.76198	0.84616	0.15384	2.897198
19146	-1824.015	-2105.611	281.5967	1.313981	2.627156	0.989906	0.0100938	2.858064
19152	-1841.532	-2122.746	281.2142	1.298898	3.583988	0.657368	0.342632	2.858064
19158	-1830.636	-2112.287	281.6504	1.274542	3.255928	0.928661	0.0713386	2.683297
19164	-1839.906	-2121.624	281.7171	1.449363	3.601653	0.755996	0.244004	2.451347
19170	-1830.147	-2111.597	281.4503	1.49915	2.705758	0.882463	0.117537	2.81228
19176	-1817.989	-2098.556	280.567	1.237269	3.065522	0.827206	0.172794	3.400935
19182	-1843.54	-2122.67	279.1301	1.103335	2.131783	0.929499	0.070501	4.556938
19188	-1837.69	-2117.458	279.7687	1.162116	2.379571	0.797963	0.202037	4.087731
19194	-1831.393	-2111.967	280.5739	1.413661	4.074558	0.827509	0.172491	3.071135
19200	-1820.272	-2101.512	281.2395	1.444721	3.559656	0.804343	0.195657	2.759417
19206	-1822.039	-2103.643	281.6044	1.679632	3.973896	0.869001	0.130999	2.293829
19212	-1823.967	-2104.586	280.6186	1.471996	2.552278	0.970739	0.0292607	3.368133
19218	-1822.951	-2104.51	281.559	1.519757	2.663835	0.971039	0.0289609	2.745303
19224	-1823.334	-2104.259	280.9252	1.387589	3.349811	0.868429	0.131571	3.032035
19230	-1808.92	-2090.94	282.0204	1.430856	3.366964	0.891093	0.108907	2.327202
19236	-1814.759	-2096.299	281.5398	1.511751	3.916503	0.902871	0.0971287	2.453511
19242	-1807.249	-2089.507	282.2576	1.518985	2.212757	0.913108	0.086892	2.453511
19248	-1821.818	-2101.98	280.1626	1.246819	2.222795	0.950989	0.0490107	3.861117
19254	-1830.636	-2111.607	280.9712	1.407039	3.198819	0.971151	0.028849	3.028633
19260	-1808.242	-2090.617	282.3754	1.46743	3.008138	0.914795	0.0852048	2.168811
19266	-1815.157	-2096.923	281.7663	1.332758	2.670237	0.870415	0.129585	2.731008
19272	-1821.263	-2101.149	279.8859	1.245476	2.562551	0.630601	0.369399	3.921301
19278	-1818.685	-2099.202	280.5175	1.22192	3.376476	0.917304	0.0826962	3.365752
19284	-1823.431	-2103.999	280.568	1.410811	3.692583	0.911393	0.0886067	3.154868
19290	-1828.105	-2107.866	279.7601	1.164028	2.96271	0.848937	0.151063	3.935804
19296	-1834.755	-2114.655	279.9006	1.214378	2.544065	0.810458	0.189542	3.935804
19302	-1820.928	-2099.027	278.0996	1.031302	2.36563	0.934622	0.0653777	5.102121
19308	-1821.552	-2100.688	279.1367	1.196665	2.987365	0.642588	0.357412	4.266242
19314	-1825.857	-2105.528	279.6705	1.193619	3.422091	0.810248	0.189752	3.86361
19320	-1835.552	-2117.398	281.8464	1.430358	4.358548	0.715524	0.284476	2.218033
19326	-1828.744	-2110.821	282.0768	1.435878	2.555973	0.839735	0.160265	2.508918
19332	-1830.961	-2112.961	281.9997	1.479347	2.648523	0.872764	0.127236	2.502388
19338	-1831.046	-2111.235	280.189	1.404655	2.976342	0.945392	0.0546083	3.545999
19344	-1837.006	-2118.484	281.4776	1.40885	2.357663	0.926216	0.0737844	2.952942
19350	-1831.137	-2111.95	280.8133	1.346064	3.387164	0.896747	0.103253	3.114987
19356	-1832.577	-2114.482	281.9048	1.515095	2.435733	0.771018	0.228982	2.603382
19362	-1834.102	-2115.845	281.7429	1.337868	3.021231	0.783601	0.216399	2.64662
19368	-1827.783	-2108.48	280.6971	1.426315	3.666311	0.879115	0.120885	3.074348
19374	-1829.055	-2106.988	277.9332	1.039423	3.116085	0.915389	0.0846108	4.99889
19380	-1820.205	-2099.048	278.8429	1.082231	2.422328	0.847148	0.152852	4.643482
19386	-1817.534	-2096.508	278.9733	1.0845	2.48805	0.845335	0.154665	4.550662
19392	-1843.286	-2125.507	282.2211	1.286159	2.077492	0.922234	0.0777661	2.667552
19398	-1832.215	-2113.308	281.0923	1.31465	2.470493	0.854587	0.145413	3.205195
19404	-1823.824	-2103.915	280.0911	1.318813	2.366425	0.876471	0.123529	3.817342
19410	-1824.484	-2104.48	279.9952	1.188825	3.977079	0.83105	0.16895	3.563546
19416	-1817.728	-2097.897	280.1688	1.122945	2.567028	0.961109	0.0388914	3.827946
19422	-1830.132	-2109.881	279.7488	1.250016	3.27522	0.858893	0.141107	3.819023
19428	-1827.469	-2107.514	280.0452	1.250016	3.593052	0.840974	0.159026	3.577591
19434	-1824.989	-2103.398	278.4086	1.138817	2.367912	0.882011	0.117989	4.869967
19440	-1822.12	-2102.683	280.5634	1.054008	3.079665	0.897161	0.102839	3.506732
19446	-1818.246	-2098.559	280.3129	1.264917	3.17606	0.85569	0.14431	3.506732
19452	-1830.146	-2111.415	281.2682	1.408946	4.04509	0.808533	0.191467	2.659251
19458	-1832.514	-2113.108	280.5936	1.380664	2.975987	0.8189	0.1811	3.323343
19464	-1841.772	-2120.428	278.6564	1.102457	3.840301	0.838233	0.161767	4.405661
19470	-1821.741	-2103.142	281.4006	1.375076	2.939558	0.854959	0.145041	2.854367
19476	-1821.557	-2102.929	281.3723	1.372903	3.54815	0.840694	0.159306	2.724751
19482	-1835.012	-2115.599	280.5876	1.638801	4.028867	0.75779	0.24221	2.937013
19488	-1831.582	-2113.085	281.5027	1.539452	2.460337	0.878961	0.121039	2.827402
19494	-1822.5	-2104.695	282.1949	1.607277	3.148521	0.999875	0.00012518	2.157229
19500	-1828.994	-2111.085	282.0918	1.48306	3.167813	0.948573	0.0514272	2.298752
19506	-1821.582	-2102.386	280.8035	1.505425	2.79317	0.955274	0.0447256	3.172919
19512	-1816.191	-2097.203	281.012	1.367562	2.990608	0.91346	0.0865399	3.079425
19518	-1808.701	-2089.891	281.1903	1.736342	4.064215	0.836781	0.163219	2.500513
19524	-1812.441	-2093.669	281.2278	1.679535	4.122834	0.728322	0.271678	2.500513
19530	-1823.519	-2106.131	282.6129	1.658216	3.049364	0.880632	0.119368	1.87255
19536	-1817.316	-2099.373	282.0567	1.695664	3.211357	0.880632	0.119368	2.173067
19542	-1837.088	-2117.865	280.7772	1.345206	3.712382	0.865921	0.134079	3.065059
19548	-1825.573	-2106.692	281.1184	1.407273	2.475516	0.832675	0.167325	3.133241
19554	-1818.009	-2099.859	281.85	1.456854	2.86754	0.704831	0.295169	2.547696
19560	-1818.391	-2095.098	276.7068	0.8678805	2.755094	0.853433	0.146567	5.854959
19566	-1827.237	-2103.031	275.7942	0.9454802	3.014943	0.725254	0.274746	6.247984
19572	-1816.892	-2094.814	277.9225	1.072923	4.258131	0.848335	0.151665	4.75597
19578	-1823.282	-2102.491	279.2088	1.191173	2.591146	0.877476	0.122524	4.329637
19584	-1817.466	-2096.234	278.7672	1.225769	3.563019	0.757971	0.242029	4.329637
19590	-1814.203	-2091.456	277.2529	0.9986272	3.151036	0.846042	0.153958	5.389914
19596	-1823.647	-2103.922	280.2755	1.358312	2.394609	0.828808	0.171192	3.67989
19602	-1821.664	-2101.273	279.6092	1.36808	2.394609	0.828808	0.171192	4.056905
19608	-1794.722	-2074.755	280.0338	1.180671	3.088795	0.814212	0.185788	3.738301
19614	-1809.872	-2090.389	280.5171	1.451417	4.034053	0.814212	0.185788	3.090541
19620	-1826.605	-2107.785	281.179	1.346003	2.421308	0.913271	0.0867289	3.149706
19626	-1822.398	-2102.667	280.2683	1.235723	2.398405	0.945109	0.0548906	3.753739
19632	-1827.267	-2105.413	278.1461	1.179622	2.580794	0.802313	0.197687	4.934629
19638	-1828.966	-2109.62	280.6538	1.08612	2.428582	0.768244	0.231756	3.60843
19644	-1825.575	-2106.127	280.5514	1.4631	3.149067	0.816974	0.183026	3.256938
19650	-1828.004	-2109.937	281.9328	1.621719	3.985412	0.816974	0.183026	2.116378
19656	-1822.615	-2104.512	281.8972	1.511857	4.10268	0.76919	0.23081	2.185651
19662	-1824.93	-2106.682	281.7515	1.264083	2.322389	0.890718	0.109282	2.886092
19668	-1833.12	-2113.441	280.3216	1.506832	4.608451	0.883478	0.116522	3.065677
19674	-1821.238	-2101.627	280.3891	1.276805	4.40638	0.874033	0.125967	3.199061
19680	-1820.888	-2101.478	280.5897	1.243483	3.894834	0.918253	0.0817474	3.199061
19686	-1825.855	-2105.916	280.0616	1.202144	3.269842	0.940835	0.0591649	3.667342
19692	-1844.278	-2125.124	280.8463	1.406423	2.483638	0.995868	0.00413204	3.292491
19698	-1852.461	-2132.701	280.2399	1.416897	2.732417	0.74489	0.25511	3.572031
19704	-1825.003	-2103.409	278.4058	1.204151	3.995311	0.787263	0.212737	4.459668
19710	-1832.161	-2111.55	279.3891	1.156122	4.250217	0.669087	0.330913	3.880662
19716	-1832.388	-2112.117	279.7287	1.272717	3.704114	0.495531	0.504469	3.724453
19722	-1824.772	-2104.571	279.7983	1.141778	2.762684	0.795075	0.204925	3.977231
19728	-1818.168	-2095.726	277.5576	1.188716	3.144666	0.865436	0.134564	5.117895
19734	-1825.699	-2104.462	278.7626	1.172765	3.774354	0.850773	0.149227	4.31905
19740	-1844.717	-2123.817	279.1004	1.104166	2.867046	0.802667	0.197333	4.368539
19746	-1838.525	-2117.994	279.4686	1.277253	3.207604	0.809786	0.190214	3.97961
19752	-1832.811	-2113.663	280.8522	1.472209	3.561786	0.914311	0.0856886	2.976874
19758	-1819.035	-2098.732	279.6971	1.191574	3.874433	0.903737	0.0962635	3.754936
19764	-1825.86	-2103.722	277.8616	1.105141	3.874433	0.887875	0.112125	4.84317
19770	-1824.225	-2102.941	278.7161	1.163455	3.285581	0.887875	0.112125	4.453463
19776	-1824.862	-2103.87	279.0082	1.04746	3.041415	0.854687	0.145313	4.410229
19782	-1828.054	-2108.284	280.2291	1.04746	2.685393	0.720719	0.279281	3.804488
19788	-1829.67	-2108.877	279.2072	1.141276	3.579538	0.897003	0.102997	4.124579
19794	-1821.292	-2100.925	279.6329	1.111933	2.403141	0.839138	0.160862	4.18668
19800	-1820.308	-2100.342	280.0337	1.074937	3.408953	0.930697	0.0693025	3.725715
19806	-1818.295	-2098.575	280.2804	1.122939	2.853276	0.836598	0.163402	3.687469
19812	-1814.786	-2093.942	279.1562	1.157768	2.998865	0.744539	0.255461	4.274463
19818	-1815.269	-2095.496	280.2268	1.522207	3.807886	0.855658	0.144342	3.266737
19824	-1823.733	-2104.713	280.9798	1.278242	2.571642	0.870859	0.129141	3.264001
19830	-1814.519	-2095.682	281.1628	1.331423	2.941782	0.900906	0.0990944	3.023417
19836	-1823.57	-2106.07	282.4994	1.50479	1.890554	0.842106	0.157894	2.42704
19842	-1812.302	-2092.15	279.8486	1.140879	2.68698	0.930779	0.0692211	3.968839
19848	-1823.909	-2103.489	279.5798	1.130665	3.018818	0.839959	0.160041	4.04427
19854	-1847.616	-2127.746	280.1307	1.230376	3.901511	0.874775	0.125225	3.475401
19860	-1827.659	-2107.888	280.2287	1.277241	4.138331	0.838455	0.161545	3.343964
19866	-1831.826	-2111.113	279.2866	1.26533	3.54832	0.78372	0.21628	4.015191
19872	-1835.943	-2115.975	280.0316	1.118496	3.319474	0.888607	0.111393	3.721752
19878	-1823.493	-2103.081	279.5879	1.20156	3.447253	0.880961	0.119039	3.900987
19884	-1822.629	-2103.341	280.7126	1.170654	2.422054	0.869751	0.130249	3.52698
19890	-1843.406	-2122.961	279.555	1.128292	3.697336	0.844004	0.155996	3.908908
19896	-1821.649	-2102.406	280.7564	1.306155	3.41755	0.844004	0.155996	3.165629
19902	-1819.208	-2098.788	279.5806	1.145511	4.104839	0.849511	0.150489	3.803843
19908	-1829.623	-2109.749	280.1259	1.333337	3.641062	0.859657	0.140343	3.471791
19914	-1830.71	-2110.666	279.9558	1.177266	3.33817	0.868601	0.131399	3.727375
19920	-1809.839	-2090.886	281.0466	1.302962	3.810371	0.915912	0.0840877	2.907826
19926	-1814.758	-2094.007	279.2481	1.215981	3.341648	0.963415	0.0365849	4.110057
19932	-1817.459	-2097.039	279.5792	1.049614	2.061741	0.891697	0.108303	4.356514
19938	-1814.671	-2094.02	279.3495	1.091082	2.669184	0.824359	0.175641	4.28584
19944	-1829.637	-2110.099	280.4615	1.422496	2.721711	0.917039	0.0829612	3.442373
19950	-1825.294	-2105.596	280.3017	1.235074	2.354564	0.802821	0.197179	3.747778
19956	-1821.491	-2100.685	279.1938	1.137728	2.354564	0.935439	0.0645606	4.434528
19962	-1838.891	-2118.783	279.892	1.198642	3.360524	0.762867	0.237133	3.746843
19968	-1844.123	-2123.744	279.6211	1.198642	2.953079	0.777254	0.222746	3.997874
19974	-1817.529	-2099.193	281.664	1.360482	2.780082	0.957585	0.0424153	2.745813
19980	-1816.105	-2098.52	282.4144	1.476954	1.945995	0.822901	0.177099	2.476818
19986	-1836.323	-2118.575	282.2513	1.487798	1.89664	0.865545	0.134455	2.590261
19992	-1833.034	-2113.764	280.7304	1.273706	3.276667	0.739592	0.260408	3.232767
19998	-1827.502	-2107.609	280.107	1.208648	2.984909	0.831607	0.168393	3.705074
20004	-1837.719	-2118.036	280.3167	1.117606	2.76455	0.800446	0.199554	3.692539
20010	-1839.845	-2119.901	280.0555	1.323604	3.332045	0.820866	0.179134	3.586272
20016	-1828.167	-2108.116	279.9481	1.451016	3.474454	0.820866	0.179134	3.54282
20022	-1832.546	-2113.643	281.0971	1.322379	2.808511	0.820866	0.179134	3.103057
20028	-1826.671	-2107.519	280.848	1.380745	2.701531	0.886745	0.113255	3.245187
20034	-1812.504	-2094.677	282.1728	1.44457	3.054173	0.756434	0.243566	2.301522
20040	-1834.132	-2113.817	279.6856	1.164962	4.19153	0.869693	0.130307	3.715693
20046	-1844.018	-2123.67	279.6516	1.153215	3.99348	0.950114	0.0498856	3.779888
20052	-1823.061	-2102.081	279.0193	1.186284	2.679245	0.895768	0.104232	4.415931
20058	-1820.187	-2100.997	280.8101	1.186284	2.161623	0.858934	0.141066	3.541071
20064	-1818.909	-2099.731	280.8227	1.231673	2.073858	0.763101	0.236899	3.535965
20070	-1810.756	-2091.767	281.0112	1.231673	1.975697	0.78299	0.21701	3.459233
20076	-1819.696	-2100.74	281.0439	1.078127	1.846121	0.827964	0.172036	3.575621
20082	-1809.182	-2091.305	282.1233	1.153584	1.327951	0.892168	0.107832	3.111907
20088	-1832.572	-2114.741	282.1698	1.277108	1.922307	0.937723	0.0622765	2.760394
20094	-1820.511	-2102.308	281.7965	1.320216	2.532316	0.956842	0.0431584	2.760394
20100	-1818.19	-2099.777	281.587	1.338518	2.223116	0.893759	0.106241	2.972157
20106	-1818.002	-2100.408	282.4065	1.52458	2.711948	0.771272	0.228728	2.19643
20112	-1827.257	-2109.848	282.5911	1.285567	2.260472	0.764114	0.235886	2.374243
20118	-1819.693	-2101.819	282.1259	1.606883	2.978667	0.886595	0.113405	2.248069
20124	-1818.881	-2101.663	282.7818	1.606883	2.978667	0.73081	0.26919	1.812384
20130	-1811.876	-2094.41	282.5336	1.392666	2.010913	0.89841	0.10159	2.430796
20136	-1820.018	-2099.262	279.2442	1.138405	3.183756	0.88124	0.11876	4.192012
20142	-1838.566	-2115.588	277.0219	0.932087	2.422383	0.708743	0.291257	5.734583
20148	-1828.254	-2110.113	281.8589	1.288603	3.000165	0.822258	0.177742	2.610942
20154	-1824.071	-2104.093	280.0223	1.23482	3.6735	0.79249	0.20751	3.582711
20160	-1819.461	-2099.133	279.6725	1.117106	3.01219	0.79249	0.20751	4.000702
20166	-1820.396	-2100.415	280.0195	1.098976	2.793479	0.79249	0.20751	3.866989
20172	-1823.399	-2101.593	278.1944	1.163082	3.334602	0.895331	0.104669	4.735593
20178	-1812.994	-2093.243	280.2493	1.261135	3.153038	0.899966	0.100034	3.55144
20184	-1813.41	-2094.561	281.1506	1.240393	3.032523	0.926275	0.0737251	3.062046
20190	-1815.982	-2097.461	281.4798	1.125491	2.556744	0.926275	0.0737251	3.062046
20196	-1833.107	-2112.743	279.6363	1.132982	3.800101	0.852067	0.147933	3.838585
20202	-1828.446	-2109.808	281.3617	1.384052	2.566757	0.852067	0.147933	2.974982
20208	-1824.27	-2105.903	281.6325	1.384052	2.861423	0.828946	0.171054	2.728448
20214	-1831.124	-2111.338	280.2143	1.120925	3.83519	0.924577	0.0754227	3.503865
20220	-1828.643	-2109.132	280.4891	1.237711	2.163725	0.857763	0.142237	3.696753
20226	-1820.712	-2100.741	280.0286	1.117236	4.223696	0.777804	0.222196	3.53843
20232	-1824.431	-2104.68	280.2491	1.183622	2.753151	0.867911	0.132089	3.696443
20238	-1820.05	-2101.456	281.406	1.427929	3.345313	0.881765	0.118235	2.717574
20244	-1848.959	-2129.393	280.4345	1.271949	2.624997	0.884693	0.115307	3.572239
20250	-1837.439	-2117.581	280.1416	1.116383	2.91589	0.783656	0.216344	3.755583
20256	-1836.035	-2116.686	280.6506	1.243663	2.91589	0.862704	0.137296	3.385554
20262	-1822.712	-2104.186	281.474	1.345824	2.720195	0.862704	0.137296	2.88683
20268	-1824.727	-2106.366	281.6393	1.56941	4.070705	0.92228	0.0777199	2.321179
20274	-1819.571	-2100.893	281.3228	1.463528	3.185656	0.928118	0.0718819	2.785364
20280	-1838.669	-2118.506	279.8365	1.345501	3.886526	0.728931	0.271069	3.582722
20286	-1828.33	-2107.771	279.4415	1.181549	2.710929	0.867853	0.132147	4.171371
20292	-1820.134	-2100.593	280.4584	1.298626	2.461615	0.826773	0.173227	3.588849
20298	-1825.47	-2104.487	279.0171	1.616876	3.423661	0.83347	0.16653	3.995137
20304	-1817.059	-2099.013	281.9535	1.402358	2.854237	0.822215	0.177785	2.520808
20310	-1814.945	-2097.062	282.1163	1.316414	2.222139	0.814056	0.185944	2.664067
20316	-1823.492	-2102.241	278.7483	1.126813	3.343145	0.83621	0.16379	4.443235
20322	-1836.632	-2116.454	279.8224	1.194271	3.173562	0.755268	0.244732	3.832174
20328	-1817.816	-2097.243	279.4271	1.2387	3.356872	0.731116	0.268884	3.991645
20334	-1832.983	-2112.523	279.54	1.168901	2.936954	0.795857	0.204143	4.065134
20340	-1843.573	-2123.523	279.95	1.1417	2.283901	0.809829	0.190171	4.024371
20346	-1827.849	-2107.845	279.9959	1.344358	3.424944	0.825451	0.174549	3.588012
20352	-1823.47	-2104.325	280.8548	1.373699	4.74629	0.937768	0.0622317	2.799876
20358	-1823.038	-2103.828	280.7901	1.492296	4.74629	0.900783	0.0992165	2.767003
20364	-1830.239	-2110.738	280.4988	1.443438	3.036372	0.927289	0.0727109	3.327085
20370	-1842.011	-2121.989	279.9783	1.379286	3.09049	0.867336	0.132664	3.655151
20376	-1833.546	-2114.36	280.8141	1.426387	3.438735	0.959221	0.0407792	3.054814
20382	-1827.289	-2107.371	280.0819	1.291301	2.868086	0.891305	0.108695	3.701126
20388	-1819.444	-2099.524	280.0805	1.323138	2.770129	0.820634	0.179366	3.708813
20394	-1835.799	-2115.599	279.7998	1.205163	3.634367	0.654248	0.345752	3.736947
20400	-1827.187	-2108.957	281.7696	1.31439	2.348148	0.829885	0.170115	2.836536
20406	-1831.255	-2109.234	277.9789	1.094744	3.105875	0.636105	0.363895	4.94505
20412	-1817.864	-2099.394	281.5297	1.509401	2.619566	0.819449	0.180551	2.782184
20418	-1818.574	-2098.622	280.0485	1.249605	2.734918	0.759677	0.240323	3.77894
20424	-1839.919	-2121.375	281.4559	1.08944	3.033086	0.874248	0.125752	2.969355
20430	-1824.198	-2104.812	280.6143	1.504676	3.614038	0.921751	0.0782493	3.088318
20436	-1835.418	-2116.807	281.3885	1.284817	3.745309	0.921751	0.0782493	2.724945
20442	-1818.354	-2099.431	281.0771	1.464359	2.946752	0.828408	0.171592	2.993814
20448	-1813.923	-2095.264	281.3416	1.284864	2.249299	0.836097	0.163903	3.142476
20454	-1817.706	-2100.603	282.8964	1.495546	2.222731	0.886996	0.113004	2.054363
20460	-1813.285	-2092.89	279.605	1.285695	5.280121	0.829028	0.170972	3.506549
20466	-1807.206	-2087.201	279.9948	1.26997	3.139116	0.829028	0.170972	3.697227
20472	-1814.257	-2096.069	281.8126	1.390082	2.327722	0.853777	0.146223	2.770763
20478	-1811.503	-2092.627	281.1242	1.402159	4.266585	0.838007	0.161993	2.707446
20484	-1810.749	-2091.389	280.6404	1.409393	4.325261	0.886312	0.113688	2.985284
20490	-1812.007	-2093.365	281.3571	1.503843	2.3597	0.968169	0.0318313	2.967681
20496	-1807.16	-2086.941	279.7813	1.263044	3.220103	0.966328	0.0336719	3.805481
20502	-1830.36	-2108.856	278.496	1.157348	2.489878	0.845243	0.154757	4.776669
20508	-1810.882	-2090.785	279.9037	1.186136	2.489878	0.845243	0.154757	3.965345
20514	-1812.626	-2091.847	279.2211	1.060745	2.302455	0.776446	0.223554	4.477763
20520	-1810.206	-2089.539	279.3331	0.9947379	2.216165	0.923009	0.0769907	4.477763
20526	-1809.853	-2090.013	280.1598	1.110488	2.363843	0.943563	0.0564371	3.898317
20532	-1812.115	-2092.2	280.0847	1.189696	2.35594	0.943563	0.0564371	3.898317
20538	-1821.742	-2100.824	279.0826	1.270519	2.857423	0.903628	0.0963715	4.286959
20544	-1815.963	-2097.329	281.3658	1.300265	3.344985	0.758956	0.241044	2.820084
20550	-1812.43	-2092.863	280.4328	1.368167	4.390772	0.882306	0.117694	3.121754
20556	-1805.438	-2086.544	281.1064	1.251899	3.220819	0.848389	0.151611	3.035304
20562	-1813.4	-2092.228	278.8281	1.251899	2.939657	0.734462	0.265538	4.42098
20568	-1815.465	-2096.254	280.7891	1.290774	2.25547	0.794845	0.205155	3.462679
20574	-1818.797	-2101.706	282.9098	1.438235	1.710569	0.866501	0.133499	2.281568
20580	-1815.966	-2096.528	280.5615	1.208186	2.767429	0.866501	0.133499	3.497005
20586	-1820.766	-2101.879	281.1126	1.189784	3.605528	0.924691	0.0753093	2.980397
20592	-1816.103	-2097.408	281.3056	1.391924	2.901727	0.901319	0.098681	2.911579
20598	-1811.094	-2092.309	281.2154	1.310329	3.327797	0.819103	0.180897	2.909193
20604	-1816.475	-2097.785	281.3098	1.319971	2.091224	0.819103	0.180897	3.192175
20610	-1820.404	-2100.663	280.2584	1.207834	2.61367	0.795605	0.204395	3.714558
20616	-1829.353	-2109.62	280.2666	1.147432	2.72554	0.784785	0.215215	3.714558
20622	-1821.593	-2102.596	281.0036	1.311713	4.305126	0.792241	0.207759	2.828741
20628	-1808.633	-2089.986	281.3528	1.245567	3.952458	0.897287	0.102713	2.726777
20634	-1804.197	-2085.528	281.3305	1.294917	2.637168	0.866247	0.133753	3.027059
20640	-1815.552	-2096.573	281.021	1.347152	3.230525	0.77723	0.22277	3.027059
20646	-1826.18	-2106.76	280.5797	1.089279	3.327166	0.789688	0.210312	3.418299
20652	-1822.389	-2104.363	281.9738	1.605763	4.30028	0.783675	0.216325	2.032034
20658	-1820.54	-2103.202	282.6617	1.668855	2.787006	0.824607	0.175393	1.909644
20664	-1814.606	-2095.785	281.1788	1.210195	2.146334	0.843138	0.156862	3.316194
20670	-1807.65	-2089.504	281.8532	1.489231	3.815792	0.827758	0.172242	2.291276
20676	-1803.158	-2084.296	281.1384	1.463499	3.816985	0.884295	0.115705	2.753168
20682	-1832.953	-2113.056	280.1021	1.064116	3.210033	0.961641	0.0383591	3.737552
20688	-1828.109	-2106.925	278.8166	0.9078816	3.190177	0.873974	0.126026	4.562111
20694	-1831.984	-2113.092	281.1083	1.312624	3.31118	0.936725	0.063275	2.976206
20700	-1827.754	-2108.934	281.1803	1.312624	3.131837	0.819911	0.180089	2.976206
20706	-1833.816	-2115.368	281.5511	1.248682	3.96608	0.924666	0.0753336	2.599897
20712	-1816.32	-2095.386	279.0659	1.166714	2.308768	0.801485	0.198515	4.503608
20718	-1811.794	-2091.497	279.7036	1.361133	3.866053	0.678648	0.321352	3.654862
20724	-1806.633	-2087.502	280.8691	1.370188	2.409071	0.935077	0.0649232	3.322373
20730	-1805.193	-2085.012	279.8191	1.186044	2.409071	0.967631	0.0323689	4.036807
20736	-1811.322	-2093.38	282.0582	1.400958	2.215236	0.936619	0.063381	2.650086
20742	-1817.873	-2099.509	281.6364	1.523072	2.826956	0.892873	0.107127	2.650086
20748	-1822.601	-2105.774	283.1723	1.577574	2.743222	0.832627	0.167373	1.631089
20754	-1826.962	-2107.467	280.5054	1.373263	3.240085	0.837458	0.162542	3.315404
20760	-1811.748	-2094.104	282.3552	1.459325	2.058258	0.653444	0.346556	2.483741
20766	-1817.302	-2099.139	281.8374	1.434328	3.422737	0.777019	0.222981	2.42729
20772	-1820.292	-2101.828	281.5356	1.420108	2.990482	0.754836	0.245164	2.731451
20778	-1812.841	-2093.63	280.7889	1.413408	3.000436	0.858441	0.141559	3.182452
20784	-1824.308	-2103.747	279.4394	1.136191	4.248406	0.944343	0.0556573	3.863566
20790	-1830.802	-2112.108	281.3062	1.461741	3.46234	0.922135	0.0778651	2.730523
20796	-1829.743	-2110.205	280.4619	1.202648	3.08225	0.876106	0.123894	3.478588
20802	-1837.844	-2118.682	280.8382	1.446167	2.653938	0.967954	0.0320457	3.225354
20808	-1827.224	-2108.155	280.9314	1.244237	3.916308	0.941573	0.0584274	2.99044
20814	-1817.182	-2098.221	281.0391	1.141623	3.018067	0.939951	0.0600486	3.190821
20820	-1827.572	-2107.813	280.2407	1.152046	4.719599	0.862548	0.137452	3.304523
20826	-1818.121	-2100.254	282.1336	1.483453	3.128242	0.909487	0.0905134	2.282068
20832	-1835.662	-2118.566	282.904	1.580649	1.771612	0.820709	0.179291	2.167744
20838	-1821.195	-2103.48	282.2851	1.589618	3.298534	0.920067	0.0799331	2.070304
20844	-1824.97	-2105.319	280.3486	1.276693	3.294562	0.864657	0.135343	3.451355
20850	-1822.061	-2102.987	280.9268	1.338208	2.447289	0.854397	0.145603	3.295892
20856	-1823.986	-2104.81	280.8245	1.260437	2.829003	0.670667	0.329333	3.295892
20862	-1819.69	-2099.999	280.3094	1.186683	2.306219	0.934591	0.0654088	3.785724
20868	-1815.853	-2097.329	281.476	1.471025	2.592239	0.986147	0.0138528	2.846072
20874	-1829.759	-2110.656	280.8972	1.294481	2.930836	0.900247	0.0997528	3.206445
20880	-1825.987	-2104.746	278.7584	1.242342	3.628268	0.832118	0.167882	4.311687
20886	-1824.567	-2101.825	277.2584	0.9358226	3.260319	0.724138	0.275862	5.397217
20892	-1812.618	-2093.217	280.5994	1.162692	2.892749	0.652356	0.347644	3.468839
20898	-1816.015	-2094.404	278.3889	1.162692	4.392895	0.74336	0.25664	4.41999
20904	-1797.317	-2077.495	280.1781	1.24285	2.454153	0.74336	0.25664	3.78543
20910	-1796.409	-2076.083	279.6743	1.24285	3.061446	0.789619	0.210381	3.915835
20916	-1812.63	-2093.344	280.7137	1.193928	2.418352	0.809261	0.190739	3.513874
20922	-1803.695	-2085.066	281.371	1.109158	2.243574	0.809261	0.190739	3.231104
20928	-1810.897	-2092.146	281.2483	1.231803	2.243574	0.877289	0.122711	3.231104
20934	-1813.932	-2095.14	281.2075	1.376115	4.299586	0.792309	0.207691	2.66583
20940	-1810.988	-2091.07	280.0822	1.249941	3.034778	0.857374	0.142626	3.683342
20946	-1818.899	-2098.527	279.6279	1.201489	3.034778	0.911621	0.0883794	3.972498
20952	-1819.22	-2098.747	279.5268	1.23142	2.951418	0.735228	0.264772	4.033454
20958	-1826.811	-2106.357	279.5463	1.211889	2.951418	0.759951	0.240049	4.033454
20964	-1810.807	-2090.309	279.5017	1.160889	2.305193	0.928199	0.0718005	4.261979
20970	-1811.514	-2091.236	279.7223	1.230209	3.11753	0.948383	0.0516173	3.882219
20976	-1821.919	-2102.094	280.1747	1.082565	2.017721	0.948383	0.0516173	4.014066
20982	-1823.622	-2105.502	281.8796	1.309919	2.933788	0.877004	0.122996	2.602509
20988	-1819.994	-2101.911	281.9176	1.410188	2.933788	0.870666	0.129334	2.516602
20994	-1823.365	-2102.609	279.2442	1.067437	3.813151	0.863758	0.136242	4.097827
21000	-1828.401	-2108.502	280.1004	0.9939207	2.056522	0.957398	0.0426016	4.09421
21006	-1823.744	-2102.957	279.2134	1.097091	2.227009	0.880053	0.119947	4.484221
21012	-1831.148	-2111.151	280.0023	1.047171	2.227009	0.94559	0.0544095	4.065753
21018	-1824.866	-2104.805	279.9388	1.148187	1.58224	0.964526	0.0354735	4.26924
21024	-1843.659	-2124.182	280.5223	1.376504	2.22353	0.917697	0.0823026	3.578156
21030	-1819.514	-2098.879	279.3656	1.182606	3.211891	0.801346	0.198654	4.091422
21036	-1817.48	-2096.545	279.065	1.029461	3.70043	0.939718	0.0602818	4.243876
21042	-1816.376	-2098.203	281.8269	1.541061	2.55349	0.804199	0.195801	2.599643
21048	-1815.744	-2094.725	278.981	1.088471	2.790874	0.818754	0.181246	4.463855
21054	-1822.587	-2101.848	279.2604	1.279736	4.16063	0.83864	0.16136	3.900192
21060	-1814.673	-2094.225	279.5516	1.13422	3.643813	0.674502	0.325498	3.918553
21066	-1811.215	-2091.339	280.124	1.180923	3.6078	0.770467	0.229533	3.568826
21072	-1810.423	-2090.015	279.5922	1.220256	2.874014	0.891413	0.108587	4.021694
21078	-1808.967	-2089.467	280.5001	1.206459	3.538174	0.772213	0.227787	3.349029
21084	-1806.083	-2085.953	279.8702	1.354831	4.274357	0.693169	0.306831	3.48281
21090	-1808.041	-2087.747	279.7054	1.28932	3.58819	0.750419	0.249581	3.752642
21096	-1806.88	-2088.325	281.4451	1.346534	2.697965	0.774842	0.225158	2.910069
21102	-1829.084	-2107.971	278.8868	1.281008	3.728752	0.789951	0.210049	4.19653
21108	-1826.209	-2106.417	280.208	1.185568	3.747798	0.714223	0.285777	3.487784
21114	-1829.132	-2111.126	281.9935	1.542299	2.619248	0.785417	0.214583	2.475507
21120	-1828.717	-2109.468	280.7512	1.178176	2.984041	0.806561	0.193439	3.34772
21126	-1835.995	-2115.313	279.3179	1.247197	2.810669	0.868185	0.131815	4.178577
21132	-1834.14	-2115.709	281.5689	1.544458	2.137558	0.900966	0.0990337	2.887174
21138	-1834.811	-2116.481	281.6698	1.489682	2.423856	0.893363	0.106637	2.767107
21144	-1829.725	-2111.542	281.8167	1.218076	1.832112	0.824641	0.175359	3.043002
21150	-1827.746	-2110.116	282.37	1.595641	2.396113	0.839467	0.160533	2.272595
21156	-1828.473	-2111.312	282.8391	1.732897	2.646774	0.839467	0.160533	1.788372
21162	-1825.381	-2106.033	280.6515	1.394704	4.049951	0.758773	0.241227	3.04095
21168	-1823.645	-2104.459	280.8135	1.522983	3.870841	0.724163	0.275837	2.902992
21174	-1824.725	-2106.327	281.6017	1.457793	3.388767	0.872574	0.127426	2.568121
21180	-1820.542	-2101.081	280.5388	1.338683	4.216063	0.896102	0.103898	3.109168
21186	-1822.448	-2102.213	279.7645	1.317676	3.946445	0.835045	0.164955	3.628787
21192	-1827.794	-2107.081	279.2862	1.358661	4.591268	0.769087	0.230913	3.762454
21198	-1813.071	-2095.32	282.2495	1.507942	2.542585	0.820665	0.179335	2.358988
21204	-1826.019	-2108.253	282.2344	1.437011	2.32327	0.863577	0.136423	2.482657
21210	-1833.963	-2115.197	281.2339	1.463909	3.041484	0.88788	0.11212	2.875251
21216	-1827.019	-2106.846	279.8272	1.437837	2.939618	0.854267	0.145733	3.745572
21222	-1841.236	-2122.21	280.9733	1.429517	2.548741	0.898895	0.101105	3.18486
21228	-1839.24	-2122.436	283.1963	1.624469	2.24094	0.838087	0.161913	1.756802
21234	-1827.27	-2106.878	279.6075	1.205103	2.982069	0.978015	0.021985	3.994894
21240	-1811.662	-2094.286	282.6246	1.558077	2.732415	0.895937	0.104063	2.025414
21246	-1816.853	-2098.994	282.1407	1.546275	3.500527	0.922406	0.0775939	2.142505
21252	-1807.404	-2089.044	281.6402	1.351823	2.331541	0.979057	0.0209426	2.897466
21258	-1813.897	-2094.775	280.8782	1.343408	3.339094	0.863656	0.136344	3.088999
21264	-1815.241	-2096.008	280.7664	1.235429	2.861527	0.856887	0.143113	3.336354
21270	-1817.256	-2098.091	280.8355	1.295332	2.814628	0.730905	0.269095	3.272651
21276	-1817.037	-2098.736	281.6986	1.446276	2.644066	0.705419	0.294581	2.710503
21282	-1823.35	-2104.673	281.3231	1.367071	2.955221	0.846616	0.153384	2.902036
21288	-1817.464	-2098.868	281.4037	1.357428	2.794014	0.84163	0.15837	2.902036
21294	-1826.662	-2107.495	280.8335	1.405832	4.165017	0.843843	0.156157	2.902036
21300	-1835.031	-2114.954	279.9226	1.303091	3.580909	0.812695	0.187305	3.620534
21306	-1834.456	-2115.304	280.8481	1.344823	2.826587	0.88235	0.11765	3.232821
21312	-1822.424	-2104.991	282.5672	1.325278	1.996882	0.937955	0.0620453	2.45718
21318	-1811.914	-2093.919	282.0048	1.345143	2.175421	0.926144	0.0738559	2.730483
21324	-1837.938	-2118.94	281.0021	1.581353	3.212815	0.861762	0.138238	2.901804
21330	-1825.653	-2106.428	280.7747	1.236896	3.00992	0.940422	0.0595784	3.292818
21336	-1845.104	-2126.662	281.5575	1.628859	2.301419	0.910691	0.0893089	2.789069
21342	-1828.625	-2111.636	283.0111	1.690877	2.384612	0.903641	0.0963588	1.787237
21348	-1827.642	-2110.153	282.5109	1.748031	3.458988	0.861723	0.138277	1.768414
21354	-1822.824	-2104.798	281.9744	1.411303	2.836808	0.837425	0.162575	2.506978
21360	-1832.047	-2113.043	280.9969	1.605061	3.099658	0.867585	0.132415	2.918542
21366	-1841.306	-2122.092	280.7862	1.64855	2.913703	0.923578	0.0764223	3.066254
21372	-1832.215	-2113.197	280.9819	1.361728	3.905288	0.818057	0.181943	2.891482
21378	-1842.342	-2123.303	280.9615	1.439157	3.380028	0.916505	0.0834951	2.972303
21384	-1845.69	-2126.665	280.9752	1.559631	3.046535	0.751497	0.248503	2.972303
21390	-1836.839	-2118.299	281.4599	1.416824	2.714082	0.731759	0.268241	2.854077
21396	-1838.818	-2120.34	281.522	1.498196	2.894747	0.778865	0.221135	2.717272
21402	-1946.685	-2225.531	278.8467	0.9451688	2.95016	0.810692	0.189308	4.580481
21408	-1912.96	-2192.84	279.88	1.26731	2.95016	0.917473	0.0825274	3.810764
21414	-1835.417	-2114.844	279.4274	1.183577	4.393339	0.854596	0.145404	3.816852
21420	-1846.004	-2126.978	280.9741	1.293618	2.338561	0.775963	0.224037	3.326872
21426	-1838.901	-2120.232	281.3308	1.361849	2.338561	0.891619	0.108381	3.075081
21432	-1845.027	-2127.245	282.218	1.410344	2.877955	0.934415	0.065585	2.342711
21438	-1829.691	-2111.591	281.9003	1.404043	2.314383	0.899163	0.100837	2.712833
21444	-1819.48	-2099.816	280.3356	1.34312	2.314383	0.959726	0.0402744	3.677826
21450	-1821.088	-2100.689	279.6016	1.069399	2.341022	0.905503	0.0944968	4.246657
21456	-1827.09	-2106.85	279.7593	1.06619	2.057359	0.914418	0.0855815	4.246657
21462	-1831.18	-2113.221	282.0409	1.363064	2.057359	0.81686	0.18314	2.737998
21468	-1837.23	-2118.417	281.1873	1.559985	2.858245	0.793279	0.206721	2.893053
21474	-1832.687	-2112.432	279.7449	1.418015	3.459904	0.830906	0.169094	3.683108
21480	-1831.015	-2110.669	279.6538	1.418015	3.707335	0.816262	0.183738	3.683108
21486	-1841.026	-2122.821	281.7947	1.599447	3.296463	0.947226	0.0527741	2.380916
21492	-1837.118	-2118.144	281.0261	1.555102	4.732208	0.89076	0.10924	2.58583
21498	-1819.054	-2100.662	281.6086	1.412699	3.413908	0.901334	0.0986661	2.58583
21504	-1819.232	-2100.824	281.5923	1.428978	3.413908	0.754124	0.245876	2.58583
21510	-1816.782	-2097.88	281.0973	1.428978	3.413908	0.824478	0.175522	2.888713
21516	-1833.354	-2114.748	281.3947	1.398384	2.690391	0.831922	0.168078	2.911286
21522	-1825.285	-2105.321	280.0354	1.244646	2.690391	0.882014	0.117986	3.801152
21528	-1809.492	-2089.086	279.5932	1.244646	4.461062	0.879513	0.120487	3.67384
21534	-1827.286	-2108.431	281.145	1.250768	2.517136	0.95544	0.0445601	3.198183
21540	-1822.871	-2103.341	280.4698	1.250768	2.656564	0.765583	0.234417	3.555344
21546	-1821.125	-2101.012	279.8875	1.207493	3.422695	0.927073	0.0729272	3.73057
21552	-1829.05	-2109.607	280.5564	1.271917	2.648181	0.978927	0.0210727	3.494895
21558	-1818.302	-2098.692	280.3894	1.337133	2.872059	0.774392	0.225608	3.494895
21564	-1813.321	-2093.733	280.4122	1.314347	2.872059	0.922227	0.0777734	3.494895
21570	-1818.469	-2099.305	280.8362	1.124807	1.804361	0.840729	0.159271	3.684275
21576	-1818.526	-2100.111	281.5853	1.16488	2.302981	0.938584	0.0614156	3.051757
21582	-1812.875	-2096.209	283.3342	1.583971	2.158489	0.860307	0.139693	1.719963
21588	-1815.717	-2099.051	283.3342	1.583971	2.158489	0.980858	0.0191425	1.719963
21594	-1824.163	-2107.267	283.1035	1.595883	2.378456	0.845763	0.154237	1.791193
21600	-1813.334	-2095.049	281.7145	1.378852	4.318813	0.722606	0.277394	2.343457
21606	-1824.345	-2104.767	280.4223	1.313777	3.450742	0.826491	0.173509	3.351023
21612	-1817.886	-2098.175	280.289	1.123119	3.418493	0.616709	0.383291	3.547628
21618	-1806.413	-2086.361	279.9478	1.235825	4.077326	0.663912	0.336088	3.544255
21624	-1811.496	-2092.965	281.4688	1.326181	3.610252	0.872013	0.127987	2.680173
21630	-1809.31	-2090.964	281.6532	1.415684	3.456289	0.919684	0.0803157	2.546235
21636	-1811.714	-2093.384	281.6702	1.368325	2.657426	0.773747	0.226253	2.771705
21642	-1812.18	-2093.738	281.5582	1.368325	3.485714	0.859303	0.140697	2.62756
21648	-1820.716	-2100.92	280.2039	1.060765	3.043682	0.752208	0.247792	3.720195
21654	-1831.475	-2113.529	282.0541	1.607596	2.978572	0.972766	0.0272341	2.293624
21660	-1819.64	-2099.118	279.4783	1.219456	3.153445	0.803441	0.196559	4.019625
21666	-1810.342	-2089.766	279.4244	1.18701	3.37093	0.842518	0.157482	4.019625
21672	-1810.739	-2091.653	280.9149	1.26062	2.64012	0.978137	0.0218633	3.293499
21678	-1815.267	-2094.78	279.5126	1.003873	2.64012	0.778409	0.221591	4.250585
21684	-1819.486	-2097.965	278.4795	1.003873	2.64012	0.889377	0.110623	4.831149
21690	-1816.269	-2094.747	278.4781	1.005269	2.64012	0.969068	0.030932	4.831149
21696	-1831.99	-2108.793	276.8026	1.110417	3.942604	0.737034	0.262966	5.414025
21702	-1841.986	-2119.509	277.5236	1.1163	2.225932	0.873649	0.126351	5.414025
21708	-1836.508	-2114.256	277.7482	0.8917479	2.225932	0.733754	0.266246	5.414025
21714	-1825.802	-2105.556	279.7543	1.214882	3.053166	0.816329	0.183671	3.888019
21720	-1831.658	-2112.516	280.8578	1.317135	2.242212	0.844836	0.155164	3.411168
21726	-1827.864	-2108.932	281.0682	1.20553	2.063838	0.91817	0.0818304	3.411168
21732	-1836.695	-2117.123	280.4276	1.219102	2.363819	0.967982	0.0320176	3.681514
21738	-1839.525	-2119.236	279.7105	1.219102	3.578934	0.876212	0.123788	3.792106
21744	-1838.852	-2119.438	280.5861	1.219102	3.578934	0.666964	0.333036	3.282068
21750	-1826.927	-2108.289	281.3616	1.219102	1.915645	0.714796	0.285204	3.282068
21756	-1812.45	-2093.118	280.6678	1.379917	3.434094	0.895707	0.104293	3.170722
21762	-1803.599	-2084.543	280.9437	1.329646	2.881583	0.889771	0.110229	3.170722
21768	-1814.233	-2095.567	281.3337	1.145602	1.966107	0.924444	0.0755557	3.323926
21774	-1809.226	-2089.036	279.8094	1.12651	1.837909	0.866069	0.133931	4.25866
21780	-1818.598	-2101	282.4022	1.396416	2.892479	0.884435	0.115565	2.229643
21786	-1815.406	-2097.205	281.7998	1.473424	3.412387	0.841659	0.158341	2.428844
21792	-1832.378	-2114.291	281.9131	1.409971	3.284239	0.898826	0.101174	2.428844
21798	-1827.001	-2106.538	279.5375	1.081222	2.400867	0.941326	0.0586736	4.25887
21804	-1827.712	-2106.998	279.2858	1.227812	2.615215	0.809874	0.190126	4.25887
21810	-1845.685	-2123.522	277.837	1.071001	2.935921	0.889015	0.110985	5.076916
21816	-1846.865	-2126.835	279.9699	1.047294	1.73591	0.94792	0.0520801	4.249649
21822	-1836.167	-2115.85	279.6825	1.100608	2.47061	0.85603	0.14397	4.14571
21828	-1829.212	-2109.313	280.1008	1.129335	2.017723	0.939274	0.0607258	4.029555
21834	-1812.61	-2092.162	279.5523	1.156587	3.084197	0.922643	0.0773568	4.029555
21840	-1835.68	-2115.145	279.465	1.090937	3.470478	0.851897	0.148103	4.029555
21846	-1831.886	-2110.976	279.0901	1.231345	4.022492	0.712382	0.287618	4.051338
21852	-1835.291	-2116.339	281.0477	1.402935	4.841519	0.889674	0.110326	2.646901
21858	-1841.992	-2123.145	281.1528	1.414076	4.451214	0.750925	0.249075	2.646901
21864	-1836.189	-2117.653	281.4637	1.526015	3.241968	0.91574	0.0842598	2.646901
21870	-1831.508	-2113.383	281.8747	1.399318	2.534551	0.735927	0.264073	2.663291
21876	-1825.425	-2107.341	281.9165	1.399318	2.664989	0.790844	0.209156	2.599153
21882	-1823.5	-2104.918	281.4188	1.249379	2.912487	0.858313	0.141687	2.9265
21888	-1839.558	-2119.739	280.1818	1.317934	4.313871	0.755412	0.244588	3.314414
21894	-1839.671	-2119.682	280.0109	1.336019	4.208112	0.826025	0.173975	3.423992
21900	-1808.844	-2089.613	280.7689	1.323058	2.358541	0.723903	0.276097	3.423992
21906	-1810.124	-2091.138	281.0135	1.409445	3.64564	0.633623	0.366377	2.898987
21912	-1814.17	-2096.463	282.2931	1.409445	2.333642	0.768627	0.231373	2.459743
21918	-1822.908	-2104.981	282.0727	1.351011	2.503942	0.902312	0.0976883	2.580077
21924	-1826.501	-2106.5	279.9992	1.244856	3.056184	0.780176	0.219824	3.729074
21930	-1829.981	-2111.698	281.7174	1.340739	4.067881	0.907461	0.0925395	2.417256
21936	-1816.1	-2098.116	282.0156	1.489837	4.067881	0.908386	0.0916142	2.130438
21942	-1821.361	-2102.128	280.7668	1.454907	3.879978	0.874316	0.125684	2.970282
21948	-1836.287	-2116.738	280.4508	1.546046	3.510339	0.770822	0.229178	3.183827
21954	-1820.506	-2101.263	280.7567	1.36572	3.748435	0.743733	0.256267	3.05738
21960	-1828.585	-2107.655	279.0696	1.141219	3.510339	0.88551	0.11449	4.217416
21966	-1851.137	-2130.111	278.974	1.236762	3.510339	0.780026	0.219974	4.217416
21972	-1834.602	-2113.593	278.9912	1.199124	1.908609	0.657118	0.342882	4.654006
21978	-1813.803	-2094.108	280.3048	1.160401	3.291897	0.872305	0.127695	3.545357
21984	-1811.325	-2091.16	279.8344	1.359005	4.042299	0.924712	0.0752881	3.545357
21990	-1808.706	-2088.557	279.8517	1.111866	4.025878	0.753364	0.246636	3.681928
21996	-1807.277	-2087.485	280.2082	1.152648	3.128413	0.90962	0.0903796	3.644189
22002	-1808.221	-2088.474	280.2536	1.107242	3.128413	0.810309	0.189691	3.644189
22008	-1819.611	-2097.383	277.7716	1.191127	2.360746	0.885382	0.114618	5.196612
22014	-1825.373	-2103.44	278.0675	0.8120659	2.527002	0.869082	0.130918	5.196612
22020	-1813.073	-2091.358	278.285	1.106476	2.780752	0.805409	0.194591	4.846202
22026	-1835.089	-2113.622	278.5323	1.106476	2.598851	0.875713	0.124287	4.755275
22032	-1827.482	-2106.067	278.5849	1.209283	2.288682	0.901654	0.0983457	4.755275
22038	-1830.147	-2110.582	280.4352	1.245191	1.794039	0.682824	0.317176	3.849849
22044	-1831.757	-2111.419	279.662	1.15599	3.609636	0.886264	0.113736	3.849849
22050	-1828.112	-2107.498	279.3862	1.059414	2.900034	0.855564	0.144436	4.223946
22056	-1829.29	-2108.227	278.9369	0.9918223	2.900034	0.785644	0.214356	4.515797
22062	-1816.3	-2098.829	282.5294	1.60009	2.064316	0.939055	0.0609453	2.282164
22068	-1803.832	-2085.31	281.4782	1.334913	3.0933	0.860324	0.139676	2.7921
22074	-1808.676	-2089.064	280.3883	1.310475	2.981975	0.872231	0.127769	3.483314
22080	-1813.331	-2092.761	279.4302	1.156978	2.066309	0.900322	0.099678	4.378593
22086	-1814.993	-2093.956	278.9628	1.043233	3.301627	0.816334	0.183666	4.378593
22092	-1833.47	-2113.099	279.6293	1.111461	3.553351	0.868874	0.131126	3.906041
22098	-1826.689	-2106.473	279.7832	1.15226	3.538588	0.885788	0.114212	3.797335
22104	-1814.5	-2095.274	280.7733	1.25089	4.106822	0.866741	0.133259	3.04283
22110	-1819.537	-2100.841	281.3039	1.361143	3.629493	0.979409	0.0205906	2.755461
22116	-1827.858	-2109.487	281.6281	1.458945	2.574075	0.964783	0.0352168	2.766181
22122	-1821.982	-2103.894	281.9122	1.458945	3.928388	0.935961	0.0640388	2.247908
22128	-1834.942	-2114.762	279.8197	1.268506	3.74384	0.838489	0.161511	3.666064
22134	-1822.06	-2102.025	279.9649	1.200734	3.74384	0.771352	0.228648	3.621203
22140	-1817.968	-2097.332	279.3642	1.248866	4.490771	0.797435	0.202565	3.798322
22146	-1815.267	-2095.244	279.9763	1.217265	4.490771	0.874453	0.125547	3.461648
22152	-1806.598	-2087.204	280.6062	1.243699	2.724229	0.889315	0.110685	3.461648
22158	-1817.59	-2097.517	279.927	1.307863	3.763751	0.849329	0.150671	3.576886
22164	-1796.427	-2076.318	279.8916	1.251372	3.28126	0.885794	0.114206	3.734592
22170	-1801.984	-2083.087	281.1025	1.311967	2.36218	0.87521	0.12479	3.23312
22176	-1822.169	-2101.709	279.5397	1.230049	2.791706	0.853158	0.146842	4.066977
22182	-1812.386	-2092.866	280.4797	1.322217	3.025255	0.698808	0.301192	3.412214
22188	-1830.036	-2110.785	280.7489	1.360961	2.548127	0.782	0.218	3.357952
22194	-1833.215	-2113.251	280.036	1.240443	2.548127	0.954374	0.0456261	3.842029
22200	-1832.144	-2112.255	280.1113	1.324345	3.41087	0.932928	0.0670718	3.535621
22206	-1843.564	-2123.735	280.1714	1.365765	3.743625	0.823853	0.176147	3.404644
22212	-1822.65	-2102.357	279.7064	1.334039	3.350403	0.823074	0.176926	3.778095
22218	-1820.602	-2100.992	280.3903	1.205929	2.75357	0.933422	0.0665782	3.601586
22224	-1811.64	-2094.307	282.6675	1.305427	2.75357	0.906137	0.0938633	2.156924
22230	-1796.951	-2077.404	280.453	1.184552	2.967106	0.929588	0.0704116	3.52269
22236	-1811.64	-2092.216	280.5762	1.061361	2.967106	0.723329	0.276671	3.52269
22242	-1812.718	-2094.331	281.6131	1.275279	2.420881	0.857114	0.142886	2.932385
22248	-1811.348	-2092.233	280.8855	1.275279	2.19831	0.859145	0.140855	3.433371
22254	-1813.63	-2095.102	281.4714	1.333528	2.409871	0.928111	0.0718888	2.985978
22260	-1807.894	-2089.865	281.9709	1.484973	2.409871	0.883165	0.116835	2.589223
22266	-1810.452	-2091.361	280.9092	1.25658	2.409871	0.791827	0.208173	3.365319
22272	-1819.135	-2100.34	281.2058	1.239063	1.906289	0.929714	0.0702859	3.365319
22278	-1806.271	-2086.461	280.1904	1.443468	3.983856	0.708176	0.291824	3.29892
22284	-1812.946	-2093.665	280.7193	1.310492	2.943181	0.874394	0.125606	3.29892
22290	-1808.702	-2089.862	281.1593	1.299085	3.098322	0.864433	0.135567	3.005251
22296	-1830.767	-2111.67	280.903	1.444791	3.374718	0.716414	0.283586	3.005251
22302	-1822.479	-2102.021	279.542	1.041663	2.44335	0.881109	0.118891	4.266581
22308	-1846.435	-2125.857	279.4224	1.066688	2.722127	0.904872	0.0951283	4.244482
22314	-1823.023	-2104.264	281.2413	1.539635	2.722127	0.783728	0.216272	2.909787
22320	-1822.556	-2103.488	280.9325	1.338996	4.028768	0.782285	0.217715	2.909787
22326	-1810.595	-2090.322	279.7275	1.24988	3.732833	0.851367	0.148633	3.732423
22332	-1817.319	-2097.55	280.2315	1.170124	3.265089	0.765906	0.234094	3.5885
22338	-1818.561	-2100.279	281.7178	1.330711	3.423641	0.754179	0.245821	2.566611
22344	-1829.145	-2110.858	281.7134	1.351361	2.716149	0.592621	0.407379	2.738982
22350	-1818.133	-2099.501	281.3683	1.336997	2.53578	0.832523	0.167477	3.008238
22356	-1822.279	-2103.68	281.4006	1.45824	2.850015	0.862629	0.137371	2.827685
22362	-1832.737	-2114.1	281.363	1.432377	2.850015	0.895039	0.104961	2.866188
22368	-1819.999	-2100.634	280.6352	1.481159	3.130134	0.872457	0.127543	3.20128
22374	-1828.563	-2109.715	281.152	1.41974	3.130134	0.763633	0.236367	2.929199
22380	-1824.286	-2105.919	281.6328	1.352233	2.245084	0.87214	0.12786	2.929199
22386	-1820.652	-2101.364	280.7115	1.372537	3.514321	0.833055	0.166945	3.131126
22392	-1834.553	-2114.406	279.854	1.261972	2.533604	0.785981	0.214019	3.938148
22398	-1823.963	-2102.993	279.0302	1.023475	3.108159	0.718461	0.281539	4.395676
22404	-1810.463	-2091.326	280.8631	1.263725	2.22505	0.958466	0.0415338	3.444756
22410	-1822.115	-2103.139	281.0239	1.312597	1.862194	0.996787	0.00321308	3.444756
22416	-1820.084	-2099.303	279.2186	1.185835	2.477104	0.939646	0.0603537	4.35845
22422	-1809.534	-2088.119	278.5848	1.109099	2.477104	0.766871	0.233129	4.757566
22428	-1829.786	-2108.049	278.2624	1.208268	4.996678	0.874687	0.125313	4.364918
22434	-1811.671	-2091.145	279.4739	1.182781	3.552899	0.841667	0.158333	3.954311
22440	-1815.554	-2094.438	278.8839	1.100371	3.552899	0.847441	0.152559	4.336663
22446	-1811.357	-2089.309	277.9523	1.205165	3.60875	0.878736	0.121264	4.78946
22452	-1818.872	-2099.268	280.3963	1.268206	2.728783	0.785355	0.214645	3.568507
22458	-1804.695	-2087.264	282.5691	1.448892	2.414578	0.91802	0.0819799	2.232914
22464	-1825.587	-2106.027	280.4401	1.357238	4.937696	0.848576	0.151424	3.026838
22470	-1816.035	-2097.298	281.2636	1.357238	3.270349	0.772858	0.227142	2.865304
22476	-1835.773	-2116.62	280.8469	1.457148	3.906702	0.842955	0.157045	2.915137
22482	-1822.522	-2104.322	281.8004	1.556095	4.979024	0.680723	0.319277	2.045526
22488	-1828.709	-2111.181	282.4722	1.606295	2.89743	0.960638	0.0393622	2.045526
22494	-1827.285	-2108.46	281.1756	1.172895	2.378603	0.923799	0.0762014	3.267118
22500	-1824.282	-2104.373	280.0909	1.241789	3.16736	0.802541	0.197459	3.651283
22506	-1828.26	-2107.288	279.0273	1.101273	2.683905	0.926086	0.073914	4.458102
22512	-1820.972	-2100.174	279.2017	1.011207	2.683905	0.873276	0.126724	4.410581
22518	-1830.926	-2110.143	279.2173	1.038627	2.592517	0.995503	0.00449721	4.410609
22524	-1837.767	-2115.191	277.4235	0.9163888	1.782063	0.944079	0.0559209	5.722046
22530	-1839.946	-2117.957	278.0112	1.078818	1.46681	0.882468	0.117532	5.429821
22536	-1818.794	-2099.367	280.5735	1.195887	3.06229	0.943821	0.0561786	3.42218
22542	-1816.366	-2096.705	280.3393	1.470569	3.663822	0.92924	0.0707598	3.26106
22548	-1815.743	-2097.639	281.8965	1.423702	2.230342	0.886879	0.113121	2.730453
22554	-1825.746	-2105.877	280.1304	1.423702	2.230342	0.774344	0.225656	3.775495
22560	-1812.446	-2092.463	280.017	1.274492	4.286666	0.870192	0.129808	3.441664
22566	-1814.774	-2096.534	281.7602	1.396315	3.158873	0.84369	0.15631	2.564415
22572	-1822.559	-2103.474	280.915	1.155615	2.328977	0.914887	0.0851127	3.445422
22578	-1823.686	-2104.435	280.7489	1.221094	2.529033	0.950249	0.0497513	3.445422
22584	-1826.327	-2106.368	280.0415	1.053189	2.529033	0.955758	0.0442422	3.951568
22590	-1814.233	-2092.923	278.6897	1.101791	3.82162	0.883262	0.116738	4.390941
22596	-1816.867	-2097.285	280.4176	1.334413	2.157756	0.819074	0.180926	3.68408
22602	-1818.13	-2100.063	281.9328	1.417998	2.250962	0.91691	0.0830903	2.704937
22608	-1813.152	-2094.608	281.4558	1.417998	2.860431	0.818837	0.181163	2.815776
22614	-1819.33	-2100.534	281.2032	1.417998	3.480599	0.773045	0.226955	2.815776
22620	-1835.445	-2115.193	279.7483	1.305842	3.680345	0.944216	0.0557837	3.698953
22626	-1825.725	-2104.954	279.2293	1.258423	3.218763	0.797425	0.202575	4.124255
22632	-1830.123	-2108.556	278.4328	1.148863	3.385927	0.608276	0.391724	4.598886
22638	-1827.186	-2108.139	280.9523	1.460651	3.516142	0.846421	0.153579	2.9338
22644	-1826.309	-2107.15	280.8406	1.60845	3.516142	0.965187	0.0348126	2.911972
22650	-1828.897	-2111.006	282.1098	1.63189	3.197186	0.935027	0.0649727	2.183686
22656	-1826.273	-2108.066	281.7934	1.57662	3.614583	0.929518	0.0704824	2.31961
22662	-1825.089	-2106.958	281.8687	1.57662	2.839499	0.904256	0.0957441	2.468948
22668	-1830.65	-2110.777	280.1266	1.421445	3.398732	0.865456	0.134544	3.472791
22674	-1827.586	-2107.982	280.3959	1.424786	3.759511	0.85508	0.14492	3.234416
22680	-1838.901	-2119.021	280.1198	1.199888	3.262709	0.891977	0.108023	3.636603
22686	-1810.121	-2090.49	280.3694	1.199888	3.079984	0.860619	0.139381	3.534707
22692	-1815.773	-2096.832	281.0592	1.293649	2.46441	0.875609	0.124391	3.238954
22698	-1812.697	-2093.302	280.6051	1.337296	2.888431	0.892431	0.107569	3.364317
22704	-1811.304	-2092.016	280.7127	1.337296	2.651154	0.829357	0.170643	3.364317
22710	-1814.988	-2094.243	279.2558	1.26938	3.246486	0.898344	0.101656	4.096632
22716	-1818.347	-2098.128	279.7812	1.128415	2.390541	0.894261	0.105739	4.096632
22722	-1827.57	-2105.491	277.921	1.320413	4.434745	0.621276	0.378724	4.58715
22728	-1833.83	-2115.046	281.2162	1.384905	3.814527	0.788991	0.211009	2.754175
22734	-1814.746	-2094.16	279.4139	1.197832	2.533345	0.868668	0.131332	4.225514
22740	-1832.703	-2112.078	279.3742	1.186812	3.092353	0.63509	0.36491	4.111911
22746	-1831.141	-2110.3	279.1593	1.186812	3.646816	0.870341	0.129659	4.111911
22752	-1817.988	-2097.615	279.6268	1.194056	3.646816	0.850135	0.149865	3.840421
22758	-1817.074	-2099.114	282.0405	1.440781	3.723052	0.794708	0.205292	2.223174
22764	-1832.357	-2114.031	281.6745	1.511892	4.150153	0.902706	0.097294	2.318769
22770	-1816.13	-2097.925	281.7953	1.511892	4.150153	0.766449	0.233551	2.24139
22776	-1826.882	-2108.765	281.8827	1.534493	3.824314	0.739536	0.260464	2.24139
22782	-1839.837	-2120.839	281.002	1.36951	2.663013	0.78493	0.21507	3.171215
22788	-1832.781	-2113.887	281.1054	1.266071	2.663013	0.886814	0.113186	3.171215
22794	-1819.544	-2101.432	281.8878	1.671669	4.472887	0.882743	0.117257	2.009526
22800	-1818.646	-2098.749	280.1035	1.001966	2.569042	0.786741	0.213259	3.934303
22806	-1826.537	-2107.545	281.0079	1.336839	3.20948	0.980637	0.0193626	3.046127
22812	-1812.557	-2094.08	281.5229	1.202496	2.368952	0.981739	0.018261	3.046127
22818	-1818.255	-2097.469	279.2143	1.121741	1.990212	0.860192	0.139808	4.544873
22824	-1812.081	-2091.907	279.8258	1.288716	2.184442	0.899691	0.100309	4.041875
22830	-1812.091	-2091.474	279.383	1.033087	3.12156	0.890731	0.109269	4.187446
22836	-1814.61	-2094.505	279.8958	1.075972	2.139663	0.83166	0.16834	4.13726
22842	-1824.037	-2104.28	280.2429	1.183267	2.633936	0.925971	0.0740293	3.732154
22848	-1823.736	-2103.882	280.1461	1.262744	2.670893	0.886996	0.113004	3.732154
22854	-1814.744	-2094.779	280.0354	1.195155	2.676589	0.952946	0.0470537	3.833344
22860	-1812.044	-2093.046	281.0021	1.265411	3.237613	0.93823	0.0617702	3.085504
22866	-1817.483	-2098.358	280.8751	1.339881	3.371186	0.89623	0.10377	3.085504
22872	-1811.707	-2093.258	281.5514	1.339881	2.248737	0.863847	0.136153	2.984455
22878	-1822.805	-2103.737	280.9323	1.449749	4.563037	0.935395	0.0646052	2.739431
22884	-1815.202	-2096.95	281.7486	1.320666	2.704864	0.905251	0.0947489	2.739431
22890	-1817.333	-2097.009	279.6753	1.373145	4.546793	0.82387	0.17613	3.536397
22896	-1822.057	-2100.168	278.1111	1.114416	6.120246	0.890859	0.109141	4.339837
22902	-1831.272	-2112.409	281.1375	1.360649	3.346049	0.747527	0.252473	2.921488
22908	-1830.356	-2111.159	280.8026	1.287966	3.534124	0.704924	0.295076	3.122827
22914	-1834.867	-2116.454	281.5876	1.451484	3.328533	0.623517	0.376483	2.595241
22920	-1809.574	-2090.024	280.45	1.211681	2.249823	0.836647	0.163353	3.707433
22926	-1813.196	-2093.698	280.5016	1.160061	2.249823	0.747921	0.252079	3.707433
22932	-1825.368	-2105.225	279.8572	1.174894	4.065319	0.899364	0.100636	3.63461
22938	-1830.153	-2109.634	279.4808	1.151955	4.065319	0.862544	0.137456	3.865038
22944	-1834.455	-2115.426	280.9711	1.462519	4.280225	0.692188	0.307812	2.761545
22950	-1823.664	-2105.138	281.4733	1.41962	3.637631	0.90115	0.0988497	2.613617
22956	-1826.113	-2106.729	280.6163	1.359783	3.646809	0.804888	0.195112	3.166274
22962	-1836.712	-2116.726	280.0145	1.214147	4.934719	0.623619	0.376381	3.364503
22968	-1831.41	-2111.775	280.3657	1.214147	3.129147	0.871859	0.128141	3.516699
22974	-1828.967	-2109.856	280.8899	1.514038	2.296061	0.878119	0.121881	3.259677
22980	-1804.82	-2086.6	281.7803	1.426351	2.443969	0.898437	0.101563	2.732057
22986	-1823.72	-2104.984	281.2643	1.257812	3.041539	0.86846	0.13154	2.981203
22992	-1812.752	-2093.279	280.527	1.330442	2.356357	0.889215	0.110785	3.561501
22998	-1802.223	-2083.046	280.8225	1.330442	3.222615	0.740135	0.259865	3.157314
23004	-1803.354	-2084.034	280.6795	1.353882	4.184468	0.744597	0.255403	3.022175
23010	-1818.601	-2100.218	281.6174	1.53091	3.183523	0.781576	0.218424	2.563314
23016	-1816.679	-2098.277	281.5983	1.520524	3.183523	0.751978	0.248022	2.581607
23022	-1811.989	-2093.234	281.2448	1.457452	4.355544	0.729525	0.270475	2.581607
23028	-1802.826	-2084.233	281.4074	1.418574	3.788477	0.791543	0.208457	2.62163
23034	-1815.232	-2097.186	281.9544	1.480865	2.347644	0.816751	0.183249	2.62163
23040	-1819.827	-2100.759	280.9313	1.362921	3.52089	0.987149	0.0128507	3.004071
23046	-1827.527	-2108.814	281.287	1.372498	2.646245	0.915215	0.0847851	3.004071
23052	-1841.558	-2123.219	281.6607	1.187248	2.616894	0.768006	0.231994	2.89896
23058	-1819.732	-2098.202	278.4696	0.968908	2.930018	0.83757	0.16243	4.783172
23064	-1814.064	-2096.484	282.4197	1.375516	2.267006	0.912726	0.0872737	2.42351
23070	-1818.956	-2099.726	280.7696	1.280769	2.780136	0.870115	0.129885	3.329188
23076	-1822.635	-2103.79	281.1545	1.348166	3.459326	0.918106	0.0818942	2.892511
23082	-1814.98	-2098.16	283.1796	1.559684	2.546328	0.821991	0.178009	1.704742
23088	-1842.972	-2123.412	280.4404	1.339326	3.117157	0.795838	0.204162	3.402796
23094	-1826.239	-2107.096	280.8569	1.588929	3.117157	0.735359	0.264641	3.008069
23100	-1818.303	-2099.646	281.3421	1.268455	2.343729	0.897207	0.102793	3.122388
23106	-1820.069	-2100.747	280.6781	1.296803	2.343729	0.945739	0.0542607	3.496868
23112	-1824.015	-2106.285	282.2697	1.43981	2.343729	0.926559	0.0734407	2.452111
23118	-1826.715	-2108.493	281.7783	1.43981	3.459984	0.749388	0.250612	2.452111
23124	-1830.555	-2113.926	283.3709	1.664208	2.422631	0.807651	0.192349	1.53492
23130	-1836.056	-2118.954	282.8973	1.665613	2.527596	0.904307	0.0956927	1.834013
23136	-1840.415	-2123.432	283.0177	1.54522	2.527596	0.922976	0.0770239	1.834013
23142	-1822.982	-2102.651	279.669	1.23878	2.347114	0.783061	0.216939	4.110394
23148	-1816.329	-2097.648	281.3183	1.298256	2.485169	0.892238	0.107762	3.076175
23154	-1817.417	-2097.594	280.177	1.292974	4.878247	0.767649	0.232351	3.231786
23160	-1830.21	-2109.076	278.8657	1.180462	4.878247	0.784516	0.215484	4.057403
23166	-1830.173	-2111.713	281.5399	1.40529	4.4685	0.905351	0.0946494	2.407722
23172	-1827.5	-2108.513	281.0128	1.462224	4.4685	0.740944	0.259056	2.70016
23178	-1828.791	-2109.768	280.9764	1.498542	4.4685	0.88937	0.11063	2.70016
23184	-1839.092	-2121.423	282.3317	1.578503	2.979462	0.896588	0.103412	2.13288
23190	-1829.721	-2110.773	281.0521	1.388004	3.404636	0.714048	0.285952	2.942863
23196	-1824.901	-2106.817	281.9157	1.373311	3.340482	0.96976	0.0302397	2.436399
23202	-1826.091	-2107.455	281.3634	1.373311	4.809251	0.790397	0.209603	2.474922
23208	-1833.565	-2115.505	281.9399	1.531771	3.623073	0.831479	0.168521	2.252559
23214	-1829.377	-2110.307	280.9298	1.456282	3.623073	0.813028	0.186972	2.926158
23220	-1837.654	-2119.256	281.6013	1.445132	3.408247	0.873743	0.126257	2.571596
23226	-1826.692	-2108.373	281.6803	1.328824	3.506494	0.984745	0.0152549	2.571596
23232	-1841.401	-2121.263	279.8618	1.095123	3.890098	0.949533	0.0504674	3.712404
23238	-1841.483	-2120.796	279.3126	1.198635	3.890098	0.93558	0.0644204	3.968654
23244	-1838.559	-2117.83	279.2712	1.173892	3.890098	0.880913	0.119087	4.006472
23250	-1829.693	-2107.818	278.1247	1.232287	2.890606	0.802444	0.197556	4.838211
23256	-1832.999	-2112.644	279.6448	1.233394	4.061638	0.75097	0.24903	3.724397
23262	-1820.937	-2100.995	280.0578	1.256351	2.159863	0.936927	0.0630726	3.935435
23268	-1828.265	-2108.292	280.0265	1.287686	2.159863	0.991596	0.00840362	3.935435
23274	-1813.815	-2094.729	280.9131	1.425746	2.924948	0.87475	0.12525	3.120544
23280	-1817.551	-2096.315	278.7641	1.164417	2.924948	0.98204	0.0179605	4.509841
23286	-1814.87	-2094.761	279.8904	1.29941	2.278602	0.898692	0.101308	3.969914
23292	-1815.321	-2095.6	280.2787	1.296534	2.278602	0.96601	0.0339898	3.748508
23298	-1823.1	-2099.774	276.6736	0.8254148	2.278602	0.971445	0.0285552	6.023768
23304	-1817.401	-2096.849	279.4479	0.9798776	2.647443	0.932733	0.0672669	4.298852
23310	-1813.551	-2093.454	279.9031	1.04868	1.366618	0.885633	0.114367	4.436339
23316	-1821.682	-2101.599	279.9165	1.035267	1.366618	0.908273	0.0917267	4.436339
23322	-1830.298	-2109.719	279.4208	1.024022	2.137092	0.964067	0.0359326	4.436339
23328	-1827.937	-2106.91	278.9725	0.9593424	2.027492	0.952839	0.0471613	4.759079
23334	-1819.678	-2099.692	280.0138	1.176208	1.294009	0.893517	0.106483	4.334916
23340	-1835.514	-2115.747	280.2328	1.356692	4.904867	0.805319	0.194681	3.156374
23346	-1831.894	-2114.292	282.3981	1.302008	2.038682	0.589324	0.410676	2.562089
23352	-1828.048	-2109.748	281.7003	1.582138	4.010455	0.911906	0.0880936	2.286989
23358	-1844.357	-2125.356	280.9988	1.486179	3.089931	0.926161	0.0738386	2.991325
23364	-1835.47	-2116.321	280.8508	1.421438	3.089931	0.759132	0.240868	3.118514
23370	-1824.622	-2105.582	280.9603	1.407407	2.799704	0.843598	0.156402	3.13627
23376	-1825.465	-2105.604	280.1396	1.38453	3.006095	0.673475	0.326525	3.579071
23382	-1820.919	-2102.831	281.9119	1.38453	3.006095	0.685962	0.314038	2.516863
23388	-1831.248	-2112.553	281.3046	1.553543	4.19319	0.779671	0.220329	2.516863
23394	-1829.642	-2111.328	281.6857	1.440762	3.879839	0.774787	0.225213	2.414295
23400	-1825.548	-2105.832	280.2843	1.247739	3.161326	0.851642	0.148358	3.536894
23406	-1827.67	-2109.331	281.6606	1.489815	2.741513	0.865333	0.134667	2.679346
23412	-1837.609	-2119.861	282.2519	1.41861	2.755047	0.793983	0.206017	2.350795
23418	-1825.424	-2107.858	282.4345	1.307202	2.602196	0.817342	0.182658	2.350795
23424	-1832.725	-2114.465	281.7399	1.277273	2.135829	0.862616	0.137384	2.945799
23430	-1825.478	-2107.722	282.2448	1.277273	2.135829	0.965667	0.0343326	2.638198
23436	-1828.403	-2109.29	280.8865	1.332916	2.658125	0.980991	0.0190094	3.262618
23442	-1822.316	-2102.143	279.8268	1.073739	2.412713	0.880184	0.119816	4.095392
23448	-1815.075	-2096.659	281.5838	1.163895	2.505945	0.816209	0.183791	2.991545
23454	-1817.683	-2098.859	281.1755	1.465045	3.153771	0.816547	0.183453	2.881782
23460	-1829.319	-2110.617	281.2983	1.428179	3.153771	0.941612	0.0583877	2.829689
23466	-1826.285	-2107.406	281.1205	1.397834	3.153771	0.692322	0.307678	2.955539
23472	-1838.229	-2119.162	280.9324	1.361129	3.74487	0.742145	0.257855	2.955539
23478	-1814.5	-2095.461	280.9611	1.422368	4.529565	0.936078	0.0639224	2.744771
23484	-1827.351	-2108.484	281.1331	1.422368	4.04465	0.771889	0.228111	2.733985
23490	-1827.367	-2110.041	282.6739	1.388619	2.039305	0.862746	0.137254	2.33408
23496	-1822.187	-2104.576	282.3891	1.388619	2.039305	0.823856	0.176144	2.513543
23502	-1828.178	-2110.066	281.8876	1.504329	2.799462	0.789449	0.210551	2.513543
23508	-1828.229	-2108.815	280.5861	1.094079	3.922577	0.776955	0.223045	3.283882
23514	-1845.147	-2124.324	279.1762	1.207302	3.310161	0.941857	0.0581426	4.162896
23520	-1832.217	-2112.503	280.2857	1.194687	2.909832	0.88368	0.11632	3.628458
23526	-1814.163	-2094.181	280.0179	1.194687	3.579459	0.910451	0.0895486	3.628458
23532	-1826.956	-2107.159	280.2031	1.162635	3.182992	0.741713	0.258287	3.628458
23538	-1835.358	-2112.323	276.9645	0.9627459	3.067089	0.910086	0.0899144	5.587344
23544	-1833.857	-2112.404	278.5465	1.083443	2.101101	0.946405	0.0535951	4.903981
23550	-1834.595	-2115.547	280.9515	1.432312	3.786197	0.870668	0.129332	2.892251
23556	-1829.07	-2109.65	280.5799	1.297595	5.083627	0.857034	0.142966	2.954222
23562	-1825.817	-2107.598	281.7805	1.353717	2.137152	0.809999	0.190001	2.874698
23568	-1809.706	-2091.31	281.6039	1.281869	2.75346	0.852173	0.147827	2.837642
23574	-1803.265	-2083.583	280.318	1.291742	3.224314	0.971028	0.0289721	3.476781
23580	-1825.077	-2106.239	281.1623	1.33768	2.956291	0.506364	0.493636	3.016209
23586	-1808.056	-2089.341	281.2851	1.33768	2.020516	0.912077	0.0879227	3.220386
23592	-1817.722	-2098.139	280.4172	1.340765	4.010352	0.794806	0.205194	3.220386
23598	-1828.753	-2109.547	280.794	1.319563	4.010352	0.774652	0.225348	3.008544
23604	-1811.228	-2093.822	282.5939	1.319563	1.904311	0.952573	0.0474272	2.478751
23610	-1816.334	-2098.196	281.8616	1.433993	2.594974	0.967207	0.0327927	2.632094
23616	-1818.004	-2099.6	281.5956	1.325463	2.594974	0.818231	0.181769	2.861024
23622	-1832.55	-2114.436	281.886	1.325463	2.594974	0.842738	0.157262	2.68388
23628	-1829.25	-2111.168	281.9177	1.433495	2.594974	0.927291	0.0727086	2.597674
23634	-1844.136	-2125.968	281.8312	1.478574	2.682993	0.912231	0.0877695	2.597674
23640	-1845.363	-2126.733	281.3707	1.478574	3.832546	0.684415	0.315585	2.597674
23646	-1841.908	-2125.112	283.2046	1.478574	2.173374	0.827771	0.172229	1.877084
23652	-1839.731	-2122.656	282.9257	1.6123	2.184406	0.837401	0.162599	1.97108
23658	-1832.925	-2115.848	282.9231	1.6123	2.189127	0.727149	0.272851	1.97108
23664	-1834.856	-2117.843	282.9869	1.469814	2.300981	0.854152	0.145848	1.983649
23670	-1837.329	-2118.224	280.8947	1.425367	3.736055	0.700259	0.299741	2.941448
23676	-1824.281	-2104.338	280.0568	1.307608	2.857056	0.938732	0.0612683	3.709009
23682	-1811.019	-2090.778	279.7588	0.9982553	2.294886	0.964524	0.0354759	4.211534
23688	-1814.978	-2093.175	278.197	1.114148	2.646516	0.812952	0.187048	4.925389
23694	-1820.509	-2098.208	277.6994	1.261708	3.207371	0.785392	0.214608	4.984579
23700	-1836.536	-2116.505	279.9685	1.086306	3.207371	0.723852	0.276148	3.802365
23706	-1840.24	-2121.149	280.9099	1.441659	2.586211	0.758293	0.241707	3.204582
23712	-1822.659	-2103.751	281.0921	1.562168	3.511277	0.689842	0.310158	2.788693
23718	-1826.465	-2107.818	281.3531	1.411598	3.225845	0.657832	0.342168	2.788693
23724	-1826.569	-2107.259	280.6898	1.495876	3.751581	0.859294	0.140706	3.018825
23730	-1840.656	-2120.412	279.756	1.279161	5.218072	0.826767	0.173233	3.431907
23736	-1811.898	-2092.104	280.206	1.508787	3.927485	0.912075	0.0879252	3.262485
23742	-1826.881	-2106.972	280.0901	1.605581	3.983708	0.674373	0.325627	3.262485
23748	-1830.095	-2109.384	279.2896	1.240961	4.440012	0.807999	0.192001	3.854744
23754	-1826.495	-2105.892	279.3969	1.211876	4.192943	0.898232	0.101768	3.854744
23760	-1833.717	-2115.334	281.6172	1.441472	3.930466	0.8369	0.1631	2.446043
23766	-1828.253	-2109.83	281.5766	1.441472	3.930466	0.931719	0.0682815	2.47151
23772	-1826.092	-2107.067	280.9752	1.446685	2.50198	0.90989	0.0901096	3.187131
23778	-1826.67	-2108.599	281.9292	1.446685	2.728827	0.866641	0.133359	2.543517
23784	-1830.301	-2110.245	279.9439	1.302634	4.484908	0.803717	0.196283	3.431772
23790	-1810.173	-2089.337	279.1645	1.204288	4.212598	0.816707	0.183293	3.988635
23796	-1808.567	-2088.393	279.8251	1.204288	4.212598	0.871214	0.128786	3.608226
23802	-1803.767	-2084.269	280.5017	1.204288	2.373513	0.653566	0.346434	3.644328
23808	-1805.185	-2085.728	280.5433	1.314235	4.029052	0.816107	0.183893	3.157575
23814	-1808.699	-2089.635	280.9352	1.453335	2.675698	0.870271	0.129729	3.157575
23820	-1795.451	-2075.063	279.6116	1.147617	2.493984	0.866625	0.133375	4.152734
23826	-1819.536	-2098.517	278.9811	1.319268	3.575884	0.744681	0.255319	4.152734
23832	-1806.712	-2088.715	282.0025	1.46281	3.575884	0.879932	0.120068	2.267779
23838	-1822.267	-2103.933	281.6663	1.542605	2.816011	0.800213	0.199787	2.622575
23844	-1819.819	-2102.557	282.7388	1.903566	3.572604	0.96641	0.0335896	1.459447
23850	-1829.048	-2112.034	282.986	1.702138	2.759505	0.91703	0.0829704	1.670051
23856	-1838.117	-2117.642	279.5248	1.663961	4.63977	0.82261	0.17739	3.438152
23862	-1830.627	-2112.941	282.314	1.543958	3.315885	0.671486	0.328514	2.076876
23868	-1841.506	-2123.991	282.4856	1.372372	3.315885	0.929238	0.0707616	2.076876
23874	-1829.078	-2110.927	281.8492	1.467658	3.368552	0.825663	0.174337	2.411946
23880	-1826.239	-2108.507	282.268	1.283397	2.804919	0.856578	0.143422	2.411946
23886	-1834.342	-2115.173	280.8309	1.301877	1.308559	0.904924	0.0950763	3.790473
23892	-1824.303	-2102.299	277.9964	0.9323253	1.289708	0.861205	0.138795	5.594935
23898	-1837.301	-2112.897	275.5966	0.874349	2.05495	0.852571	0.147429	6.64879
23904	-1834.406	-2112.238	277.8313	0.9174255	1.81146	0.930055	0.0699448	5.487349
23910	-1809.826	-2090.208	280.3823	1.015449	1.81146	0.903737	0.0962631	4.005433
23916	-1822.863	-2102.416	279.5531	1.279071	3.549077	0.721931	0.278069	3.854501
23922	-1830.919	-2112.233	281.3134	1.443132	2.521784	0.751352	0.248648	2.981586
23928	-1831.271	-2112.972	281.7014	1.512904	3.05752	0.723956	0.276044	2.554539
23934	-1825.158	-2107.337	282.1797	1.518671	3.135184	0.895957	0.104043	2.227991
23940	-1809.835	-2090.467	280.6323	1.418897	4.186182	0.811718	0.188282	3.011123
23946	-1821.874	-2101.83	279.9562	1.384323	3.705782	0.958155	0.0418448	3.52746
23952	-1823.707	-2103.981	280.2739	1.298643	3.102151	0.753157	0.246843	3.52746
23958	-1844.138	-2122.305	278.1669	1.213561	4.369423	0.764906	0.235094	4.520464
23964	-1830.769	-2112.247	281.4782	1.421597	2.853849	0.795311	0.204689	2.80174
23970	-1836.265	-2118.153	281.888	1.333104	3.015931	0.925676	0.0743238	2.561143
23976	-1821.684	-2102.618	280.934	1.459985	4.703785	0.8674	0.1326	2.706379
23982	-1826.737	-2107.626	280.8897	1.410519	4.103059	0.796169	0.203831	2.87752
23988	-1821.113	-2102.047	280.934	1.366259	4.103059	0.952952	0.0470477	2.87752
23994	-1851.625	-2131.413	279.788	1.188445	2.271468	0.884878	0.115122	4.093809
24000	-1838.178	-2119.268	281.0894	1.359774	2.140188	0.731903	0.268097	3.282703
24006	-1822.3	-2102.611	280.3109	1.316878	2.997977	0.939426	0.0605744	3.520727
24012	-1817.487	-2097.56	280.0731	1.424492	2.696873	0.892569	0.107431	3.673863
24018	-1825.748	-2106.772	281.0243	1.515407	2.696873	0.767219	0.232781	3.061671
24024	-1826.126	-2107.349	281.2226	1.494829	2.696873	0.781781	0.218219	2.955079
24030	-1831.047	-2111.257	280.2102	1.364402	2.035185	0.757788	0.242212	3.826387
24036	-1824.088	-2102.055	277.9678	1.058693	3.879866	0.838446	0.161554	4.808808
24042	-1825.7	-2107.619	281.9196	1.499841	3.879866	0.843593	0.156407	2.227556
24048	-1824.548	-2106.871	282.3232	1.595917	3.807027	0.639982	0.360018	1.914687
24054	-1812.979	-2094.246	281.2671	1.412078	3.807027	0.852216	0.147784	2.707962
24060	-1813.975	-2095.044	281.0691	1.542912	4.551529	0.688689	0.311311	2.600065
24066	-1814.519	-2096.081	281.5625	1.310265	4.322383	0.826191	0.173809	2.481887
24072	-1809.631	-2089.739	280.1083	1.305062	3.576231	0.869711	0.130289	3.512449
24078	-1825.979	-2107.999	282.0199	1.324124	1.640987	0.750469	0.249531	2.932512
24084	-1824.142	-2105.052	280.9104	1.478408	2.829947	0.84702	0.15298	3.115676
24090	-1814.02	-2093.53	279.5095	1.332698	2.746232	0.848798	0.151202	4.037374
24096	-1820.085	-2100.58	280.4949	1.247708	2.0961	0.881959	0.118041	3.709491
24102	-1823.855	-2104.197	280.3419	1.337638	3.22214	0.871977	0.128023	3.436489
24108	-1820.136	-2100.542	280.4061	1.32103	2.934598	0.695231	0.304769	3.478631
24114	-1807.914	-2088.367	280.4522	1.401949	3.410761	0.844789	0.155211	3.290509
24120	-1815.221	-2097.965	282.7441	1.346095	1.518123	0.846417	0.153583	2.528754
24126	-1834.632	-2117.167	282.5352	1.554929	1.518123	0.83416	0.16584	2.528754
24132	-1813.51	-2096.57	283.06	1.50726	1.723528	0.954496	0.0455036	2.134317
24138	-1813.556	-2096.942	283.3856	1.50726	2.402839	0.818937	0.181063	1.645985
24144	-1809.158	-2090.663	281.5048	1.493428	3.907694	0.82675	0.17325	2.488812
24150	-1810.022	-2092.606	282.5847	1.493428	2.681983	0.884858	0.115142	2.109667
24156	-1814.852	-2096.717	281.8643	1.451979	4.07028	0.886959	0.113041	2.252447
24162	-1816.76	-2098.118	281.3579	1.490777	4.318298	0.691121	0.308879	2.4978
24168	-1816.296	-2098.292	281.9956	1.466268	2.744436	0.866875	0.133125	2.485364
24174	-1822.202	-2104.197	281.9956	1.466268	2.744436	0.759341	0.240659	2.485364
24180	-1831.705	-2113.748	282.0433	1.352384	3.562882	0.81534	0.18466	2.31536
24186	-1821.719	-2103.69	281.9708	1.424924	3.562882	0.939175	0.0608251	2.31536
24192	-1810.557	-2092.412	281.8544	1.49434	4.063386	0.774681	0.225319	2.233064
24198	-1828.759	-2111.183	282.4235	1.584504	2.371367	0.896538	0.103462	2.253493
24204	-1820.646	-2102.112	281.4664	1.222704	3.17784	0.848608	0.151392	2.846426
24210	-1823.502	-2105.451	281.9493	1.389879	2.78986	0.856622	0.143378	2.549083
24216	-1823.02	-2105.199	282.1796	1.479132	2.78986	0.878985	0.121015	2.348258
24222	-1807.854	-2090.274	282.4207	1.479132	2.294174	0.805094	0.194906	2.348258
24228	-1822.232	-2104.743	282.511	1.479132	3.394989	0.843121	0.156879	1.968716
24234	-1826.943	-2110.081	283.138	1.560712	2.113241	0.946371	0.0536289	1.889244
24240	-1817.109	-2099.392	282.283	1.444227	2.566149	0.66108	0.33892	2.370882
24246	-1811.429	-2093.479	282.0507	1.398375	2.182495	0.900299	0.0997012	2.667281
24252	-1823.48	-2104.105	280.6248	1.419209	3.470597	0.867308	0.132692	3.164713
24258	-1821.528	-2103.589	282.061	1.363812	2.763551	0.854243	0.145757	2.503108
24264	-1824.502	-2104.411	279.9089	1.311501	4.439555	0.88459	0.11541	3.455203
24270	-1816.897	-2097.714	280.8175	1.231579	2.99746	0.726122	0.273878	3.273847
24276	-1832.989	-2113.083	280.0935	1.293517	4.91947	0.862831	0.137169	3.273847
24282	-1827.436	-2105.737	278.3015	1.259876	2.321247	0.956138	0.0438624	4.87566
24288	-1832.482	-2112.204	279.7218	1.286748	3.915765	0.844634	0.155366	3.677464
24294	-1831.607	-2112.185	280.578	1.357446	3.766031	0.797179	0.202821	3.165079
24300	-1826.278	-2107.366	281.0884	1.380537	3.259452	0.715457	0.284543	2.959599
24306	-1825.46	-2106.549	281.0894	1.257456	3.660231	0.877078	0.122922	2.941692
24312	-1822.832	-2103.873	281.0409	1.165031	2.817062	0.771475	0.228525	3.227621
24318	-1819.113	-2099.568	280.4554	1.318446	2.817062	0.800185	0.199815	3.481502
24324	-1827.17	-2106.443	279.2735	1.212004	6.553408	0.674785	0.325215	3.560963
24330	-1812.828	-2092.356	279.5276	1.265641	4.168801	0.826166	0.173834	3.753085
24336	-1816.626	-2096.86	280.2334	1.184099	3.648457	0.882505	0.117495	3.49462
24342	-1825.187	-2105.362	280.175	1.184099	3.648457	0.626202	0.373798	3.52865
24348	-1816.073	-2096.307	280.2341	1.205474	3.432017	0.815306	0.184694	3.52865
24354	-1820.106	-2102.091	281.985	1.316129	3.446313	0.895492	0.104508	2.403098
24360	-1843.157	-2123.592	280.4351	1.135718	2.837196	0.812854	0.187146	3.594523
24366	-1844.972	-2124.811	279.8389	1.361419	3.775869	0.826175	0.173825	3.594523
24372	-1836.454	-2116.522	280.0675	1.361419	1.602218	0.976574	0.0234263	4.066984
24378	-1816.098	-2096.853	280.7553	1.20356	2.347599	0.919776	0.0802241	3.505051
24384	-1836.841	-2117.664	280.8231	1.200388	1.930674	0.945361	0.0546391	3.602729
24390	-1824.88	-2104.885	280.0051	1.266571	2.358436	0.854373	0.145627	3.899128
24396	-1819.331	-2099.708	280.3778	1.266571	3.254995	0.886827	0.113173	3.449377
24402	-1821.635	-2101.2	279.5642	1.242702	2.405716	0.962007	0.0379933	4.150717
24408	-1818.735	-2100.573	281.8386	1.29622	1.62745	0.963074	0.0369255	3.063649
24414	-1838.069	-2119.232	281.163	1.316113	2.821152	0.765062	0.234938	3.064091
24420	-1840.029	-2119.053	279.0243	1.038642	2.821152	0.83436	0.16564	4.459908
24426	-1826.302	-2104.861	278.5596	1.095279	3.579236	0.851946	0.148054	4.516862
24432	-1827.894	-2106.537	278.6432	1.169409	3.598616	0.839094	0.160906	4.424072
24438	-1819.701	-2101.142	281.4409	1.316239	1.520282	0.919857	0.0801427	3.332465
24444	-1824.682	-2106.303	281.621	1.39272	2.819825	0.979602	0.0203985	2.741464
24450	-1847.808	-2128.893	281.0846	1.168583	1.943305	0.780244	0.219756	3.46451
24456	-1832.328	-2114.168	281.8401	1.548025	1.943305	0.857427	0.142573	2.788527
24462	-1819.7	-2101.757	282.0568	1.521943	1.657921	0.853933	0.146067	2.783296
24468	-1816.739	-2099.263	282.524	1.521943	1.766547	0.935785	0.0642147	2.44992
24474	-1817.695	-2099.455	281.7592	1.521943	3.350815	0.703897	0.296103	2.438813
24480	-1816.115	-2097.107	280.9928	1.355008	3.026602	0.889523	0.110477	3.089282
24486	-1818.913	-2100.708	281.795	1.498247	1.912305	0.876781	0.123219	2.857536
24492	-1825.57	-2107.006	281.436	1.638271	5.177127	0.823436	0.176564	2.194297
24498	-1818.172	-2100.725	282.5531	1.394536	2.382391	0.808885	0.191115	2.28858
24504	-1831.497	-2112.765	281.2681	1.394536	2.382391	0.863577	0.136423	3.079492
24510	-1830.565	-2111.573	281.0084	1.297277	3.168108	0.885698	0.114302	3.079492
24516	-1826.04	-2106.997	280.9567	1.34894	3.168108	0.876199	0.123801	3.079492
24522	-1825.198	-2105.817	280.6192	1.370377	4.026555	0.950756	0.0492439	3.079492
24528	-1814.444	-2095.422	280.9781	1.302696	2.273037	0.895186	0.104814	3.339393
24534	-1839.707	-2118.803	279.0965	1.098874	3.546017	0.948677	0.0513228	4.218608
24540	-1830.289	-2110.423	280.1349	1.311515	4.103168	0.732739	0.267261	3.385745
24546	-1817.576	-2098.496	280.92	1.416179	3.030681	0.873861	0.126139	3.095201
24552	-1819.925	-2100.95	281.0257	1.224977	3.239205	0.887657	0.112343	3.095201
24558	-1833.704	-2115.007	281.3031	1.343272	2.664811	0.72952	0.27048	3.006738
24564	-1816.95	-2096.98	280.0304	1.04464	2.926013	0.822141	0.177859	3.858325
24570	-1820.629	-2099.053	278.4241	0.9359293	2.471754	0.811627	0.188373	4.945142
24576	-1825.454	-2107.148	281.6942	1.171741	1.839263	0.824328	0.175672	3.141014
24582	-1813.294	-2095.196	281.9021	1.38454	2.420008	0.692542	0.307458	2.690448
24588	-1829.816	-2111.047	281.231	1.350857	4.180223	0.846535	0.153465	2.690448
24594	-1823.362	-2103.541	280.1791	1.189352	2.972656	0.846797	0.153203	3.677579
24600	-1822.296	-2102.191	279.8953	1.232323	3.247053	0.851261	0.148739	3.751259
24606	-1818.98	-2099.164	280.1842	1.232323	2.584505	0.961867	0.0381325	3.751259
24612	-1815.988	-2097.011	281.0232	1.229632	2.470786	0.929771	0.0702287	3.296156
24618	-1825.977	-2104.893	278.9161	0.9337565	2.470786	0.766949	0.233051	4.672076
24624	-1812.203	-2091.746	279.5423	1.221476	2.692517	0.697483	0.302517	4.096168
24630	-1813.843	-2094.204	280.3612	1.267193	2.692517	0.812843	0.187157	3.599221
24636	-1812.851	-2093.333	280.4815	1.146848	2.692517	0.770664	0.229336	3.599221
24642	-1828.096	-2107.126	279.03	1.261767	2.692517	0.837999	0.162001	4.363826
24648	-1840.52	-2119.466	278.9465	1.048833	3.396431	0.810276	0.189724	4.363826
24654	-1839.497	-2118.664	279.1664	1.21166	3.396431	0.702231	0.297769	4.146966
24660	-1830.204	-2109.464	279.26	1.087585	3.619042	0.630865	0.369135	4.116833
24666	-1824.999	-2103.808	278.8087	0.9922882	2.766583	0.892008	0.107992	4.620889
24672	-1815.68	-2093.961	278.2807	1.017309	3.535826	0.738218	0.261782	4.725963
24678	-1811.112	-2090.88	279.7681	1.059556	3.904859	0.689668	0.310332	3.784057
24684	-1807.438	-2086.007	278.5687	1.210105	2.294188	0.842101	0.157899	4.762266
24690	-1809.81	-2088.743	278.9328	0.9661032	3.138314	0.892841	0.107159	4.475896
24696	-1805.995	-2086.445	280.4506	1.163054	2.954901	0.921485	0.0785148	3.53967
24702	-1826.647	-2106.073	279.4252	1.235914	1.986308	0.658822	0.341178	4.36307
24708	-1821.978	-2101.877	279.8982	1.2383	2.293928	0.679119	0.320881	3.995772
24714	-1805.447	-2085.057	279.6098	1.154401	3.618457	0.90421	0.0957902	3.878874
24720	-1815.788	-2097.286	281.4978	1.348543	2.195434	0.949828	0.0501724	3.028634
24726	-1828.578	-2109.809	281.2315	1.201949	2.698552	0.94776	0.0522396	3.124592
24732	-1812.106	-2092.439	280.3325	1.254528	1.975403	0.798961	0.201039	3.839386
24738	-1812.181	-2093.71	281.5292	1.565915	3.688985	0.914372	0.085628	2.47622
24744	-1802.41	-2084.059	281.65	1.563955	4.754594	0.795383	0.204617	2.181044
24750	-1803.4	-2085.403	282.003	1.563955	4.558026	0.877723	0.122277	1.987231
24756	-1801.699	-2082.958	281.2591	1.3566	2.977932	0.828947	0.171053	2.941087
24762	-1809.4	-2090.488	281.0875	1.353898	3.990443	0.871231	0.128769	2.814688
24768	-1811.146	-2091.477	280.3305	1.425231	3.939082	0.709976	0.290024	3.235946
24774	-1826.258	-2107.158	280.9004	1.596014	4.389336	0.783287	0.216713	2.702074
24780	-1821.569	-2103.527	281.9572	1.501435	3.41972	0.821651	0.178349	2.309518
24786	-1827.608	-2109.628	282.0203	1.571551	3.08531	0.886637	0.113363	2.309518
24792	-1835.625	-2115.444	279.8182	1.226391	4.512659	0.791761	0.208239	3.544659
24798	-1816.334	-2096.547	280.2132	1.309193	4.755801	0.922175	0.0778252	3.221698
24804	-1816.302	-2097.923	281.6217	1.393905	2.129658	0.748923	0.251077	2.948822
24810	-1809.782	-2090.689	280.9067	1.393905	3.507489	0.802686	0.197314	3.003259
24816	-1828.92	-2110.546	281.6261	1.214362	2.801171	0.856869	0.143131	2.852043
24822	-1830.173	-2112.066	281.8931	1.655358	4.305056	0.890819	0.109181	2.051624
24828	-1828.103	-2108.919	280.8154	1.746323	4.813801	0.84505	0.15495	2.58317
24834	-1822.226	-2103.504	281.2785	1.519554	3.940555	0.907526	0.0924742	2.606362
24840	-1821.85	-2102.842	280.9922	1.561945	3.940555	0.918243	0.0817573	2.756265
24846	-1828.521	-2109.863	281.3413	1.503155	3.16008	0.819568	0.180432	2.756265
24852	-1830.439	-2109.867	279.4279	1.026837	3.044504	0.840156	0.159844	4.183689
24858	-1829.73	-2108.76	279.0293	1.27747	3.413653	0.641484	0.358516	4.183689
24864	-1835.917	-2114.843	278.926	1.130971	2.622492	0.852919	0.147081	4.514636
24870	-1819.914	-2098.853	278.9391	1.093591	2.674082	0.781908	0.218092	4.514636
24876	-1830.046	-2106.838	276.7923	1.013568	3.540062	0.817872	0.182128	5.551761
24882	-1818.168	-2098.729	280.5602	1.403035	3.489321	0.704696	0.295304	3.208377
24888	-1805.918	-2085.173	279.2559	1.303829	3.438816	0.588243	0.411757	4.034242
24894	-1810.246	-2089.546	279.2998	1.026087	2.856237	0.918956	0.0810444	4.302675
24900	-1825.557	-2105.059	279.5025	1.086213	2.309065	0.80614	0.19386	4.302675
24906	-1830.969	-2110.694	279.7253	1.141823	3.203989	0.854284	0.145716	3.911018
24912	-1830.467	-2110.205	279.7386	1.204322	3.337011	0.807337	0.192663	3.837217
24918	-1831.337	-2112.002	280.6649	1.162876	3.492717	0.909163	0.0908368	3.287725
24924	-1837.991	-2119.794	281.8031	1.337828	2.493294	0.834323	0.165677	2.757303
24930	-1821.075	-2102.399	281.3237	1.375329	2.811898	0.856779	0.143221	2.93466
24936	-1805.287	-2086.916	281.6291	1.362189	3.919955	0.799942	0.200058	2.49052
24942	-1817.414	-2098.462	281.0481	1.362189	3.712486	0.977573	0.0224267	2.892024
24948	-1819.359	-2101.538	282.1783	1.362189	1.866563	0.899555	0.100445	2.724035
24954	-1814.486	-2095.189	280.7024	1.364167	2.753758	0.882675	0.117325	3.326683
24960	-1819.139	-2100.871	281.7323	1.537862	2.882676	0.733688	0.266312	2.56632
24966	-1820.433	-2101.302	280.8688	1.384136	3.29228	0.859072	0.140928	3.081267
24972	-1806.703	-2086.03	279.3272	1.033238	3.29228	0.945404	0.0545959	4.179988
24978	-1815.084	-2094.501	279.4163	1.235283	2.617398	0.930758	0.0692415	4.179988
24984	-1806.167	-2087.233	281.066	1.160623	2.617398	0.938414	0.0615859	3.269708
24990	-1790.65	-2071.879	281.2289	1.341288	2.939848	0.737529	0.262471	2.978332
24996	-1799.008	-2079.417	280.4093	1.249378	2.436868	0.878326	0.121674	3.653077
25002	-1809.293	-2088.95	279.6564	1.01745	2.40454	0.516087	0.483913	4.226596
25008	-1795.752	-2075.454	279.7013	0.9725464	2.40454	0.815001	0.184999	4.226596
25014	-1812.718	-2089.617	276.8984	1.114354	3.362192	0.804872	0.195128	5.475146
25020	-1819.916	-2100.985	281.0685	1.356783	3.362192	0.879975	0.120025	2.961644
25026	-1823.438	-2105.389	281.9515	1.505941	3.153662	0.677113	0.322887	2.377057
25032	-1836.806	-2118.643	281.8376	1.658623	3.059964	0.592848	0.407152	2.377057
25038	-1830.144	-2111.073	280.9283	1.483663	4.709716	0.81642	0.18358	2.694257
25044	-1828.658	-2108.56	279.9016	1.322472	4.709716	0.61385	0.38615	3.405323
25050	-1814.707	-2094.725	280.0177	1.40692	5.441651	0.919959	0.0800407	3.167327
25056	-1814.89	-2095.753	280.8631	1.367847	2.992914	0.747532	0.252468	3.167327
25062	-1820.637	-2100.772	280.1352	1.186655	3.658308	0.736244	0.263756	3.548278
25068	-1821.146	-2101.137	279.991	1.330865	3.658308	0.727161	0.272839	3.548278
25074	-1807.405	-2087.441	280.0364	1.238705	3.7892	0.759798	0.240202	3.548278
25080	-1812.971	-2092.843	279.8716	1.314844	2.338761	0.803782	0.196218	3.953777
25086	-1815.05	-2095.002	279.9526	1.229116	2.660623	0.894214	0.105786	3.865699
25092	-1819.712	-2098.854	279.1422	1.232062	5.176951	0.739207	0.260793	3.82175
25098	-1816.339	-2094.347	278.0083	1.232062	3.215471	0.796556	0.203444	4.82732
25104	-1821.582	-2103.126	281.5441	1.232062	3.234989	0.821353	0.178647	2.779504
25110	-1821.932	-2101.658	279.726	1.233534	3.295809	0.870758	0.129242	3.836916
25116	-1826.25	-2106.062	279.8127	1.219333	3.116015	0.749018	0.250982	3.836916
25122	-1824.102	-2104.52	280.4178	1.119514	2.068266	0.722299	0.277701	3.836916
25128	-1834.681	-2114.804	280.1228	1.358172	3.310746	0.846726	0.153274	3.53188
25134	-1828.955	-2109.633	280.6781	1.210185	2.205768	0.905853	0.0941469	3.589834
25140	-1814.78	-2095.285	280.5056	1.272455	3.90136	0.841886	0.158114	3.230397
25146	-1832.297	-2113.159	280.862	1.344309	2.805676	0.842381	0.157619	3.230397
25152	-1842.281	-2122.984	280.7028	1.305999	3.976615	0.850692	0.149308	3.078042
25158	-1843.926	-2125.531	281.6051	1.37524	3.976615	0.818251	0.181749	2.485336
25164	-1830.759	-2112.817	282.0583	1.453993	2.602408	0.870278	0.129722	2.495225
25170	-1836.082	-2117.25	281.168	1.484216	2.000006	0.984626	0.0153742	3.210046
25176	-1833.736	-2117.02	283.2834	1.468053	2.000006	0.741006	0.258994	1.897583
25182	-1821.544	-2103.377	281.833	1.257917	2.52937	0.777859	0.222141	2.777024
25188	-1827.205	-2109.584	282.3795	1.41231	2.17652	0.943677	0.0563226	2.456359
25194	-1820.726	-2101.763	281.0368	1.477651	2.805129	0.745946	0.254054	3.047268
25200	-1830.236	-2111.73	281.4936	1.359138	2.805129	0.943779	0.0562208	2.843505
25206	-1823.597	-2104.91	281.3134	1.304287	3.370341	0.848957	0.151043	2.843505
25212	-1827.071	-2108.355	281.2841	1.476286	3.913895	0.941776	0.058224	2.635239
25218	-1819.079	-2099.519	280.4397	1.448944	2.770341	0.858068	0.141932	3.426675
25224	-1818.469	-2098.053	279.5837	1.129076	3.165083	0.952991	0.047009	4.008313
25230	-1818.342	-2097.869	279.5265	1.18633	3.165083	0.766646	0.233354	4.008313
25236	-1819.195	-2097.217	278.022	1.074845	2.674066	0.760498	0.239502	5.037328
25242	-1838.346	-2120.553	282.207	1.445328	3.431673	0.971357	0.0286431	2.182012
25248	-1825.74	-2106.483	280.7431	1.179619	2.358516	0.891818	0.108182	3.522839
25254	-1811.959	-2092.29	280.331	1.260955	2.250223	0.918959	0.0810406	3.747555
25260	-1816.564	-2098.325	281.7616	1.2681	2.111095	0.802574	0.197426	2.946541
25266	-1818.995	-2101.16	282.1648	1.378189	2.662904	0.854356	0.145644	2.458166
25272	-1814.167	-2093.312	279.1446	1.378189	3.025235	0.860081	0.139919	4.149649
25278	-1821.723	-2101.359	279.6359	0.9861967	2.797165	0.904246	0.0957539	4.149649
25284	-1813.318	-2092.321	279.003	1.149215	2.797165	0.984494	0.0155056	4.415618
25290	-1818.186	-2097.43	279.2436	1.06564	2.797165	0.880996	0.119004	4.326998
25296	-1819.079	-2098.94	279.861	1.022855	1.62574	0.77012	0.22988	4.366977
25302	-1818.118	-2097.386	279.2679	1.037561	2.651113	0.781538	0.218462	4.366977
25308	-1823.488	-2102.425	278.9372	0.9853623	3.574692	0.838383	0.161617	4.366977
25314	-1834.759	-2115.242	280.4827	1.209613	3.385722	0.828827	0.171173	3.391318
25320	-1827.64	-2108.067	280.4271	1.241417	3.447852	0.877199	0.122801	3.391318
25326	-1822.591	-2102.112	279.5217	1.154529	3.562484	0.764592	0.235408	3.941129
25332	-1823.807	-2103.546	279.7391	1.049542	2.755982	0.781823	0.218177	4.065406
25338	-1812.019	-2091.635	279.6159	1.172779	2.755982	0.938774	0.0612262	4.065406
25344	-1824.037	-2103.653	279.6159	1.172779	2.755982	0.582266	0.417734	4.065406
25350	-1820.632	-2100.897	280.2656	1.253744	3.296103	0.730413	0.269587	3.512883
25356	-1830.308	-2111.782	281.4746	1.251228	2.606527	0.903635	0.0963646	2.975514
25362	-1827.769	-2108.03	280.2612	1.434052	4.498843	0.769733	0.230267	3.164764
25368	-1833.095	-2112.673	279.5785	1.367366	4.767295	0.863802	0.136198	3.557915
25374	-1833.454	-2113.865	280.4103	1.279841	3.83855	0.792112	0.207888	3.295094
25380	-1824.497	-2105.381	280.8839	1.25052	3.591812	0.9195	0.0805003	3.08396
25386	-1812.744	-2092.367	279.6232	1.235457	3.396624	0.879894	0.120106	3.872367
25392	-1819.25	-2100.156	280.906	1.439321	4.615944	0.915335	0.0846647	2.752153
25398	-1796.963	-2078.595	281.6328	1.358083	2.811089	0.894285	0.105715	2.757847
25404	-1806.839	-2088.154	281.3148	1.264196	3.860608	0.766076	0.233924	2.757847
25410	-1808.517	-2089.673	281.156	1.223152	2.615364	0.881521	0.118479	3.179969
25416	-1809.596	-2090.84	281.2432	1.252106	2.379552	0.646999	0.353001	3.179969
25422	-1811.2	-2091.269	280.0689	1.183784	5.423538	0.797853	0.202147	3.271902
25428	-1806.497	-2087.854	281.3564	1.469865	3.036684	0.762723	0.237277	2.798499
25434	-1807.111	-2088.772	281.6611	1.469865	2.707702	0.769731	0.230269	2.700853
25440	-1812.48	-2094.589	282.1095	1.469865	2.218066	0.818083	0.181917	2.574841
25446	-1822.662	-2103.217	280.5551	1.062275	2.124807	0.952615	0.0473855	3.77241
25452	-1819.475	-2098.754	279.2792	1.243712	2.554234	0.851968	0.148032	4.270141
25458	-1815.098	-2094.71	279.6126	1.01414	2.346402	0.894616	0.105384	4.270141
25464	-1818.902	-2097.965	279.0629	1.278006	4.616046	0.73258	0.26742	3.932831
25470	-1825.184	-2105.131	279.947	1.058278	2.789866	0.733372	0.266628	3.932831
25476	-1816.556	-2095.835	279.279	1.450235	3.961576	0.867667	0.132333	3.829564
25482	-1829.726	-2111.787	282.0601	1.602178	3.960282	0.780168	0.219832	2.051073
25488	-1814.068	-2094.571	280.5035	1.275797	4.911521	0.829194	0.170806	3.042122
25494	-1824.951	-2105.528	280.5764	1.354665	5.761806	0.856868	0.143132	2.814097
25500	-1829.783	-2110.158	280.375	1.273121	4.399935	0.910461	0.0895393	3.210827
25506	-1833.757	-2114.072	280.3151	1.278809	4.399935	0.857904	0.142096	3.242873
25512	-1815.876	-2096.415	280.5387	1.324444	4.399935	0.866232	0.133768	3.082998
25518	-1816.703	-2096.527	279.824	1.454374	2.605518	0.822451	0.177549	3.825056
25524	-1800.165	-2079.734	279.5692	1.172691	2.826931	0.855094	0.144906	4.073863
25530	-1815.289	-2095.763	280.4744	1.177692	2.826931	0.834206	0.165794	3.549901
25536	-1828.495	-2108.889	280.3939	1.067312	3.023196	0.659435	0.340565	3.611364
25542	-1828.456	-2107.171	278.7149	1.090396	3.523047	0.955173	0.0448268	4.443911
25548	-1825.094	-2103.995	278.901	1.062232	3.120083	0.927541	0.0724587	4.443911
25554	-1847.453	-2126.179	278.7259	1.115141	2.262513	0.911806	0.0881942	4.736845
25560	-1845.529	-2126.328	280.7984	1.115141	2.200578	0.980423	0.0195768	3.576843
25566	-1852.842	-2131.82	278.978	1.176435	3.14376	0.936962	0.063038	4.330505
25572	-1820.295	-2101.025	280.7298	1.27868	3.44844	0.949439	0.0505606	3.190771
25578	-1820.006	-2101.219	281.2134	1.398485	2.96768	0.784307	0.215693	2.94604
25584	-1819.021	-2100.08	281.0589	1.496435	3.101951	0.781246	0.218754	2.94604
25590	-1839.503	-2120.619	281.1159	1.437967	3.105676	0.824904	0.175096	2.94604
25596	-1833.009	-2113.974	280.9657	1.437967	3.486666	0.911309	0.0886913	2.94604
25602	-1846.045	-2126.62	280.5756	1.309582	3.486666	0.700257	0.299743	3.255134
25608	-1836.975	-2117.635	280.6599	1.277472	3.677654	0.913017	0.0869827	3.18265
25614	-1831.568	-2111.307	279.7387	1.177919	3.751993	0.896256	0.103744	3.763569
25620	-1816.658	-2097.48	280.8221	1.341232	3.868474	0.869192	0.130808	3.007685
25626	-1835.295	-2117.212	281.9172	1.586433	3.064314	0.927224	0.0727756	2.37119
25632	-1828.984	-2110.157	281.1733	1.441712	3.080784	0.91364	0.0863605	2.915364
25638	-1829.532	-2110.808	281.2768	1.441712	2.839895	0.831712	0.168288	2.915364
25644	-1833.79	-2114.604	280.8144	1.451699	4.899023	0.766289	0.233711	2.750006
25650	-1838.057	-2119.159	281.1012	1.451699	5.652781	0.792249	0.207751	2.446981
25656	-1819.506	-2100.266	280.7602	1.362846	3.897005	0.724261	0.275739	3.025953
25662	-1810.61	-2092.048	281.438	1.522301	3.897005	0.871138	0.128862	2.514793
25668	-1812.038	-2093.186	281.1474	1.578105	3.897005	0.730834	0.269166	2.660324
25674	-1809.868	-2090.885	281.0172	1.525961	4.736152	0.76463	0.23537	2.608633
25680	-1821.406	-2101.926	280.5196	1.525961	4.811083	0.780122	0.219878	2.899357
25686	-1822.113	-2103.041	280.9281	1.575706	3.377442	0.87294	0.12706	2.910775
25692	-1813.097	-2093.984	280.8879	1.460316	4.519936	0.918359	0.0816413	2.768084
25698	-1812.948	-2094.486	281.5387	1.458162	4.224041	0.897149	0.102851	2.423647
25704	-1819.335	-2099.943	280.6085	1.458162	4.224041	0.768199	0.231801	2.9945
25710	-1813.011	-2095.077	282.066	1.644418	4.011712	0.812931	0.187069	2.007642
25716	-1807.981	-2089.529	281.5477	1.701107	3.736637	0.639629	0.360371	2.368685
25722	-1805.446	-2087.222	281.7763	1.673141	3.206154	0.785309	0.214691	2.368685
25728	-1819.923	-2101.73	281.8066	1.642165	3.206154	0.780017	0.219983	2.36908
25734	-1818.621	-2100.604	281.9835	1.516216	3.081686	0.877425	0.122575	2.36908
25740	-1818.528	-2100.282	281.7538	1.650898	3.709866	0.88271	0.11729	2.275431
25746	-1812.363	-2093.842	281.4789	1.484586	3.343426	0.700201	0.299799	2.638409
25752	-1810.824	-2092.659	281.835	1.484586	3.886476	0.76463	0.23537	2.290199
25758	-1814.292	-2095.934	281.6419	1.557205	2.434564	0.940792	0.059208	2.739613
25764	-1822.951	-2104.371	281.4194	1.245844	2.70617	0.974183	0.0258171	2.983887
25770	-1828.863	-2108.078	279.2144	1.198104	3.300408	0.881349	0.118651	4.148573
25776	-1842.255	-2123.915	281.6599	1.612362	4.108311	0.686097	0.313903	2.272624
25782	-1838.606	-2119.179	280.5731	1.459732	4.108311	0.809818	0.190182	3.037368
25788	-1819.293	-2100.08	280.7864	1.450326	3.291545	0.791922	0.208078	3.091138
25794	-1832.94	-2110.397	277.4572	1.213803	3.291545	0.476751	0.523249	5.126991
25800	-1822.612	-2102.859	280.247	1.345534	3.710479	0.7632	0.2368	3.379092
25806	-1814.914	-2095.046	280.1322	1.312989	4.846629	0.82982	0.17018	3.251804
25812	-1805.265	-2086.56	281.2951	1.385928	3.354354	0.65821	0.34179	2.808791
25818	-1818.06	-2097.717	279.6574	1.343795	4.454424	0.701114	0.298886	3.580283
25824	-1810.37	-2090.258	279.8883	1.354206	2.925849	0.756831	0.243169	3.761999
25830	-1809.226	-2089.697	280.4711	1.372946	3.414346	0.664454	0.335546	3.295631
25836	-1803.22	-2083.064	279.8439	1.499771	3.414346	0.729939	0.270061	3.588382
25842	-1819.52	-2100.53	281.0098	1.655583	3.737099	0.77954	0.22046	2.731591
25848	-1820.698	-2100.587	279.8897	1.328795	3.540102	0.941632	0.0583675	3.633503
25854	-1832.373	-2111.85	279.4774	1.309306	3.540102	0.919242	0.0807579	3.882546
25860	-1815.555	-2095.684	280.1287	1.271814	3.746408	0.68344	0.31656	3.484022
25866	-1826.841	-2107.79	280.9491	1.213663	3.746408	0.929537	0.0704629	3.033671
25872	-1824.683	-2103.96	279.2766	1.213663	2.754938	0.844329	0.155671	4.235333
25878	-1821.386	-2101.679	280.2934	1.360241	2.64167	0.841088	0.158912	3.598357
25884	-1816.976	-2095.733	278.7572	1.277923	4.977038	0.960923	0.0390766	4.047719
25890	-1812.565	-2093.197	280.6316	1.5297	4.241452	0.872501	0.127499	2.934235
25896	-1825.74	-2107.24	281.5	1.57736	3.025355	0.971938	0.028062	2.647614
25902	-1830.002	-2111.695	281.6928	1.539768	2.675134	0.726281	0.273719	2.647614
25908	-1821.664	-2103.899	282.235	1.539768	2.449461	0.963198	0.0368015	2.377051
25914	-1834.099	-2113.408	279.3092	1.208432	2.449461	0.768316	0.231684	4.302255
25920	-1827.925	-2108.816	280.8909	1.189904	3.61579	0.60528	0.39472	3.11072
25926	-1835.623	-2115.837	280.2134	1.137855	2.83535	0.785459	0.214541	3.722132
25932	-1832.648	-2112.352	279.7041	1.165115	1.876033	0.945746	0.0542536	4.282997
25938	-1822.377	-2101.63	279.2537	1.171707	2.712768	0.820487	0.179513	4.282997
25944	-1828.127	-2107.199	279.0724	1.213862	3.748491	0.765815	0.234185	4.125215
25950	-1830.92	-2109.846	278.9263	1.239405	2.413348	0.802649	0.197351	4.510992
25956	-1818.721	-2099.932	281.211	1.298047	2.413348	0.870054	0.129946	3.161609
25962	-1832.677	-2113.882	281.2045	1.3045	2.413348	0.743841	0.256159	3.161609
25968	-1812.079	-2092.323	280.2442	1.450693	2.251294	0.712177	0.287823	3.687748
25974	-1804.993	-2085.306	280.3128	1.175598	2.665001	0.90775	0.0922497	3.687748
25980	-1817.907	-2097.603	279.6961	1.336636	3.795003	0.927962	0.0720379	3.687748
25986	-1825.975	-2107.364	281.3889	1.594685	3.084401	0.954318	0.0456821	2.690118
25992	-1822.455	-2103.384	280.9296	1.449745	3.084401	0.853972	0.146028	3.055985
25998	-1839.356	-2119.554	280.1981	1.200435	2.336218	0.958057	0.0419428	3.832841
26004	-1837.07	-2117.544	280.4735	1.228735	2.463696	0.854391	0.145609	3.620079
26010	-1837.372	-2117.786	280.4133	1.257816	2.931672	0.874824	0.125176	3.512065
26016	-1834.907	-2114.994	280.0876	1.369062	4.665027	0.928691	0.0713085	3.276363
26022	-1821.207	-2100.524	279.3174	1.258445	3.413584	0.953451	0.0465494	4.030553
26028	-1824.233	-2103.121	278.8885	1.301719	4.358296	0.954175	0.0458246	4.06413
26034	-1819.321	-2100.131	280.8105	1.364938	3.004206	0.797785	0.202215	3.197411
26040	-1809.277	-2089.294	280.0174	1.198694	3.004206	0.949877	0.0501228	3.757844
26046	-1813.475	-2093.212	279.7368	1.325617	3.167416	0.824276	0.175724	3.807303
26052	-1816.641	-2097.354	280.7129	1.325617	2.601287	0.956741	0.043259	3.384896
26058	-1842.276	-2123.008	280.7318	1.207278	2.902787	0.873773	0.126227	3.362597
26064	-1843.071	-2124.831	281.7602	1.497957	3.708818	0.87189	0.12811	2.369006
26070	-1820.04	-2102.049	282.0092	1.337682	2.379886	0.862461	0.137539	2.665918
26076	-1855.77	-2137.06	281.2896	1.483949	3.733691	0.899625	0.100375	2.665918
26082	-1825.465	-2106.699	281.2344	1.465555	3.198901	0.904259	0.0957414	2.834692
26088	-1829.205	-2110.356	281.1511	1.435255	3.915733	0.924929	0.075071	2.741794
26094	-1819.869	-2102.76	282.8912	1.662664	2.643332	0.864805	0.135195	1.802071
26100	-1826.773	-2109.134	282.3609	1.662664	3.981977	0.925831	0.0741689	1.802071
26106	-1820.515	-2102.334	281.8184	1.451818	4.013341	0.908638	0.0913617	2.294201
26112	-1822.831	-2103.53	280.6987	1.344657	2.488902	0.871051	0.128949	3.413998
26118	-1814.972	-2095.96	280.9878	1.084177	1.909548	0.935565	0.0644349	3.581993
26124	-1816.169	-2095.885	279.7163	1.190187	2.608113	0.76509	0.23491	4.037432
26130	-1829.831	-2109.01	279.1793	1.205421	3.952772	0.856192	0.143808	4.028672
26136	-1832.124	-2111.289	279.1655	1.181434	4.065365	0.824119	0.175881	4.028672
26142	-1826.802	-2104.389	277.5869	1.125696	2.373854	0.871728	0.128272	5.331096
26148	-1826.977	-2107.599	280.6224	0.9652276	2.429787	0.866031	0.133969	3.696304
26154	-1833.362	-2114.852	281.4903	1.260556	2.751077	0.877299	0.122701	2.919959
26160	-1822.061	-2103.74	281.6782	1.471985	2.751077	0.932559	0.0674412	2.676795
26166	-1848.426	-2130.156	281.7301	1.455351	2.674604	0.887389	0.112611	2.676795
26172	-1835.899	-2119.056	283.1578	1.518654	3.350244	0.864807	0.135193	1.497346
26178	-1828.753	-2110.631	281.8778	1.631253	3.350244	0.957095	0.0429048	2.294443
26184	-1825.383	-2107.302	281.9189	1.631253	3.209513	0.864262	0.135738	2.303713
26190	-1820.532	-2101.786	281.2535	1.554798	3.209513	0.911792	0.0882084	2.766118
26196	-1814.235	-2094.949	280.7137	1.459487	3.209513	0.924414	0.0755862	3.14841
26202	-1824.414	-2105.833	281.4192	1.459487	2.925413	0.735967	0.264033	2.795501
26208	-1827.593	-2107.306	279.7127	1.092387	3.664657	0.889457	0.110543	3.845741
26214	-1833.701	-2113.438	279.7366	1.092387	3.247367	0.90018	0.0998204	3.922868
26220	-1830.221	-2108.975	278.7541	1.237923	3.247367	0.926095	0.0739048	4.398601
26226	-1828.541	-2107.152	278.6111	1.079944	3.247367	0.814337	0.185663	4.568008
26232	-1824.468	-2103.262	278.7938	1.079944	2.729459	0.891793	0.108207	4.589547
26238	-1825.152	-2104.42	279.2679	1.079944	3.277965	0.930609	0.0693906	4.19036
26244	-1822.456	-2101.801	279.3446	1.203767	2.801688	0.816289	0.183711	4.19036
26250	-1821.231	-2101.733	280.5018	1.223477	2.801688	0.916545	0.0834554	3.5139
26256	-1829.555	-2111.683	282.1274	1.231112	1.252193	0.985835	0.0141645	3.100521
26262	-1831.532	-2112.413	280.8811	1.347965	2.093532	0.902297	0.0977033	3.427399
26268	-1812.861	-2094.653	281.7911	1.297982	1.703078	0.992537	0.00746264	3.060365
26274	-1815.698	-2097	281.3019	1.426536	3.227027	0.695321	0.304679	2.810465
26280	-1820.881	-2101.626	280.7456	1.305521	3.090726	0.765586	0.234414	3.249525
26286	-1811.37	-2092.396	281.0261	1.302053	2.478329	0.962819	0.0371806	3.249525
26292	-1819.637	-2099.856	280.2191	1.25049	2.166717	0.906617	0.093383	3.844104
26298	-1838.868	-2118.648	279.7797	1.313678	3.832502	0.941639	0.0583611	3.645007
26304	-1823.735	-2103.086	279.351	1.065025	3.485866	0.776563	0.223437	4.106023
26310	-1834.538	-2113.745	279.2068	1.098134	3.791179	0.81405	0.18595	4.106023
26316	-1830.911	-2110.12	279.2082	1.293241	3.625547	0.847214	0.152786	4.027775
26322	-1824.181	-2105.949	281.7682	1.445789	4.103011	0.868773	0.131227	2.311019
26328	-1826.339	-2107.915	281.5762	1.481862	4.598848	0.82361	0.17639	2.311019
26334	-1810.006	-2091.458	281.4517	1.561458	3.204688	0.63956	0.36044	2.641661
26340	-1809.297	-2089.789	280.4925	1.465813	3.995082	0.884508	0.115492	3.104405
26346	-1822.355	-2103.289	280.9339	1.528695	3.31011	0.829223	0.170777	2.951409
26352	-1826.302	-2106.203	279.9009	1.335957	3.455171	0.848881	0.151119	3.641331
26358	-1828.484	-2109.184	280.7004	1.355308	2.98829	0.887486	0.112514	3.272242
26364	-1828.478	-2109.625	281.147	1.301202	2.174123	0.764934	0.235066	3.272242
26370	-1850.204	-2130.995	280.7911	1.493444	3.885944	0.796557	0.203443	2.931197
26376	-1840.245	-2121.439	281.1941	1.21373	2.949524	0.795749	0.204251	3.073055
26382	-1832.124	-2112.35	280.2259	1.29848	4.357977	0.744684	0.255316	3.291671
26388	-1830.252	-2109.934	279.6825	1.335088	2.728589	0.543289	0.456711	3.941737
26394	-1831.068	-2110.16	279.0919	1.020979	2.561588	0.857608	0.142392	4.499507
26400	-1842.488	-2123.156	280.6682	1.545035	4.388606	0.767181	0.232819	2.874724
26406	-1831.065	-2111.98	280.9147	1.545035	4.388606	0.771849	0.228151	2.724662
26412	-1832.407	-2112.444	280.0368	1.340429	3.978813	0.68241	0.31759	3.450553
26418	-1817.045	-2097.545	280.4996	1.288747	3.349067	0.728063	0.271937	3.343226
26424	-1828.511	-2108.069	279.5581	1.287743	3.430547	0.891159	0.108841	3.872257
26430	-1825.342	-2103.74	278.3976	1.262008	3.630203	0.9276	0.0724	4.503697
26436	-1829.712	-2109.156	279.4446	1.185369	3.716676	0.793629	0.206371	3.935493
26442	-1835.657	-2113.76	278.1031	1.173053	3.850306	0.888408	0.111592	4.674959
26448	-1828.079	-2108.222	280.1427	1.343237	2.828107	0.797605	0.202395	3.646125
26454	-1826.518	-2106.417	279.899	1.216776	3.913771	0.904745	0.0952553	3.615751
26460	-1831.079	-2110.757	279.6785	1.332145	4.230364	0.865599	0.134401	3.615751
26466	-1833.029	-2113.647	280.6177	1.385904	3.153654	0.930481	0.0695193	3.262282
26472	-1824.746	-2106.884	282.1379	1.552754	2.907551	0.797	0.203	2.294719
26478	-1826.082	-2107.654	281.5718	1.385932	3.847786	0.852939	0.147061	2.527011
26484	-1820.395	-2102.201	281.8063	1.415216	3.146974	0.970213	0.0297875	2.527011
26490	-1818.576	-2100.379	281.8029	1.431588	4.016783	0.807523	0.192477	2.316255
26496	-1813.834	-2096.025	282.1903	1.421325	3.013096	0.865837	0.134163	2.316255
26502	-1810.148	-2091.563	281.4153	1.431236	5.317705	0.853136	0.146864	2.316255
26508	-1821.649	-2103.807	282.158	1.532784	2.890332	0.914782	0.0852184	2.29945
26514	-1820.123	-2101.958	281.8345	1.575827	4.53174	0.607032	0.392968	2.096252
26520	-1826.55	-2108.383	281.8335	1.498585	2.507968	0.843592	0.156408	2.635547
26526	-1831.691	-2113.443	281.7518	1.498585	4.32276	0.753917	0.246083	2.242264
26532	-1829.796	-2112.124	282.3279	1.56677	4.32276	0.854525	0.145475	1.814197
26538	-1818.678	-2101.858	283.18	1.729664	3.093977	0.830903	0.169097	1.397762
26544	-1831.647	-2113.936	282.2882	1.729664	3.378869	0.613396	0.386604	1.954256
26550	-1849.702	-2129.891	280.1892	1.259916	3.510803	0.678757	0.321243	3.505752
26556	-1843.602	-2123.791	280.1892	1.259916	3.510803	0.917214	0.0827857	3.505752
26562	-1840.156	-2119.189	279.033	1.151059	4.700172	0.833664	0.166336	4.008266
26568	-1825.788	-2105.274	279.4861	1.326545	4.579539	0.916447	0.0835529	3.667539
26574	-1806.635	-2085.757	279.1227	1.326545	3.887557	0.641589	0.358411	4.004589
26580	-1813.262	-2092.791	279.5288	1.256172	3.007156	0.764551	0.235449	4.004589
26586	-1818.243	-2097.816	279.5728	1.149963	3.156652	0.767423	0.232577	4.004589
26592	-1819.697	-2098.512	278.8146	1.103673	4.879438	0.93534	0.0646595	4.130055
26598	-1822.041	-2101.696	279.6549	1.151114	2.525932	0.812516	0.187484	4.117189
26604	-1828.404	-2109.754	281.3502	1.252615	2.547655	0.888438	0.111562	3.066162
26610	-1825.897	-2106.313	280.4167	1.252615	2.547655	0.872366	0.127634	3.615258
26616	-1848.739	-2127.522	278.7833	1.381528	4.72045	0.985071	0.0149292	4.015813
26622	-1840.973	-2120.759	279.7858	1.255538	2.410211	0.950436	0.0495642	4.015813
26628	-1824.778	-2106.15	281.3726	1.393707	2.013913	0.929271	0.0707285	3.137499
26634	-1824.689	-2106.086	281.3974	1.290506	1.957169	0.94543	0.0545702	3.203919
26640	-1828.924	-2110.571	281.6473	1.285056	3.216707	0.75877	0.24123	2.688426
26646	-1822.584	-2104.15	281.5666	1.308439	2.599109	0.896523	0.103477	2.887692
26652	-1828.901	-2109.682	280.7812	1.175089	2.216955	0.899271	0.100729	3.546811
26658	-1820.042	-2098.795	278.753	1.010882	2.784446	0.812406	0.187594	4.637116
26664	-1818.735	-2097.514	278.7794	0.9845394	2.784446	0.975214	0.0247865	4.637116
26670	-1821.72	-2098.887	277.1673	1.115102	2.784446	0.791066	0.208934	5.459515
26676	-1826.241	-2103.561	277.3197	1.050419	3.29518	0.901867	0.0981328	5.292585
26682	-1813.475	-2093.259	279.784	1.288479	3.29518	0.787552	0.212448	3.772095
26688	-1805.487	-2085.303	279.8162	1.256257	3.29518	0.871807	0.128193	3.772095
26694	-1807.323	-2087.664	280.3414	1.420239	3.29518	0.706926	0.293074	3.371356
26700	-1825.93	-2106.506	280.5759	1.249443	3.224352	0.635563	0.364437	3.350457
26706	-1827.51	-2107.929	280.4192	1.42683	3.068369	0.66929	0.33071	3.375773
26712	-1825.008	-2104.91	279.9018	1.370672	4.71659	0.662829	0.337171	3.375773
26718	-1826.31	-2108.363	282.0533	1.455564	2.389354	0.843941	0.156059	2.562761
26724	-1823.15	-2104.769	281.6189	1.455564	3.432052	0.802996	0.197004	2.54849
26730	-1823.652	-2106.141	282.4888	1.526531	3.432052	0.938103	0.0618972	1.942206
26736	-1827.769	-2110.879	283.11	1.577109	1.997034	0.934698	0.0653017	1.942206
26742	-1830.248	-2110.001	279.7524	1.433596	3.147556	0.930849	0.0691506	3.740767
26748	-1839.172	-2119.55	280.3788	1.204102	3.391918	0.920963	0.0790372	3.453984
26754	-1819.864	-2099.805	279.9408	1.30033	2.439821	0.697836	0.302164	3.892931
26760	-1816.229	-2096.269	280.0404	1.406602	2.05562	0.839564	0.160436	3.892931
26766	-1807.782	-2088.829	281.0476	1.224886	2.05562	0.884804	0.115196	3.41465
26772	-1831.278	-2110.134	278.8561	1.224886	2.296694	0.808046	0.191954	4.592344
26778	-1833.075	-2112.052	278.9779	1.081011	2.296694	0.897074	0.102926	4.604742
26784	-1829.427	-2108.445	279.0183	1.236553	1.947203	0.945865	0.0541354	4.604742
26790	-1819.565	-2099.076	279.5116	1.182521	2.573957	0.784724	0.215276	4.167618
26796	-1837.946	-2118.397	280.4512	1.210152	2.573957	0.747815	0.252185	3.612535
26802	-1829.904	-2110.355	280.4512	1.210152	2.573957	0.881005	0.118995	3.612535
26808	-1841.314	-2124.172	282.858	1.562734	2.402223	0.715475	0.284525	1.972746
26814	-1851.672	-2132.417	280.7456	1.5601	2.965692	0.815988	0.184012	3.129813
26820	-1838.176	-2120.987	282.8115	1.540435	2.476982	0.996686	0.00331443	1.993657
26826	-1843.236	-2124.967	281.7304	1.551352	2.380306	0.950507	0.0494927	2.705792
26832	-1842.966	-2125.636	282.6705	1.614374	2.380306	0.815528	0.184472	2.070441
26838	-1837.559	-2119.96	282.4016	1.614374	3.46772	0.765586	0.234414	1.932661
26844	-1825.184	-2107.278	282.0944	1.540777	3.107801	0.91829	0.0817101	2.275847
26850	-1809.163	-2091.542	282.3796	1.540777	2.75151	0.937243	0.0627568	2.191644
26856	-1809.061	-2090.592	281.5313	1.367013	3.349202	0.915745	0.0842554	2.677132
26862	-1826.029	-2108.11	282.0807	1.398426	2.726048	0.772478	0.227522	2.479853
26868	-1816.039	-2097.61	281.5717	1.292637	3.007748	0.798895	0.201105	2.782795
26874	-1814.103	-2095.631	281.528	1.332516	3.016575	0.805037	0.194963	2.782795
26880	-1820.844	-2101.045	280.2019	1.351734	3.016575	0.928519	0.0714811	3.559338
26886	-1808.478	-2090.083	281.6052	1.299108	3.016575	0.899463	0.100537	2.756121
26892	-1806.53	-2087.165	280.6347	1.494865	4.209487	0.758193	0.241807	2.959534
26898	-1818.726	-2098.766	280.0408	1.494865	3.297245	0.869337	0.130663	3.503057
26904	-1815.785	-2096.022	280.2368	1.188324	4.229488	0.936381	0.0636189	3.374068
26910	-1823.277	-2103.287	280.01	1.106318	4.229488	0.759472	0.240528	3.554525
26916	-1825.7	-2105.32	279.6197	1.079518	2.412235	0.927274	0.0727258	4.209972
26922	-1829.949	-2110.822	280.8733	1.079518	1.859886	0.687339	0.312661	3.668802
26928	-1820.236	-2098.663	278.4267	1.081668	2.866986	0.788063	0.211937	4.759497
26934	-1819.291	-2100.616	281.3256	1.451407	2.866986	0.909027	0.0909733	2.872769
26940	-1829.295	-2108.832	279.5374	1.259689	3.558658	0.853885	0.146115	3.872633
26946	-1823.444	-2103.285	279.8411	1.293607	2.757838	0.845732	0.154268	3.866934
26952	-1830.07	-2109.184	279.1145	1.025541	2.757838	0.87476	0.12524	4.432496
26958	-1825.251	-2105.36	280.1084	1.288701	2.757838	0.84976	0.15024	3.715829
26964	-1825.827	-2106.012	280.1853	1.214572	2.739917	0.827655	0.172345	3.718912
26970	-1820.214	-2100.061	279.8476	1.260679	3.770975	0.746541	0.253459	3.648904
26976	-1828.814	-2109.244	280.43	1.241593	2.425611	0.625528	0.374472	3.648904
26982	-1825.49	-2106.788	281.2985	1.236251	3.312449	0.868019	0.131981	2.907319
26988	-1811.114	-2092.397	281.2831	1.236251	3.352123	0.834593	0.165407	2.907319
26994	-1819.84	-2100.314	280.4739	1.269632	3.352123	0.820118	0.179882	3.368869
27000	-1817.188	-2096.465	279.2777	1.104713	2.603777	0.957847	0.0421534	4.336148
27006	-1819.867	-2099.823	279.9559	1.255434	3.68626	0.809554	0.190446	3.606626
27012	-1826.747	-2104.946	278.1984	1.177733	3.256318	0.867989	0.132011	4.742375
27018	-1821.503	-2103.462	281.9596	1.334729	2.733271	0.934083	0.0659174	2.592871
27024	-1813.314	-2095.351	282.0372	1.364468	2.50679	0.873751	0.126249	2.592871
27030	-1825.958	-2108.18	282.2225	1.434029	2.052297	0.915092	0.0849077	2.584293
27036	-1830.903	-2112.04	281.1362	1.39377	2.818657	0.937851	0.0621487	3.034344
27042	-1826.268	-2107.458	281.1892	1.262185	2.818657	0.937108	0.0628921	3.08135
27048	-1818.242	-2099.621	281.379	1.262185	2.41858	0.816695	0.183305	3.08135
27054	-1835.325	-2114.92	279.5947	1.331079	2.41858	0.963799	0.036201	4.079326
27060	-1826.481	-2107.084	280.6032	1.208118	2.41858	0.782072	0.217928	3.569865
27066	-1831.375	-2113.522	282.1464	1.208118	2.176787	0.679401	0.320599	2.72725
27072	-1825.86	-2106.706	280.846	1.367089	2.778155	0.920286	0.0797139	3.233723
27078	-1825.739	-2103.987	278.2483	1.159164	2.639474	0.928625	0.0713755	4.873634
27084	-1827.089	-2105.489	278.4001	1.052722	3.269162	0.868357	0.131643	4.696632
27090	-1827.609	-2105.739	278.1301	1.14901	3.269162	0.838378	0.161622	4.793718
27096	-1832.061	-2111.434	279.3726	1.280932	3.785833	0.863304	0.136696	3.907937
27102	-1833.519	-2114.756	281.2376	1.439699	3.531048	0.713832	0.286168	2.770121
27108	-1818.853	-2101.094	282.2411	1.587357	2.641472	0.887914	0.112086	2.283624
27114	-1820.335	-2102.724	282.3891	1.587357	2.59098	0.778154	0.221846	2.203798
27120	-1833.912	-2114.622	280.7098	1.325337	3.051781	0.919531	0.0804693	3.268553
27126	-1827.846	-2108.191	280.3459	1.349087	3.051781	0.841578	0.158422	3.468287
27132	-1832.005	-2112.288	280.2826	1.209441	2.681912	0.912246	0.0877544	3.68111
27138	-1823.136	-2103.964	280.8279	1.268523	2.681912	0.798527	0.201473	3.328571
27144	-1809.198	-2089.394	280.1963	1.273022	2.160317	0.77536	0.22464	3.846308
27150	-1807.226	-2089.068	281.8418	1.328562	2.738775	0.844822	0.155178	2.667847
27156	-1808.566	-2091.538	282.9716	1.395714	2.091618	0.904301	0.0956986	2.118253
27162	-1817.221	-2100.177	282.956	1.395714	2.091618	0.835739	0.164261	2.128411
27168	-1821.765	-2104.009	282.2438	1.395714	2.089986	0.822373	0.177627	2.581453
27174	-1820.497	-2103.34	282.843	1.461665	2.089986	0.945659	0.0543411	2.159714
27180	-1821.617	-2105.261	283.6436	1.730951	1.831185	0.894327	0.105673	1.529439
27186	-1814.751	-2098.495	283.7439	1.682915	1.749434	0.931045	0.0689545	1.529439
27192	-1825.927	-2109.473	283.5466	1.682915	2.17123	0.825256	0.174744	1.488516
27198	-1820.292	-2103.626	283.3335	1.682915	2.004804	0.843403	0.156597	1.712313
27204	-1817.868	-2096.034	278.1666	1.011393	2.276948	0.875135	0.124865	5.101668
27210	-1825.782	-2103.718	277.9359	1.120203	2.51651	0.825766	0.174234	5.101668
27216	-1823.115	-2102.16	279.0447	1.032282	3.375556	0.834194	0.165806	4.322198
27222	-1805.553	-2086.719	281.1663	1.400259	2.567072	0.76287	0.23713	3.082222
27228	-1816.146	-2096.887	280.7406	1.412629	3.548911	0.884308	0.115692	3.082222
27234	-1818.401	-2099.142	280.7406	1.20751	2.749928	0.918114	0.081886	3.397272
27240	-1823.399	-2103.594	280.1946	1.321749	2.595731	0.864916	0.135084	3.690508
27246	-1833.039	-2113.181	280.1426	1.174639	2.595731	0.805025	0.194975	3.805405
27252	-1830.28	-2110.036	279.7559	1.174639	2.595731	0.723184	0.276816	4.027055
27258	-1831.788	-2112.016	280.2281	1.175088	2.356505	0.747181	0.252819	3.824168
27264	-1837.332	-2117.33	279.998	1.175088	2.838082	0.963519	0.0364813	3.824168
27270	-1840.245	-2124.099	283.8542	1.881179	2.323346	0.976996	0.0230037	0.9919728
27276	-1824.987	-2108.797	283.8101	1.896746	2.323346	0.818986	0.181014	1.020349
27282	-1840.463	-2118.41	277.9468	1.093913	1.941579	0.869094	0.130906	5.282116
27288	-1827.181	-2107.071	279.8898	1.119862	2.174899	0.791786	0.208214	4.104584
27294	-1814.723	-2094.415	279.6927	1.119084	2.559679	0.921619	0.0783809	4.104584
27300	-1818.183	-2097.142	278.9586	0.9802902	2.668827	0.946174	0.053826	4.568696
27306	-1818.726	-2098.847	280.1211	1.05564	2.842317	0.84455	0.15545	3.820962
27312	-1829.182	-2108.669	279.4864	1.159447	3.492245	0.905711	0.0942888	3.973462
27318	-1818.358	-2099.233	280.8743	1.159447	1.723561	0.961267	0.0387333	3.672412
27324	-1819.826	-2099.927	280.1008	1.159447	2.079986	0.701633	0.298367	3.991907
27330	-1820.577	-2099.307	278.7307	0.9329941	2.521998	0.87004	0.12996	4.762082
27336	-1822.192	-2102.648	280.4564	1.315974	4.03755	0.872607	0.127393	3.206435
27342	-1818.574	-2100.639	282.0648	1.315974	2.309641	0.856238	0.143762	2.667404
27348	-1822.42	-2103.353	280.933	1.347256	4.66209	0.698585	0.301415	2.783474
27354	-1811.246	-2092.827	281.5804	1.227339	3.140891	0.878663	0.121337	2.783474
27360	-1833.511	-2113.533	280.0226	1.193812	4.554221	0.808597	0.191403	3.437027
27366	-1821.654	-2102.528	280.8739	1.307061	3.572436	0.826787	0.173213	3.060472
27372	-1812.851	-2094.084	281.2334	1.387323	2.530339	0.844379	0.155621	3.060472
27378	-1804.403	-2085.333	280.9298	1.386875	3.21957	0.810119	0.189881	3.060472
27384	-1825.219	-2106.903	281.6833	1.570686	3.697799	0.822189	0.177811	2.374162
27390	-1823.891	-2103.806	279.9149	1.149271	2.864922	0.931365	0.0686347	3.879886
27396	-1811.565	-2090.91	279.3453	1.443703	2.828558	0.906776	0.0932238	4.04659
27402	-1815.514	-2095.993	280.4785	1.239229	2.889236	0.815561	0.184439	3.495626
27408	-1828.889	-2108.612	279.7225	1.239229	4.129817	0.598525	0.401475	3.663074
27414	-1822.783	-2104.467	281.6833	1.525118	2.909708	0.885006	0.114994	2.597291
27420	-1830.359	-2111.921	281.562	1.525118	2.909708	0.822507	0.177493	2.672181
27426	-1836.516	-2117.482	280.9653	1.48688	4.013685	0.759234	0.240766	2.803354
27432	-1846.027	-2128.531	282.5045	1.28855	1.744767	0.859998	0.140002	2.616285
27438	-1842.199	-2123.723	281.5243	1.28855	3.636761	0.888498	0.111502	2.663228
27444	-1822.653	-2102.303	279.6502	1.28855	4.152546	0.727371	0.272629	3.672041
27450	-1820.017	-2100.295	280.278	1.019377	2.423022	0.904463	0.0955369	3.865519
27456	-1824.766	-2103	278.2343	1.300284	2.728617	0.895832	0.104168	4.779591
27462	-1832.684	-2113.669	280.9858	1.308926	2.728617	0.750496	0.249504	3.198743
27468	-1848.413	-2128.862	280.4487	1.232065	3.124901	0.859511	0.140489	3.458833
27474	-1846.589	-2127.955	281.3662	1.264224	3.23928	0.828944	0.171056	2.867024
27480	-1831.614	-2113.407	281.7937	1.27132	3.23928	0.755786	0.244214	2.601036
27486	-1831.661	-2112.303	280.6425	1.209472	3.935441	0.950343	0.0496571	3.17968
27492	-1834.964	-2116.369	281.4047	1.400055	2.578837	0.806527	0.193473	2.936002
27498	-1825.022	-2106.057	281.0351	1.311899	2.578837	0.813594	0.186406	3.209384
27504	-1827.914	-2109.153	281.2384	1.480636	3.446809	0.942641	0.0573586	2.763976
27510	-1817.728	-2099.127	281.3987	1.318026	2.364202	0.851455	0.148545	3.052774
27516	-1818.417	-2099.801	281.3841	1.316682	1.62516	0.951214	0.0487859	3.321966
27522	-1825.73	-2106.987	281.2574	1.303017	2.807882	0.870861	0.129139	3.019017
27528	-1829.329	-2110.364	281.0352	1.445169	2.723921	0.839095	0.160905	3.089621
27534	-1824.3	-2104.373	280.0731	1.325945	2.541568	0.946658	0.0533416	3.773263
27540	-1823.945	-2103.965	280.0197	1.200456	2.932207	0.939967	0.0600326	3.773263
27546	-1817.596	-2098.896	281.3006	1.296166	1.818555	0.848723	0.151277	3.308034
27552	-1824.963	-2105.106	280.1425	1.325573	4.626345	0.704449	0.295551	3.276434
27558	-1817.265	-2097.951	280.6865	1.234528	3.091909	0.865822	0.134178	3.325952
27564	-1808.367	-2089.322	280.9552	1.440483	3.630983	0.754132	0.245868	2.918635
27570	-1813.259	-2093.746	280.4872	1.402038	3.355277	0.890344	0.109656	3.282416
27576	-1818.508	-2098.965	280.4579	1.388902	2.77378	0.809279	0.190721	3.450279
27582	-1818.929	-2100.883	281.9536	1.349366	3.444364	0.749549	0.250451	2.402358
27588	-1804.403	-2086.28	281.877	1.638555	3.444364	0.809051	0.190949	2.267138
27594	-1814.862	-2097.432	282.5697	1.596079	2.190816	0.882953	0.117047	2.21338
27600	-1825.759	-2106.477	280.718	1.267262	3.356861	0.964515	0.035485	3.225329
27606	-1813.326	-2094.158	280.8317	1.330057	2.926111	0.902919	0.0970811	3.225329
27612	-1807.109	-2086.653	279.5438	1.136698	3.071134	0.885635	0.114365	4.048827
27618	-1813.819	-2092.142	278.3232	1.105763	1.977041	0.612456	0.387544	5.055539
27624	-1818.255	-2095.929	277.6747	1.050429	3.485413	0.794321	0.205679	5.055539
27630	-1835.021	-2113.446	278.4246	1.074852	1.860672	0.816861	0.183139	5.055539
27636	-1830.756	-2110.944	280.1883	1.217754	2.366351	0.892225	0.107775	3.819588
27642	-1827.857	-2107.213	279.3556	1.210066	2.931816	0.878286	0.121714	4.147978
27648	-1839.627	-2120.139	280.5121	1.535062	3.330476	0.832952	0.167048	3.194749
27654	-1826.647	-2107.724	281.0777	1.531176	3.232222	0.72543	0.27457	2.881744
27660	-1820.493	-2101.21	280.7173	1.386432	4.125396	0.809743	0.190257	2.991538
27666	-1822.506	-2102.918	280.412	1.386432	4.125396	0.8446	0.1554	3.173715
27672	-1818.459	-2099.822	281.3627	1.590536	3.168877	0.873864	0.126136	2.687425
27678	-1830.635	-2112.18	281.5453	1.383394	3.168877	0.845264	0.154736	2.702483
27684	-1821.774	-2100.76	278.9854	1.317424	2.691595	0.9873	0.0126999	4.357823
27690	-1816.764	-2096.876	280.112	1.27831	4.759236	0.731059	0.268941	3.299118
27696	-1812.804	-2093.621	280.817	1.434463	3.674869	0.87919	0.12081	2.995829
27702	-1811.042	-2091.811	280.7694	1.482141	3.674869	0.821182	0.178818	2.995829
27708	-1810.918	-2091.927	281.0084	1.367641	3.674869	0.874536	0.125464	2.920873
27714	-1815.476	-2095.092	279.6163	1.267307	4.386782	0.953008	0.0469919	3.660683
27720	-1822.676	-2102.607	279.9316	1.242569	3.533003	0.654968	0.345032	3.660683
27726	-1815.019	-2097.037	282.0185	1.242569	3.078138	0.751722	0.248278	2.520004
27732	-1804.916	-2086.47	281.554	1.416881	4.178822	0.764309	0.235691	2.449193
27738	-1821.448	-2103.655	282.2072	1.403276	2.628855	0.881911	0.118089	2.425742
27744	-1827.002	-2109.221	282.2182	1.688116	2.628855	0.880508	0.119492	2.237421
27750	-1818.423	-2101.156	282.7333	1.480268	2.628855	0.893546	0.106454	2.03684
27756	-1830.647	-2113.286	282.6393	1.480268	2.630366	0.888451	0.111549	2.098374
27762	-1849.311	-2130.065	280.7534	1.226554	3.234379	0.920621	0.0793791	3.256993
27768	-1844.898	-2125.318	280.4203	1.507187	3.367764	0.804272	0.195728	3.256993
27774	-1829.658	-2110.31	280.6516	1.174369	3.07417	0.953546	0.0464538	3.386134
27780	-1822.727	-2102.618	279.891	1.049828	2.301628	0.968393	0.0316068	4.105061
27786	-1837.625	-2116.771	279.146	1.269731	4.166004	0.928215	0.0717849	3.970433
27792	-1827.752	-2107.44	279.6884	1.107694	3.544488	0.944256	0.0557444	3.876188
27798	-1825.868	-2106.197	280.3293	1.29044	4.26519	0.809948	0.190052	3.252753
27804	-1819.233	-2101.135	281.9024	1.29044	2.836247	0.971833	0.0281674	2.626919
27810	-1836.122	-2118.695	282.5732	1.489919	2.193876	0.96961	0.0303904	2.278378
27816	-1822.134	-2104.138	282.0039	1.397202	2.049735	0.961674	0.0383264	2.742447
27822	-1820.028	-2101.969	281.9409	1.397202	2.624996	0.896661	0.103339	2.596985
27828	-1828.394	-2109.146	280.7515	1.180325	3.69566	0.870897	0.129103	3.182077
27834	-1827.236	-2107.72	280.4843	1.24694	2.815039	0.881642	0.118358	3.506902
27840	-1822.48	-2104.655	282.175	1.455744	3.007257	0.862988	0.137012	2.305597
27846	-1820.797	-2102.996	282.1999	1.683608	3.846639	0.975488	0.0245115	1.929421
27852	-1819.544	-2101.969	282.4246	1.590747	3.482263	0.719793	0.280207	1.929421
27858	-1812.203	-2094.826	282.6239	1.682942	2.467465	0.84965	0.15035	2.026838
27864	-1830.534	-2111.723	281.1887	1.754104	5.535515	0.927147	0.0728534	2.217889
27870	-1830.386	-2112.773	282.3872	1.566392	2.593239	0.820897	0.179103	2.217889
27876	-1822.175	-2103.508	281.3328	1.46657	3.295764	0.821679	0.178321	2.750615
27882	-1817.847	-2098.963	281.116	1.425245	4.006094	0.958322	0.0416776	2.750615
27888	-1817.677	-2101.09	283.4131	1.425245	1.728832	0.960269	0.0397314	1.952536
27894	-1821.332	-2103.178	281.8458	1.330663	2.091749	0.860617	0.139383	2.864533
27900	-1822.258	-2104.189	281.9316	1.440033	2.712797	0.906995	0.093005	2.550719
27906	-1811.176	-2093.481	282.3051	1.440033	3.017141	0.743999	0.256001	2.229562
27912	-1824.127	-2106.363	282.2361	1.555753	3.038374	0.960936	0.0390642	2.193578
27918	-1819.927	-2101.954	282.0275	1.43375	3.060088	0.926666	0.0733338	2.39912
27924	-1812.109	-2092.62	280.5106	1.143804	3.060088	0.822629	0.177371	3.489949
27930	-1827.039	-2107.59	280.5504	1.158846	2.931081	0.840262	0.159738	3.489949
27936	-1827.614	-2108.257	280.643	1.16746	1.901704	0.898452	0.101548	3.736202
27942	-1828.248	-2108.482	280.2333	1.28151	3.34694	0.80713	0.19287	3.503867
27948	-1819.383	-2099.659	280.2752	1.335015	3.154098	0.862498	0.137502	3.493048
27954	-1825.162	-2104.678	279.5165	1.186144	2.950849	0.966777	0.0332231	4.065293
27960	-1820.913	-2100.908	279.9951	0.9386567	2.681843	0.915543	0.0844567	4.002062
27966	-1812.417	-2093.162	280.7444	1.304183	3.885804	0.862642	0.137358	3.072771
27972	-1816.131	-2097.627	281.4957	1.330952	2.097921	0.831943	0.168057	3.072771
27978	-1819.906	-2099.467	279.5611	0.9632703	2.283395	0.812317	0.187683	4.346653
27984	-1815.75	-2095.971	280.2205	1.133731	2.283395	0.83696	0.16304	3.874216
27990	-1831.197	-2112.031	280.8339	1.133731	3.138766	0.816527	0.183473	3.28707
27996	-1838.162	-2119.006	280.8442	1.241187	3.021084	0.838461	0.161539	3.246512
28002	-1835.787	-2115.567	279.7806	1.32244	3.484719	0.844844	0.155156	3.712285
28008	-1839.948	-2119.816	279.8684	1.32091	3.74483	0.954538	0.0454625	3.607241
28014	-1827.588	-2107.916	280.3279	1.223388	3.181068	0.796957	0.203043	3.52101
28020	-1821.142	-2100.911	279.7695	1.168286	4.097275	0.812354	0.187646	3.683093
28026	-1806.875	-2086.636	279.7612	1.137929	3.802511	0.633425	0.366575	3.763336
28032	-1818.071	-2097.976	279.9049	1.235616	3.163121	0.908874	0.091126	3.763336
28038	-1822.483	-2102.921	280.4377	1.155869	3.420794	0.86451	0.13549	3.441271
28044	-1838.901	-2118.716	279.8153	1.3272	2.224228	0.838706	0.161294	4.013538
28050	-1835.379	-2113.446	278.0674	1.099691	3.77659	0.76004	0.23996	4.750372
28056	-1848.915	-2129.465	280.5493	1.297158	4.883626	0.76104	0.23896	3.006669
28062	-1840.311	-2122.501	282.1898	1.640634	6.074532	0.934191	0.0658095	1.51742
28068	-1825.81	-2107.538	281.7286	1.640634	6.074532	0.723523	0.276477	1.846039
28074	-1818.664	-2100.159	281.495	1.531593	5.284861	0.893742	0.106258	2.206336
28080	-1815.529	-2096.753	281.2239	1.532513	2.427562	0.836346	0.163654	3.009725
28086	-1819.954	-2101.001	281.0472	1.401047	3.104569	0.792858	0.207142	3.009725
28092	-1802.733	-2081.768	279.0349	1.029746	3.104569	0.711172	0.288828	4.390323
28098	-1813.779	-2093.198	279.4187	1.36227	3.104569	0.836486	0.163514	3.98356
28104	-1819.991	-2099.707	279.7163	1.064624	3.104569	0.755112	0.244888	3.98356
28110	-1836.134	-2116.983	280.8489	1.16222	2.28755	0.882767	0.117233	3.492848
28116	-1830.432	-2112.05	281.6182	1.400808	2.66007	0.884757	0.115243	2.782808
28122	-1830.915	-2112.484	281.5688	1.248667	2.588507	0.933457	0.0665428	2.925538
28128	-1826.28	-2106.175	279.895	0.9820664	1.70484	0.915273	0.0847268	4.340546
28134	-1829.412	-2108.791	279.3789	1.058632	2.474343	0.914017	0.0859827	4.340546
28140	-1827.3	-2106.721	279.421	1.058632	2.474343	0.817342	0.182658	4.316759
28146	-1831.666	-2113.454	281.7886	1.396885	2.474343	0.900428	0.0995716	2.735768
28152	-1831.272	-2112.768	281.4963	1.450708	2.474343	0.824988	0.175012	2.880865
28158	-1821.01	-2100.425	279.4156	1.284832	3.238492	0.91826	0.0817402	3.998471
28164	-1813.72	-2093.609	279.8895	1.241512	3.238492	0.897738	0.102262	3.751264
28170	-1818.069	-2097.524	279.4551	1.304609	3.27476	0.842042	0.157958	3.956323
28176	-1824.505	-2105.447	280.9414	1.28651	2.440124	0.905315	0.0946851	3.319834
28182	-1813.85	-2094.709	280.8592	1.499856	2.50221	0.945346	0.0546538	3.224229
28188	-1811.712	-2091.853	280.1408	1.499856	4.351215	0.891843	0.108157	3.224229
28194	-1814.407	-2096.678	282.2704	1.848411	4.351215	0.782701	0.217299	1.650339
28200	-1823.397	-2105.652	282.2553	1.753599	4.052638	0.701276	0.298724	1.795787
28206	-1839.329	-2121.595	282.2656	1.753599	2.780637	0.889462	0.110538	2.118682
28212	-1816.755	-2098.814	282.0594	1.753599	3.268442	0.902556	0.097444	2.118682
28218	-1816.733	-2097.788	281.0555	1.767356	4.641664	0.831847	0.168153	2.451758
28224	-1814.61	-2095.324	280.7134	1.502723	4.641664	0.772767	0.227233	2.826177
28230	-1826.201	-2102.65	276.4493	1.087449	2.539453	0.876211	0.123789	5.931066
28236	-1825.754	-2104.705	278.9508	1.062191	3.189475	0.928283	0.0717167	4.399879
28242	-1817.445	-2097.483	280.038	1.239155	2.734751	0.880487	0.119513	3.791044
28248	-1824.237	-2105.138	280.9008	1.500855	2.473172	0.803088	0.196912	3.207498
28254	-1834.33	-2115.181	280.8503	1.500855	2.473172	0.827708	0.172292	3.237436
28260	-1825.152	-2107.575	282.4235	1.497662	2.466586	0.937613	0.062387	2.278379
28266	-1815.894	-2097.458	281.5639	1.622579	4.068912	0.790207	0.209793	2.335715
28272	-1817.191	-2099.501	282.31	1.622579	2.818959	0.994014	0.00598561	2.163986
28278	-1840.499	-2122.635	282.1363	1.724354	3.374078	0.959081	0.0409192	2.060193
28284	-1821.829	-2103.535	281.7064	1.481919	3.688341	0.870801	0.129199	2.417817
28290	-1813.233	-2094.656	281.4225	1.399142	3.038141	0.833354	0.166646	2.800927
28296	-1819.648	-2099.842	280.1937	1.263149	3.008414	0.807517	0.192483	3.617517
28302	-1818.128	-2098.353	280.2252	1.231746	3.008414	0.946977	0.0530227	3.617517
28308	-1822.65	-2102.868	280.2178	1.239101	3.008414	0.954036	0.0459644	3.617517
28314	-1824.851	-2106.026	281.1747	1.239101	2.946072	0.865482	0.134518	3.070429
28320	-1824.774	-2105.545	280.7705	1.309803	2.950203	0.913578	0.0864221	3.267369
28326	-1825.498	-2106.719	281.2209	1.481771	2.950203	0.92372	0.0762799	2.895796
28332	-1835.678	-2117.262	281.5839	1.503541	2.457604	0.855028	0.144972	2.800698
28338	-1833.269	-2115.189	281.9198	1.458961	3.275259	0.819907	0.180093	2.395921
28344	-1819.616	-2100.601	280.9854	1.375251	3.122278	0.975852	0.0241482	3.057847
28350	-1828.777	-2110.017	281.2402	1.134752	2.552442	0.893041	0.106959	3.200347
28356	-1824.198	-2104.569	280.3713	1.228456	2.918852	0.842506	0.157494	3.556825
28362	-1827.316	-2107.451	280.1344	1.199655	4.59813	0.782976	0.217024	3.360295
28368	-1831.413	-2111.436	280.0228	1.265291	3.399501	0.789126	0.210874	3.623939
28374	-1823.905	-2105.519	281.6146	1.388471	2.201182	0.839393	0.160607	2.932595
28380	-1828.418	-2109.532	281.1139	1.461457	2.870003	0.682766	0.317234	2.993507
28386	-1830.15	-2111.559	281.4086	1.333646	2.870003	0.939374	0.0606256	2.892988
28392	-1825.204	-2106.117	280.913	1.370699	3.736036	0.911226	0.088774	2.963313
28398	-1816.372	-2096.992	280.6195	1.134723	2.886819	0.852908	0.147092	3.474926
28404	-1863.279	-2143.975	280.6962	1.334626	3.09256	0.844422	0.155578	3.261063
28410	-1841.291	-2122.238	280.9471	1.343765	3.148248	0.787805	0.212195	3.09316
28416	-1844.601	-2126.106	281.505	1.435551	3.540262	0.822979	0.177021	2.606273
28422	-1829.57	-2110.275	280.7052	1.435551	2.94221	0.888793	0.111207	3.233661
28428	-1829.377	-2111.969	282.5915	1.708752	3.502172	0.95442	0.0455797	1.728099
28434	-1830.911	-2113.993	283.0826	1.758003	3.263638	0.803174	0.196826	1.397941
28440	-1818.189	-2100.961	282.7717	1.758003	3.797433	0.905975	0.0940252	1.483533
28446	-1818.269	-2101.425	283.1558	1.695798	2.321575	0.844103	0.155897	1.70514
28452	-1834.524	-2117.759	283.2349	1.580259	2.343986	0.898118	0.101882	1.722683
28458	-1828.842	-2112.572	283.7306	1.557751	1.770299	0.91909	0.0809098	1.621
28464	-1830.402	-2114.098	283.696	1.719226	2.296017	0.858946	0.141054	1.29086
28470	-1826.583	-2109.765	283.1824	1.473645	2.272477	0.935239	0.0647614	1.859055
28476	-1829.016	-2110.659	281.6429	1.250725	1.954805	0.837037	0.162963	3.082408
28482	-1829.518	-2110.032	280.5137	1.250725	2.877861	0.843701	0.156299	3.471265
28488	-1833.414	-2115.785	282.3703	1.438427	3.352808	0.87152	0.12848	2.099756
28494	-1838.371	-2119.385	281.0136	1.399066	3.098425	0.763752	0.236248	3.032592
28500	-1829.098	-2110.268	281.1697	1.741055	2.471192	0.890142	0.109858	2.903683
28506	-1824.498	-2105.585	281.0876	1.456756	3.303373	0.864425	0.135575	2.903683
28512	-1842.007	-2122.614	280.6074	1.287614	3.303373	0.91123	0.0887701	3.290937
28518	-1819.946	-2101.115	281.1691	1.237944	2.191425	0.92785	0.0721497	3.290937
28524	-1818.159	-2097.501	279.3417	1.211148	1.942424	0.780345	0.219655	4.438851
28530	-1820.332	-2100.164	279.8319	1.211148	3.365708	0.781025	0.218975	3.773137
28536	-1828.583	-2106.711	278.1277	1.168517	3.156494	0.844986	0.155014	4.809468
28542	-1838.227	-2115.508	277.2809	1.046632	3.500562	0.940069	0.0599306	5.272522
28548	-1837.275	-2116.848	279.5729	1.001856	2.434471	0.920342	0.0796576	4.27416
28554	-1817.1	-2097.884	280.7846	1.268556	3.406521	0.857443	0.142557	3.173752
28560	-1820.131	-2100.316	280.1845	1.16032	3.406521	0.663959	0.336041	3.589456
28566	-1811.194	-2091.674	280.4808	1.266148	3.406521	0.857901	0.142099	3.35457
28572	-1822.289	-2103.537	281.248	1.336184	3.590182	0.710404	0.289596	2.813522
28578	-1818.197	-2099.291	281.0935	1.226299	3.151475	0.673129	0.326871	3.07505
28584	-1805.799	-2086.287	280.4879	1.385846	3.616177	0.891394	0.108606	3.233513
28590	-1821.737	-2102.975	281.2381	1.251408	3.616177	0.792508	0.207492	2.865211
28596	-1830.809	-2111.299	280.4902	1.259045	4.154394	0.777811	0.222189	3.197301
28602	-1819.579	-2098.526	278.9471	1.266633	3.193958	0.880653	0.119347	4.285446
28608	-1814.147	-2094.396	280.249	1.081369	2.904724	0.855166	0.144834	3.71658
28614	-1812.943	-2092.618	279.6755	1.373206	4.961848	0.843772	0.156228	3.465394
28620	-1811.939	-2092.253	280.3142	1.303588	3.252859	0.91025	0.0897503	3.465394
28626	-1811.096	-2092.398	281.3015	1.32776	3.544642	0.905418	0.0945815	2.796324
28632	-1819.186	-2097.825	278.6395	1.154969	4.04614	0.925057	0.0749431	4.346014
28638	-1819.553	-2100.509	280.9568	1.155923	3.245032	0.804	0.196	3.175857
28644	-1807.015	-2087.458	280.4426	1.368958	3.245032	0.874732	0.125268	3.353694
28650	-1806.865	-2088.365	281.5001	1.532899	4.305173	0.96377	0.0362297	2.384474
28656	-1799.534	-2080.39	280.8563	1.435123	3.849047	0.938157	0.0618427	2.934761
28662	-1793.828	-2074.11	280.2816	1.254241	2.561486	0.864027	0.135973	3.688732
28668	-1805.622	-2084.226	278.6035	1.188345	2.855161	0.828774	0.171226	4.60377
28674	-1812.63	-2092.568	279.9386	1.051541	2.64829	0.907415	0.0925851	3.978787
28680	-1795.23	-2075.787	280.5567	1.16967	2.434522	0.916414	0.083586	3.614561
28686	-1821.507	-2100.238	278.7309	1.087326	2.434522	0.895282	0.104718	4.699926
28692	-1817.467	-2096.816	279.3495	1.110833	2.434522	0.92606	0.0739402	4.338884
28698	-1816.589	-2096.648	280.059	1.166867	3.442204	0.924	0.0760004	3.650523
28704	-1820.095	-2098.509	278.4139	1.111784	3.805854	0.862986	0.137014	4.543684
28710	-1828.083	-2107.042	278.9588	1.196603	3.167934	0.802602	0.197398	4.324391
28716	-1833.038	-2112.956	279.9177	1.233083	3.415261	0.833974	0.166026	3.699964
28722	-1841.004	-2121.571	280.5663	1.319272	3.225049	0.844438	0.155562	3.31482
28728	-1832.276	-2112.569	280.2935	1.50105	3.458764	0.823532	0.176468	3.31482
28734	-1825.609	-2105.696	280.0866	1.099194	3.566086	0.834831	0.165169	3.646885
28740	-1821.377	-2099.725	278.3485	1.235924	3.872841	0.957279	0.0427213	4.497606
28746	-1817.507	-2098.382	280.875	1.095269	2.480415	0.913829	0.0861713	3.459205
28752	-1807.323	-2087.379	280.0556	1.066886	2.766429	0.867398	0.132602	3.871682
28758	-1808.096	-2089.579	281.4836	1.265928	2.024772	0.921479	0.0785206	3.143729
28764	-1812.727	-2092.708	279.9812	1.10355	3.182552	0.834488	0.165512	3.790901
28770	-1815.624	-2094.842	279.2175	1.279102	3.170959	0.699139	0.300861	4.130185
28776	-1803.003	-2084.605	281.6023	1.215445	2.88545	0.92161	0.0783901	2.843185
28782	-1820.392	-2099.868	279.476	1.187964	2.58387	0.914222	0.0857784	4.182061
28788	-1832.284	-2111.569	279.2847	1.037521	3.380876	0.653491	0.346509	4.182061
28794	-1819.708	-2099.262	279.5541	1.21902	3.178702	0.788785	0.211215	3.970694
28800	-1826.414	-2105.845	279.4314	1.265334	3.371538	0.812477	0.187523	3.970694
28806	-1824.109	-2105.921	281.8126	1.374899	3.441756	0.892774	0.107226	2.475654
28812	-1834.51	-2116.237	281.7273	1.390921	2.443862	0.848446	0.151554	2.786141
28818	-1844.086	-2125.415	281.3281	1.374186	2.377328	0.777357	0.222643	3.057387
28824	-1827.015	-2108.093	281.0785	1.297744	2.239218	0.778832	0.221168	3.293833
28830	-1852.722	-2134.525	281.8038	1.697872	3.517864	0.86737	0.13263	2.258235
28836	-1843.484	-2125.872	282.3877	1.781312	4.861054	0.88012	0.11988	1.501385
28842	-1826.544	-2110.199	283.6548	1.842937	2.590591	0.836486	0.163514	1.092269
28848	-1819.556	-2102.285	282.7285	1.647551	2.473089	0.853895	0.146105	1.978837
28854	-1814.863	-2096.168	281.3045	1.439165	3.591169	0.583738	0.416262	2.715947
28860	-1815.959	-2097.172	281.2132	1.473543	3.748819	0.642403	0.357597	2.715947
28866	-1821.997	-2103.206	281.2084	1.538741	4.686326	0.80801	0.19199	2.490898
28872	-1828.715	-2110.059	281.3447	1.675743	4.686326	0.71928	0.28072	2.31835
28878	-1824.521	-2106.417	281.8959	1.648191	3.792119	0.767006	0.232994	2.166642
28884	-1820.606	-2102.911	282.3044	1.483577	3.740654	0.773443	0.226557	2.018346
28890	-1818.758	-2101.401	282.6428	1.631209	2.733309	0.95593	0.0440705	1.964165
28896	-1811.952	-2093.173	281.2215	1.234774	3.142033	0.813901	0.186099	2.995676
28902	-1815.238	-2096.193	280.9546	1.265279	3.764068	0.936224	0.0637756	2.995676
28908	-1813.062	-2094.757	281.6956	1.409591	2.315173	0.905224	0.0947758	2.834057
28914	-1801.897	-2084.118	282.2212	1.289924	2.389356	0.854601	0.145399	2.561387
28920	-1815.662	-2096.041	280.3787	1.229899	2.568453	0.765036	0.234964	3.644674
28926	-1838.474	-2119.012	280.5382	1.399754	2.724899	0.755179	0.244821	3.409978
28932	-1818.04	-2098.666	280.6256	1.284733	2.766913	0.86442	0.13558	3.414913
28938	-1825.429	-2106.758	281.3292	1.426457	4.09608	0.77355	0.22645	2.600324
28944	-1823.38	-2102.032	278.6524	1.190544	2.949459	0.809461	0.190539	4.551995
28950	-1835.123	-2115.042	279.9196	1.229909	5.108299	0.744364	0.255636	3.382497
28956	-1825.263	-2104.605	279.3421	1.140478	3.878772	0.844181	0.155819	3.987239
28962	-1824.912	-2105.028	280.1156	1.078192	4.486422	0.782036	0.217964	3.462309
28968	-1838.546	-2120.774	282.2272	1.487343	2.64431	0.714354	0.285646	2.355378
28974	-1826.12	-2107.326	281.206	1.546005	3.10564	0.876262	0.123738	2.826216
28980	-1834.808	-2113.692	278.8844	0.9376101	3.056632	0.751427	0.248573	4.538194
28986	-1840.639	-2119.58	278.9408	0.9020553	1.596159	0.916711	0.0832894	4.961569
28992	-1836.851	-2114.616	277.7655	0.9092823	3.018744	0.680046	0.319954	5.18654
28998	-1838.153	-2115.364	277.2112	1.220684	3.837083	0.889737	0.110263	5.147558
29004	-1821.014	-2099.988	278.9746	1.00875	3.837083	0.788206	0.211794	4.279471
29010	-1834.588	-2115.179	280.5916	1.151873	3.340661	0.789134	0.210866	3.371559
29016	-1832.531	-2113.147	280.6158	1.125299	3.340661	0.968671	0.0313286	3.372951
29022	-1813.324	-2095.331	282.0071	1.240121	2.990897	0.82359	0.17641	2.551501
29028	-1828.722	-2109.203	280.4813	1.271068	3.906225	0.82086	0.17914	3.244594
29034	-1826.751	-2106.603	279.8521	1.293938	3.63879	0.765126	0.234874	3.654467
29040	-1822.51	-2102.764	280.2541	1.272601	2.814761	0.804526	0.195474	3.625931
29046	-1822.087	-2102.384	280.297	1.229693	2.814761	0.90165	0.0983496	3.625931
29052	-1846.391	-2127.664	281.2725	1.489362	4.27744	0.893612	0.106388	2.559998
29058	-1827.742	-2109.351	281.6099	1.481321	3.497608	0.924458	0.0755419	2.5226
29064	-1837.891	-2119.04	281.1483	1.47607	3.497608	0.981905	0.0180948	2.809954
29070	-1828.051	-2109.663	281.612	1.55377	3.217763	0.794441	0.205559	2.543853
29076	-1832.013	-2114.151	282.1386	1.776632	3.217763	0.903805	0.0961948	2.064775
29082	-1826.858	-2109.163	282.3059	1.517064	3.537396	0.904514	0.0954864	2.044144
29088	-1821.991	-2102.136	280.1451	1.265723	2.925314	0.970453	0.0295471	3.664886
29094	-1861.489	-2139.517	278.0284	1.025259	3.379364	0.937602	0.0623984	4.895427
29100	-1828.907	-2108.417	279.5094	1.234102	3.276795	0.801927	0.198073	3.965127
29106	-1842.628	-2122.717	280.0894	1.233145	4.324243	0.863687	0.136313	3.416543
29112	-1838.365	-2118.298	279.9337	1.174329	2.172435	0.934513	0.0654873	4.049308
29118	-1806.789	-2086.79	280.0006	1.085911	2.211949	0.864542	0.135458	4.049308
29124	-1818.236	-2099.52	281.2839	1.335948	3.774762	0.906063	0.0939367	2.751242
29130	-1815.314	-2097.366	282.0514	1.365912	1.997058	0.829699	0.170301	2.751242
29136	-1815.364	-2096.321	280.9571	1.136566	1.997058	0.863856	0.136144	3.538956
29142	-1816.631	-2096.478	279.8469	1.048267	2.969666	0.937964	0.062036	3.950696
29148	-1810.827	-2089.527	278.7002	1.011976	2.792378	0.889377	0.110623	4.664102
29154	-1813.621	-2091.716	278.0948	1.193128	2.665163	0.900487	0.0995128	4.933489
29160	-1814.156	-2094.592	280.4356	1.349538	2.172566	0.851531	0.148469	3.660209
29166	-1825.283	-2107.065	281.782	1.4268	2.153914	0.934287	0.0657131	2.823774
29172	-1825.374	-2106.325	280.9517	1.254795	2.448605	0.866616	0.133384	3.329919
29178	-1822.507	-2103.067	280.5603	1.226648	3.105632	0.885576	0.114424	3.401326
29184	-1837.573	-2117.494	279.921	1.012919	3.872233	0.899545	0.100455	3.729266
29190	-1830.793	-2113.223	282.4306	1.493269	2.847848	0.832907	0.167093	2.161284
29196	-1834.151	-2116.108	281.9573	1.527108	2.847848	0.96196	0.0380401	2.442103
29202	-1837.958	-2120.454	282.4957	1.532805	2.847848	0.754554	0.245446	2.092885
29208	-1846.661	-2129.916	283.2546	1.548575	2.939392	0.903666	0.0963343	1.528379
29214	-1837.744	-2116.12	278.3754	1.072402	3.285072	0.917413	0.0825865	4.695959
29220	-1837.53	-2118.499	280.9681	1.317748	3.05861	0.766348	0.233652	3.118187
29226	-1827.881	-2108.479	280.5974	1.19832	3.203192	0.927509	0.0724907	3.372836
29232	-1834.302	-2117.264	282.9619	1.536105	1.741506	0.905448	0.094552	2.171769
29238	-1846.234	-2127.54	281.306	1.266402	2.540266	0.867655	0.132345	3.08644
29244	-1836.938	-2118.077	281.1393	1.20486	2.715846	0.753068	0.246932	3.172884
29250	-1832.411	-2113.391	280.9805	1.293669	2.311601	0.950994	0.0490057	3.331354
29256	-1849.258	-2127.997	278.7388	1.257928	4.886554	0.757692	0.242308	4.084224
29262	-1825.529	-2106.851	281.3223	1.257928	2.54022	0.926433	0.0735671	3.081793
29268	-1821.95	-2102.682	280.7323	1.095332	2.984867	0.97741	0.0225902	3.407195
29274	-1803.831	-2082.95	279.1192	0.992921	2.628064	0.892303	0.107697	4.482126
29280	-1803.501	-2083.495	279.9938	1.297449	3.098775	0.869005	0.130995	3.691561
29286	-1810.058	-2091.072	281.0134	1.198235	2.673295	0.833997	0.166003	3.263025
29292	-1802.128	-2082.246	280.1184	1.426086	3.665332	0.909654	0.0903462	3.416789
29298	-1811.749	-2093.445	281.696	1.477897	3.474319	0.949221	0.0507794	2.47639
29304	-1817.506	-2098.655	281.1485	1.267838	2.938833	0.919588	0.0804116	3.070748
29310	-1805.174	-2086.221	281.0475	1.25216	3.612998	0.903016	0.096984	2.980426
29316	-1804.534	-2086.019	281.4857	1.511564	3.438731	0.745066	0.254934	2.594807
29322	-1805.108	-2085.272	280.1645	1.436491	3.391325	0.722536	0.277464	3.443535
29328	-1794.125	-2074.893	280.7678	1.211956	2.515523	0.796762	0.203238	3.443535
29334	-1810.932	-2090.24	279.308	1.231105	2.954092	0.814231	0.185769	4.157584
29340	-1823.018	-2103.476	280.458	1.110124	1.880526	0.932275	0.0677248	3.883179
29346	-1833.786	-2114.45	280.6639	1.301092	2.343337	0.754035	0.245965	3.502749
29352	-1830.576	-2111.628	281.0516	1.303122	1.68017	0.896288	0.103712	3.502749
29358	-1818.508	-2099.478	280.97	1.343853	3.183608	0.866753	0.133247	3.070836
29364	-1808.954	-2089.268	280.3138	1.226279	3.183608	0.885591	0.114409	3.526959
29370	-1815.239	-2095.419	280.1802	1.359862	3.183608	0.780605	0.219395	3.526959
29376	-1816.991	-2098.152	281.1606	1.245334	2.981976	0.828459	0.171541	3.065924
29382	-1810.718	-2091.023	280.3051	1.268887	3.370061	0.692697	0.307303	3.464114
29388	-1829.989	-2110.398	280.4082	1.203182	3.015676	0.815359	0.184641	3.52593
29394	-1824.99	-2106.601	281.6115	1.450361	1.703646	0.846088	0.153912	3.076452
29400	-1825.972	-2107.733	281.7613	1.450361	3.640989	0.920438	0.0795624	2.413902
29406	-1817.837	-2098.504	280.6666	1.450361	3.843985	0.867014	0.132986	3.040583
29412	-1818.103	-2097.552	279.4485	1.075145	2.598457	0.793244	0.206756	4.257661
29418	-1807.451	-2086.989	279.538	1.171097	2.598457	0.861135	0.138865	4.152454
29424	-1814.817	-2094.426	279.6097	1.004846	1.80149	0.737975	0.262025	4.453144
29430	-1818.604	-2096.866	278.2613	1.038185	3.291063	0.77924	0.22076	4.777537
29436	-1813.589	-2092.26	278.6707	1.02627	3.780431	0.688366	0.311634	4.452377
29442	-1814.702	-2093.441	278.7393	1.033897	2.217461	0.938487	0.0615125	4.788239
29448	-1809.84	-2089.579	279.7382	1.078403	2.217461	0.90096	0.0990396	4.201141
29454	-1812.719	-2092.271	279.5514	1.129392	3.324592	0.941916	0.0580844	3.990264
29460	-1823.027	-2103.11	280.083	1.262897	4.576169	0.825059	0.174941	3.357204
29466	-1824.653	-2105.692	281.039	1.263613	2.811474	0.783405	0.216595	3.171785
29472	-1814.817	-2096.401	281.5842	1.387729	3.133791	0.790877	0.209123	2.684754
29478	-1820.914	-2103.637	282.7238	1.327287	1.888993	0.839265	0.160735	2.3981
29484	-1825.565	-2106.427	280.862	1.345705	4.367823	0.78683	0.21317	2.882006
29490	-1819.951	-2101.484	281.5331	1.391028	2.516987	0.673087	0.326913	2.882006
29496	-1811.376	-2093.893	282.517	1.536992	3.398919	0.786231	0.213769	1.924677
29502	-1820.911	-2103.415	282.5041	1.549962	3.398919	0.904726	0.0952743	1.924677
29508	-1830.998	-2113.212	282.2145	1.632608	3.697507	0.776585	0.223415	1.989242
29514	-1827.855	-2108.284	280.4289	1.165986	2.960379	0.845289	0.154711	3.549273
29520	-1845.672	-2124.901	279.2295	1.11947	2.8738	0.888715	0.111285	4.285252
29526	-1807.926	-2087.125	279.1994	1.161491	2.861126	0.88164	0.11836	4.28162
29532	-1820.005	-2101.967	281.9617	1.441257	2.7371	0.853057	0.146943	2.52429
29538	-1841.351	-2122.383	281.0316	1.234836	3.521045	0.86586	0.13414	3.020695
29544	-1844.537	-2125.778	281.2411	1.526441	3.610747	0.881479	0.118521	2.696884
29550	-1837.816	-2119.106	281.29	1.492912	3.715779	0.639452	0.360548	2.664075
29556	-1848.201	-2128.235	280.0343	1.454804	4.470735	0.637556	0.362444	3.291839
29562	-1850.751	-2128.756	278.0051	1.018408	3.363884	0.832177	0.167823	4.915512
29568	-1846.886	-2125.506	278.6199	1.096778	3.042014	0.932845	0.0671553	4.60073
29574	-1824.884	-2103.447	278.5628	1.099932	2.647666	0.845916	0.154084	4.729003
29580	-1830.144	-2111.292	281.1472	1.326281	1.880587	0.912401	0.0875988	3.357752
29586	-1827.147	-2108.29	281.1431	1.145003	1.880587	0.931778	0.0682224	3.466361
29592	-1828.101	-2108.538	280.437	1.254036	3.06235	0.836181	0.163819	3.468019
29598	-1829.701	-2110.852	281.1504	1.493808	3.401478	0.891	0.109	2.820114
29604	-1834.299	-2115.268	280.9687	1.472233	4.100887	0.903049	0.0969512	2.792519
29610	-1823.37	-2103.487	280.1169	1.197431	2.726482	0.789292	0.210708	3.771846
29616	-1814.093	-2094.376	280.2827	1.312057	3.165068	0.823223	0.176777	3.49949
29622	-1832.867	-2112.395	279.5288	1.257627	3.385298	0.781586	0.218414	3.916268
29628	-1823.101	-2103.093	279.9919	1.21264	3.385298	0.837791	0.162209	3.675502
29634	-1840.745	-2121.633	280.8883	1.255371	3.283418	0.950597	0.0494029	3.148456
29640	-1823.302	-2104.98	281.6786	1.280218	2.192336	0.871615	0.128385	2.962132
29646	-1828.016	-2110.668	282.6525	1.326086	1.553122	0.851041	0.148959	2.582423
29652	-1817.846	-2098.07	280.2246	1.333167	4.084158	0.885602	0.114398	3.323988
29658	-1831.91	-2113.74	281.8297	1.363228	3.178217	0.967635	0.0323651	2.536866
29664	-1824.434	-2106.993	282.5596	1.496299	1.851967	0.953161	0.0468385	2.409471
29670	-1804.748	-2086.179	281.431	1.446337	2.15364	0.927163	0.0728373	3.023808
29676	-1819.384	-2101.59	282.2056	1.283553	2.425684	0.785955	0.214045	2.563626
29682	-1819.794	-2101.138	281.3439	1.323293	2.407401	0.786603	0.213397	3.069184
29688	-1817.184	-2099.306	282.1229	1.404667	2.851636	0.86547	0.13453	2.413858
29694	-1820.991	-2101.504	280.5123	1.288958	2.851636	0.832789	0.167211	3.456508
29700	-1822.836	-2101.931	279.0948	1.094541	2.935384	0.840687	0.159313	4.36028
29706	-1818.657	-2098.146	279.4891	1.076908	2.935384	0.817454	0.182546	4.146887
29712	-1815.672	-2096.422	280.7502	1.270027	2.890051	0.908136	0.0918638	3.31815
29718	-1816.722	-2096.158	279.436	1.488178	3.127731	0.80775	0.19225	3.896091
29724	-1810.073	-2089.988	279.9147	1.038303	3.05801	0.846157	0.153843	3.896091
29730	-1823.355	-2103.357	280.0017	1.023589	3.0652	0.923878	0.0761216	3.852895
29736	-1825.098	-2103.907	278.8091	1.104428	2.700586	0.768301	0.231699	4.574689
29742	-1825.918	-2103.712	277.794	1.044633	2.917994	0.952439	0.0475614	5.119719
29748	-1819.796	-2099.743	279.9473	1.28556	2.978999	0.956651	0.0433489	3.754388
29754	-1826.932	-2107.958	281.0262	1.234856	2.637306	0.82632	0.17368	3.243791
29760	-1819.82	-2099.619	279.7985	1.234856	2.939651	0.885273	0.114727	3.878852
29766	-1829.11	-2109.712	280.6018	1.38523	2.855562	0.873391	0.126609	3.3466
29772	-1816.078	-2097.036	280.9576	1.407304	2.666136	0.757398	0.242602	3.174264
29778	-1834.778	-2116.453	281.6749	1.19206	2.435421	0.884604	0.115396	2.940902
29784	-1829.389	-2111.581	282.1923	1.384559	1.875424	0.840452	0.159548	2.698364
29790	-1810.802	-2092.958	282.156	1.33949	1.976197	0.971951	0.0280489	2.710931
29796	-1824.204	-2104.824	280.6195	1.420758	3.740761	0.825239	0.174761	3.108066
29802	-1815.487	-2096.504	281.0172	1.382203	3.740761	0.892954	0.107046	2.892534
29808	-1815.034	-2095.711	280.6761	1.266712	2.471423	0.794142	0.205858	3.477842
29814	-1828.887	-2109.179	280.2916	1.045714	2.288675	0.821106	0.178894	3.88231
29820	-1814.277	-2094.628	280.3511	1.252708	2.490282	0.982975	0.0170253	3.669506
29826	-1814.222	-2092.917	278.695	1.157043	4.010455	0.915444	0.0845561	4.320183
29832	-1807.871	-2087.631	279.7599	1.213646	3.583433	0.976895	0.0231049	3.765824
29838	-1829.19	-2110.395	281.2051	1.280811	3.397203	0.757511	0.242489	2.916985
29844	-1824.18	-2105.205	281.0253	1.460604	3.397203	0.831793	0.168207	2.916985
29850	-1819.832	-2100.395	280.5631	1.219435	3.397203	0.813854	0.186146	3.335738
29856	-1831.829	-2108.536	276.7079	0.9934117	4.208183	0.772183	0.227817	5.482103
29862	-1824.94	-2103.466	278.5251	1.067845	4.331085	0.808074	0.191926	4.407584
29868	-1821.585	-2100.715	279.1292	1.080462	2.21753	0.872915	0.127085	4.543829
29874	-1819.419	-2097.855	278.4362	1.07511	2.21753	0.876009	0.123991	4.93418
29880	-1825.905	-2104.906	279.0011	1.03211	1.598621	0.897671	0.102329	4.854644
29886	-1820.553	-2100.448	279.8954	1.281032	1.801665	0.924034	0.0759664	4.135123
29892	-1826.604	-2106.163	279.5596	1.286897	2.485512	0.885525	0.114475	4.105476
29898	-1830.097	-2109.194	279.0962	1.025581	4.345109	0.876447	0.123553	4.105476
29904	-1816.117	-2096.088	279.9709	1.023855	2.332524	0.854205	0.145795	4.06512
29910	-1821.601	-2102.341	280.7397	1.419469	2.405488	0.650963	0.349037	3.370538
29916	-1817.204	-2098.933	281.7281	1.309786	2.567578	0.820764	0.179236	2.798043
29922	-1820.606	-2100.65	280.0441	1.124193	3.084327	0.815846	0.184154	3.766028
29928	-1835.587	-2117.482	281.8957	1.210465	2.550537	0.955684	0.0443161	2.761466
29934	-1818.017	-2099.906	281.889	1.414973	3.650647	0.911648	0.0883517	2.353254
29940	-1821.82	-2103.427	281.6069	1.414973	3.85185	0.859354	0.140646	2.486077
29946	-1817.505	-2099.66	282.1557	1.328221	2.487717	0.848964	0.151036	2.5476
29952	-1826.648	-2108.467	281.8195	1.404621	2.250793	0.863828	0.136172	2.782428
29958	-1819.696	-2101.291	281.5957	1.217935	2.764196	0.859368	0.140632	2.878396
29964	-1819.152	-2099.842	280.6897	1.295415	3.327058	0.87214	0.12786	3.232279
29970	-1815.457	-2095.102	279.6458	1.131101	3.327058	0.874179	0.125821	3.9347
29976	-1804.542	-2085.975	281.4323	1.29042	3.027532	0.956732	0.043268	2.863724
29982	-1813.325	-2094.065	280.74	1.282835	3.220098	0.760187	0.239813	3.235048
29988	-1818.508	-2100.653	282.145	1.470821	1.90229	0.886774	0.113226	2.664305
29994	-1811.828	-2093.772	281.9444	1.470821	3.125688	0.813344	0.186656	2.410976
30000	-1801.553	-2083.955	282.4019	1.478645	1.83095	0.832132	0.167868	2.527727
30006	-1830.874	-2112.675	281.8004	1.675605	2.569463	0.976544	0.0234564	2.527727
30012	-1825.776	-2107.839	282.0633	1.674436	2.441773	0.936012	0.0639881	2.402879
30018	-1814.448	-2096.656	282.2081	1.464693	2.689473	0.937858	0.0621415	2.368505
30024	-1815.16	-2096.295	281.1355	1.464693	3.291227	0.857192	0.142808	2.872816
30030	-1823.622	-2103.9	280.2782	1.278911	3.291227	0.907839	0.0921612	3.491966
30036	-1833.507	-2113.469	279.9627	1.286814	2.93742	0.816198	0.183802	3.755066
30042	-1829.626	-2109.219	279.5924	1.169575	2.380404	0.914168	0.0858317	4.183569
30048	-1822.876	-2103.817	280.9405	1.305518	2.713582	0.711314	0.288686	3.231676
30054	-1823.702	-2099.795	276.093	1.136478	3.515195	0.729224	0.270776	5.872708
30060	-1821.939	-2101.776	279.8373	1.565738	3.92278	0.77152	0.22848	3.446616
30066	-1820.401	-2100.863	280.4613	1.417509	4.142209	0.613054	0.386946	3.122654
30072	-1822.549	-2103.75	281.2015	1.52189	3.339663	0.896379	0.103621	2.786472
30078	-1825.885	-2106.168	280.2828	1.392361	3.870862	0.871716	0.128284	3.297368
30084	-1829.212	-2110.417	281.2051	1.431606	2.758038	0.823563	0.176437	2.986751
30090	-1820.495	-2100.814	280.319	1.443575	4.881681	0.891571	0.108429	3.057185
30096	-1825.644	-2105.736	280.0919	1.151986	3.032321	0.760289	0.239711	3.734958
30102	-1833.025	-2114.425	281.4	1.479673	3.826833	0.858243	0.141757	2.580083
30108	-1811.803	-2091.525	279.7222	1.268325	3.826833	0.776612	0.223388	3.705666
30114	-1830.23	-2110.402	280.1716	1.464455	3.160477	0.892232	0.107768	3.476436
30120	-1820.342	-2100.821	280.4787	1.272742	2.88741	0.850274	0.149726	3.476436
30126	-1822.498	-2103.839	281.3406	1.489329	3.127247	0.900399	0.0996007	2.773362
30132	-1816.952	-2097.734	280.7819	1.40155	3.014826	0.846752	0.153248	3.190016
30138	-1822.861	-2104.396	281.5354	1.441623	2.62052	0.89039	0.10961	2.819735
30144	-1845.478	-2125.29	279.8123	1.461573	3.619779	0.718163	0.281837	3.584287
30150	-1851.495	-2131.755	280.2607	1.470182	4.492712	0.768525	0.231475	3.144726
30156	-1830.426	-2110.846	280.4198	1.350773	5.459409	0.74162	0.25838	2.957825
30162	-1832.043	-2110.344	278.3003	1.2262	4.569621	0.872693	0.127307	4.403548
30168	-1835.192	-2115.593	280.4016	1.506305	4.011941	0.894331	0.105669	3.131083
30174	-1840.458	-2121.095	280.6365	1.506305	4.011941	0.912033	0.0879666	2.990703
30180	-1829.834	-2111.585	281.7508	1.698777	3.506109	0.683616	0.316384	2.294442
30186	-1837.021	-2118.554	281.533	1.559222	3.506109	0.76309	0.23691	2.520009
30192	-1823.857	-2104.286	280.4296	1.163487	2.612024	0.91183	0.0881702	3.641596
30198	-1822.244	-2103.508	281.2634	1.163487	2.611456	0.96444	0.0355604	3.152755
30204	-1830.186	-2110.166	279.9801	1.379044	4.667402	0.885305	0.114695	3.333405
30210	-1816.821	-2097.619	280.797	1.419989	3.255634	0.8445	0.1555	3.111347
30216	-1821.603	-2102.383	280.7793	1.30612	3.255634	0.959307	0.0406929	3.189574
30222	-1826.509	-2107.722	281.2133	1.369771	2.839926	0.824971	0.175029	2.996868
30228	-1822.582	-2102.562	279.9803	1.277425	2.616293	0.923036	0.0769644	3.833985
30234	-1827.252	-2106.321	279.0692	1.131115	3.658866	0.743596	0.256404	4.192339
30240	-1849.269	-2130.715	281.4461	1.415816	2.870949	0.835035	0.164965	2.820192
30246	-1838.86	-2120.109	281.2497	1.335128	3.840085	0.837056	0.162944	2.758645
30252	-1844.462	-2122.397	277.9351	0.9595135	2.269313	0.860782	0.139218	5.26074
30258	-1841.518	-2120.628	279.1094	1.02228	2.966182	0.905042	0.0949577	4.385376
30264	-1823.571	-2104.184	280.6123	1.324282	2.966182	0.8349	0.1651	3.347977
30270	-1832.42	-2112.376	279.9558	1.389465	2.966182	0.86135	0.13865	3.692629
30276	-1830.77	-2111.997	281.2267	1.385599	2.776581	0.956267	0.0437326	2.996335
30282	-1838.447	-2119.432	280.985	1.447873	3.196893	0.75194	0.24806	2.996335
30288	-1819.229	-2100.322	281.093	1.447873	2.827099	0.933461	0.0665392	3.025588
30294	-1808.118	-2089.488	281.3698	1.337428	2.827099	0.938211	0.0617894	2.925597
30300	-1815.774	-2097.506	281.7319	1.367342	3.823361	0.915844	0.0841559	2.443746
30306	-1810.396	-2091.975	281.5781	1.403968	3.117766	0.960214	0.0397856	2.682567
30312	-1805.662	-2086.326	280.6642	1.242839	3.215815	0.837398	0.162602	3.304396
30318	-1822.075	-2102.904	280.8292	1.242839	2.333046	0.681213	0.318787	3.443366
30324	-1818.156	-2098.956	280.8004	1.188568	3.022939	0.935646	0.0643543	3.302935
30330	-1821.719	-2102.306	280.587	1.245959	3.411026	0.86061	0.13939	3.302935
30336	-1821.782	-2101.281	279.4988	1.136845	2.995297	0.79296	0.20704	4.092603
30342	-1827.47	-2106.742	279.2725	1.184139	3.440688	0.861795	0.138205	4.092603
30348	-1820.646	-2100.482	279.8361	1.2475	3.440688	0.981853	0.0181474	3.733166
30354	-1810.058	-2089.652	279.5944	1.139828	2.777331	0.758221	0.241779	4.090909
30360	-1826.419	-2106.652	280.2333	1.139828	2.647628	0.852478	0.147522	3.759015
30366	-1824.498	-2104.365	279.8669	1.134108	3.358951	0.767825	0.232175	3.798889
30372	-1813.354	-2091.739	278.3848	1.134108	3.29636	0.842171	0.157829	4.653617
30378	-1818.932	-2100.172	281.2403	1.355391	3.068092	0.870476	0.129524	2.930214
30384	-1815.184	-2096.845	281.6614	1.474245	3.906815	0.820705	0.179295	2.402664
30390	-1843.32	-2123.626	280.3064	1.600041	5.457051	0.680517	0.319483	2.87621
30396	-1829.83	-2112.146	282.3157	1.415509	2.570685	0.782967	0.217033	2.367019
30402	-1830.169	-2110.918	280.7488	1.499703	3.380908	0.709513	0.290487	3.063289
30408	-1822.127	-2102.606	280.4799	1.337828	4.77135	0.841608	0.158392	3.043271
30414	-1806.111	-2086.642	280.5314	1.237067	3.631506	0.759817	0.240183	3.292391
30420	-1813.405	-2093.578	280.1736	1.301324	3.760477	0.894028	0.105972	3.437609
30426	-1822.638	-2103.168	280.5302	1.281389	4.124733	0.761919	0.238081	3.16603
30432	-1826.531	-2108.186	281.6545	1.269114	2.560606	0.870429	0.129571	2.869494
30438	-1821.244	-2102.467	281.2224	1.269114	3.672199	0.810381	0.189619	2.851618
30444	-1804.868	-2084.906	280.0381	1.206574	4.293985	0.887897	0.112103	3.467664
30450	-1816.916	-2097.749	280.8327	1.28413	3.762388	0.949418	0.0505825	3.057756
30456	-1822.521	-2101.305	278.7835	1.100947	3.724188	0.77574	0.22426	4.357887
30462	-1813.103	-2093.34	280.237	1.519239	4.790058	0.88041	0.11959	3.076772
30468	-1814.098	-2094.521	280.4234	1.531621	3.702952	0.896884	0.103116	3.166746
30474	-1818.245	-2096.847	278.602	1.337109	3.702952	0.638128	0.361872	4.331324
30480	-1812.099	-2092.391	280.2911	1.337109	3.702952	0.809929	0.190071	3.359741
30486	-1827.208	-2108.144	280.9357	1.537563	3.672987	0.626964	0.373036	2.862534
30492	-1822.664	-2103.678	281.0149	1.522047	3.672987	0.827452	0.172548	2.823892
30498	-1834.566	-2115.528	280.9612	1.56116	4.123153	0.738184	0.261816	2.738343
30504	-1839.037	-2116.348	277.3107	1.040062	2.306008	0.839042	0.160958	5.549679
30510	-1830.734	-2109.247	278.5132	0.8258877	2.702567	0.774704	0.225296	4.895338
30516	-1833.221	-2112.799	279.5783	1.260759	4.311137	0.945226	0.0547739	3.700225
30522	-1833.002	-2113.696	280.6949	1.511136	4.311137	0.839801	0.160199	2.893818
30528	-1826.273	-2107.506	281.2329	1.511136	5.131243	0.730274	0.269726	2.413246
30534	-1817.39	-2097.687	280.2975	1.178655	2.555612	0.694498	0.305502	3.724889
30540	-1812.714	-2093.836	281.1221	1.168229	2.985957	0.891306	0.108694	3.133819
30546	-1818.815	-2099.451	280.6358	1.232938	3.61691	0.867963	0.132037	3.236357
30552	-1824.099	-2104.734	280.6348	1.154411	2.632896	0.985454	0.0145456	3.521868
30558	-1832.584	-2113.148	280.5641	1.26111	4.402209	0.804606	0.195394	3.105204
30564	-1820.813	-2101.989	281.1764	1.642725	3.84681	0.863352	0.136648	2.6133
30570	-1820.378	-2101.371	280.993	1.601636	4.992252	0.861862	0.138138	2.531091
30576	-1813.769	-2095.574	281.8045	1.675158	4.992252	0.917626	0.0823742	1.96096
30582	-1813.199	-2095.783	282.5842	1.695951	3.424797	0.865279	0.134721	1.762739
30588	-1814.891	-2094.481	279.5893	1.531137	3.621958	0.79674	0.20326	3.672843
30594	-1820.646	-2101.122	280.4753	1.340202	5.009137	0.826793	0.173207	3.003906
30600	-1821.446	-2101.609	280.1635	1.260419	2.955696	0.843428	0.156572	3.649661
30606	-1832.27	-2113.275	281.005	1.443836	4.463374	0.712841	0.287159	2.717192
30612	-1811.019	-2091.728	280.7094	1.312512	3.51638	0.706655	0.293345	3.167566
30618	-1828.118	-2108.871	280.7529	1.402421	3.173864	0.926828	0.0731717	3.167566
30624	-1831.286	-2111.191	279.9045	1.06564	3.083443	0.554445	0.445555	3.880206
30630	-1818.724	-2099.385	280.6611	1.214303	3.083443	0.726745	0.273255	3.354838
30636	-1823.169	-2103.336	280.1673	1.319421	2.269625	0.856364	0.143636	3.802226
30642	-1832.695	-2113.387	280.6915	1.424492	5.13013	0.921492	0.0785081	2.802115
30648	-1842.915	-2122.559	279.6444	1.436585	4.15291	0.91029	0.0897096	3.589481
30654	-1840.362	-2121.785	281.4235	1.502524	3.649454	0.858398	0.141602	2.590463
30660	-1831.23	-2111.341	280.1109	1.322906	3.308862	0.898636	0.101364	3.559746
30666	-1826.175	-2105.685	279.5104	1.146021	3.12401	0.713775	0.286225	4.050112
30672	-1833.238	-2112.073	278.8349	1.124795	2.757289	0.902785	0.0972148	4.534123
30678	-1828.549	-2108.663	280.1144	1.053529	2.465576	0.94108	0.0589203	3.927523
30684	-1828.811	-2110.522	281.7104	1.300721	2.237483	0.528489	0.471511	2.915922
30690	-1819.536	-2100.693	281.157	1.554763	4.159788	0.759532	0.240468	2.614547
30696	-1812.386	-2094.301	281.9151	1.351366	2.717724	0.704659	0.295341	2.614547
30702	-1814.189	-2096.487	282.2978	1.341638	1.997445	0.72994	0.27006	2.614547
30708	-1815.186	-2096.388	281.2013	1.423039	1.997445	0.852623	0.147377	3.22739
30714	-1820.708	-2102.179	281.4712	1.287852	2.341066	0.895393	0.104607	3.034598
30720	-1813.356	-2094.652	281.2969	1.317606	2.403743	0.750148	0.249852	3.101765
30726	-1814.942	-2095.751	280.8092	1.488175	4.335566	0.875715	0.124285	2.833803
30732	-1808.384	-2089.21	280.8256	1.415357	4.139422	0.867978	0.132022	2.906124
30738	-1819.359	-2099.836	280.4768	1.457138	3.986465	0.709628	0.290372	3.120682
30744	-1831.443	-2112.013	280.5696	1.457138	4.321701	0.705341	0.294659	2.999771
30750	-1843.885	-2123.068	279.1835	1.233752	3.441797	0.939016	0.0609838	4.114805
30756	-1825.382	-2105.569	280.1864	1.292109	3.245335	0.883334	0.116666	3.548363
30762	-1820.522	-2101.237	280.715	1.217459	3.245335	0.792985	0.207015	3.282418
30768	-1823.907	-2104.901	280.9943	1.342193	3.245335	0.819605	0.180395	3.042474
30774	-1835.64	-2117.512	281.8719	1.400747	2.981764	0.786332	0.213668	2.538124
30780	-1842.283	-2122.304	280.0209	1.235459	2.891847	0.841248	0.158752	3.762569
30786	-1836.887	-2118.234	281.3473	1.434566	3.75549	0.878672	0.121328	2.656022
30792	-1823.588	-2106.878	283.2896	1.570231	2.409309	0.755115	0.244885	1.667277
30798	-1817.904	-2100.82	282.9162	1.681165	2.35207	0.908057	0.0919426	1.870707
30804	-1809.558	-2091.774	282.2159	1.662578	3.31167	0.889678	0.110322	2.06444
30810	-1823.597	-2106.223	282.6258	1.455223	2.162184	0.86519	0.13481	2.27803
30816	-1815.894	-2096.669	280.7744	1.376286	3.096164	0.832399	0.167601	3.189223
30822	-1820.613	-2101.404	280.7918	1.433371	2.92065	0.93531	0.0646899	3.189223
30828	-1824.129	-2105.776	281.6473	1.625388	3.569737	0.877279	0.122721	2.391834
30834	-1832.588	-2114.051	281.463	1.691308	3.902314	0.702403	0.297597	2.391834
30840	-1826.601	-2107.483	280.8814	1.357064	2.31216	0.917721	0.0822793	3.352168
30846	-1828.513	-2109.73	281.2176	1.496613	2.894466	0.884705	0.115295	2.903465
30852	-1826.728	-2107.834	281.1061	1.608038	2.894466	0.931935	0.0680649	2.903465
30858	-1839.064	-2120.133	281.0689	1.358335	2.153436	0.862994	0.137006	3.291333
30864	-1838.754	-2119.786	281.0323	1.160094	2.267552	0.929381	0.0706193	3.393028
30870	-1830.498	-2110.84	280.3419	1.041864	2.808378	0.928693	0.0713066	3.710348
30876	-1826.056	-2106.971	280.9147	1.118308	2.667404	0.731267	0.268733	3.369812
30882	-1814.901	-2094.356	279.455	1.08627	2.667404	0.766452	0.233548	4.229253
30888	-1832.357	-2112.309	279.9523	1.375228	4.597987	0.821058	0.178942	3.364164
30894	-1819.608	-2098.199	278.5914	1.10662	2.628829	0.820826	0.179174	4.714196
30900	-1815.563	-2093.898	278.3355	1.004757	2.149064	0.850886	0.149114	5.050066
30906	-1812.848	-2093.037	280.1892	1.15603	2.709334	0.791463	0.208537	3.758563
30912	-1817.696	-2098.521	280.8247	1.233143	3.607131	0.750361	0.249639	3.126271
30918	-1832.502	-2113.8	281.2975	1.302041	3.022319	0.847193	0.152807	2.939472
30924	-1841.159	-2120.722	279.5624	1.195299	3.886288	0.84444	0.15556	3.828017
30930	-1822.713	-2102.937	280.2234	1.243827	3.886288	0.757976	0.242024	3.416369
30936	-1822.351	-2104.021	281.6701	1.243827	2.033871	0.840889	0.159111	3.042502
30942	-1818.252	-2098.818	280.5651	1.246835	3.343172	0.887825	0.112175	3.330702
30948	-1835.945	-2116.463	280.5176	1.382005	2.087845	0.937041	0.0629589	3.621289
30954	-1838.926	-2120.472	281.5457	1.382005	2.430666	0.743607	0.256393	2.905674
30960	-1823.755	-2102.504	278.7486	1.06953	3.190322	0.787486	0.212514	4.509444
30966	-1822.465	-2103.553	281.0881	1.368731	1.983079	0.913377	0.0866232	3.331203
30972	-1822.115	-2101.305	279.1906	0.9003942	2.122155	0.954737	0.0452626	4.639864
30978	-1817.326	-2096.276	278.9498	1.084143	2.226017	0.904834	0.0951661	4.639864
30984	-1821.713	-2101.023	279.31	1.067886	2.338453	0.97695	0.0230505	4.413094
30990	-1815.508	-2094.524	279.0163	1.110129	2.8653	0.864177	0.135823	4.413094
30996	-1825.407	-2104.66	279.2538	1.060121	2.574235	0.745287	0.254713	4.382832
31002	-1828.447	-2108.269	279.8218	1.116636	1.915157	0.918528	0.0814721	4.230214
31008	-1831.055	-2111.531	280.4756	1.155313	2.611463	0.778253	0.221747	3.619801
31014	-1835.83	-2118.475	282.6447	1.424786	3.558998	0.946899	0.053101	1.87321
31020	-1817.572	-2099.415	281.8431	1.388058	2.809799	0.873247	0.126753	2.610502
31026	-1825.131	-2107.599	282.4679	1.400693	2.204777	0.828739	0.171261	2.398309
31032	-1815.02	-2096.551	281.5311	1.367096	2.361992	0.762296	0.237704	2.944533
31038	-1810.893	-2092.563	281.6696	1.433907	2.361992	0.841176	0.158824	2.820337
31044	-1828.227	-2109.762	281.5351	1.265209	1.953939	0.914971	0.0850293	3.138315
31050	-1820.912	-2101.738	280.8259	1.425981	2.059654	0.821943	0.178057	3.42534
31056	-1831.359	-2112.582	281.2229	1.223613	2.22211	0.815961	0.184039	3.257805
31062	-1823.533	-2103.801	280.2678	1.146254	2.49256	0.874127	0.125873	3.778418
31068	-1826.646	-2106.531	279.8848	1.30288	2.49256	0.823908	0.176092	3.90855
31074	-1831.425	-2111.223	279.798	1.21737	2.49256	0.807551	0.192449	4.007175
31080	-1824.389	-2106.646	282.2574	1.425507	2.581979	0.904305	0.095695	2.394143
31086	-1828.41	-2110.738	282.3274	1.536168	2.540843	0.766454	0.233546	2.291897
31092	-1840.721	-2123.043	282.3225	1.44994	2.88036	0.921278	0.0787222	2.249887
31098	-1836.641	-2118.128	281.4874	1.479548	2.890525	0.845441	0.154559	2.750935
31104	-1815.728	-2098.062	282.3344	1.483667	3.062774	0.952753	0.0472472	2.169971
31110	-1821.582	-2103.534	281.9517	1.332817	2.999421	0.834419	0.165581	2.526057
31116	-1825.308	-2106.691	281.3832	1.25729	3.105164	0.827972	0.172028	2.893855
31122	-1835.837	-2116.68	280.843	1.26854	4.617995	0.796024	0.203976	2.893855
31128	-1821.917	-2102.839	280.9218	1.376699	2.743147	0.712146	0.287854	3.192568
31134	-1832.032	-2114.149	282.1176	1.317909	2.10636	0.767907	0.232093	2.701585
31140	-1830.691	-2112.394	281.7026	1.522483	3.989099	0.73515	0.26485	2.328155
31146	-1826.299	-2107.65	281.3514	1.309177	2.446266	0.835453	0.164547	3.061472
31152	-1830.901	-2112.017	281.1158	1.309177	3.114638	0.833892	0.166108	3.0212
31158	-1812.908	-2092.457	279.5492	1.425572	3.821496	0.846461	0.153539	3.715867
31164	-1821.218	-2102.729	281.5109	1.236627	2.795966	0.881866	0.118134	2.909704
31170	-1812.933	-2094.592	281.6596	1.287138	2.581061	0.879448	0.120552	2.849532
31176	-1808.449	-2089.536	281.0874	1.31417	2.470844	0.786554	0.213446	3.208262
31182	-1820.13	-2101.155	281.0247	1.354021	3.487145	0.803625	0.196375	2.960926
31188	-1813.82	-2095.199	281.3783	1.330862	3.927886	0.689485	0.310515	2.663865
31194	-1820.324	-2103.147	282.8228	1.699435	2.475075	0.8951	0.1049	1.879492
31200	-1822.623	-2104.325	281.7015	1.626498	5.518051	0.760569	0.239431	1.967685
31206	-1831.611	-2113.668	282.0573	1.778548	3.820142	0.751013	0.248987	1.967685
31212	-1814.696	-2095.835	281.1396	1.435596	3.820142	0.807346	0.192654	2.768811
31218	-1821.605	-2103.629	282.0241	1.366377	3.619433	0.851307	0.148693	2.305416
31224	-1824.115	-2105.627	281.5125	1.288033	2.717949	0.762527	0.237473	2.899097
31230	-1819.885	-2100.65	280.7645	1.416896	3.034801	0.883894	0.116106	3.186242
31236	-1825.609	-2106.522	280.9135	1.085433	1.965996	0.719791	0.280209	3.604705
31242	-1831.345	-2111.082	279.7366	1.178151	3.010756	0.744711	0.255289	3.929456
31248	-1842.401	-2121.394	278.9922	1.200382	3.196691	0.789103	0.210897	4.29677
31254	-1820.677	-2100.717	280.0408	1.196829	2.64027	0.801448	0.198552	3.839019
31260	-1814.756	-2094.543	279.7872	1.422794	3.59728	0.716446	0.283554	3.626178
31266	-1825.612	-2106.225	280.6132	1.52329	5.070613	0.903239	0.0967608	2.799611
31272	-1808.093	-2089.82	281.727	1.280485	2.625996	0.772896	0.227104	2.799611
31278	-1813.229	-2094.784	281.555	1.349756	2.850658	0.900591	0.0994085	2.799611
31284	-1823.698	-2104.422	280.7247	1.274168	3.965651	0.813497	0.186503	3.08618
31290	-1835.79	-2116.635	280.8446	1.3077	3.533657	0.860572	0.139428	3.08618
31296	-1827.417	-2107.409	279.992	1.3077	4.036786	0.699623	0.300377	3.484467
31302	-1829.225	-2109.492	280.2668	1.348971	4.206702	0.708648	0.291352	3.266172
31308	-1835.109	-2114.388	279.2789	1.236069	3.436063	0.80021	0.19979	4.060371
31314	-1838.059	-2117.084	279.025	1.383531	3.724921	0.672084	0.327916	4.060371
31320	-1839.564	-2118.042	278.4781	1.262406	3.724921	0.737419	0.262581	4.438964
31326	-1844.298	-2122.899	278.6017	1.172043	3.632475	0.698999	0.301001	4.438964
31332	-1832.088	-2111.958	279.8699	1.401055	3.380164	0.768249	0.231751	3.638165
31338	-1829.638	-2109.128	279.4897	1.264033	2.863391	0.975731	0.0242693	4.057872
31344	-1842.548	-2123.124	280.5765	1.264033	3.304674	0.854746	0.145254	3.322782
31350	-1834.331	-2115.995	281.6638	1.264033	1.726195	0.694335	0.305665	3.147408
31356	-1830.016	-2110.383	280.3673	1.226309	1.844931	0.766027	0.233973	3.88121
31362	-1828.069	-2109.518	281.4488	1.204957	3.15383	0.610979	0.389021	2.873757
31368	-1827.644	-2107.896	280.2522	1.556382	4.009008	0.867165	0.132835	3.190648
31374	-1829.818	-2110.68	280.8621	1.6847	4.08086	0.873313	0.126687	2.731969
31380	-1821.908	-2102.453	280.5446	1.3366	2.863644	0.862606	0.137394	3.40664
31386	-1820.937	-2101.388	280.4508	1.074468	3.767606	0.849308	0.150692	3.40664
31392	-1822.323	-2101.747	279.4232	1.42177	3.595496	0.731532	0.268468	3.8373
31398	-1818.471	-2098.131	279.6599	1.088175	2.702576	0.8209	0.1791	4.102455
31404	-1803.899	-2084.416	280.517	1.487222	3.446577	0.732224	0.267776	3.193711
31410	-1820.437	-2100.855	280.4187	1.448596	3.446577	0.885264	0.114736	3.274669
31416	-1832.599	-2114.534	281.9351	1.207939	2.91234	0.891072	0.108928	2.637035
31422	-1831.652	-2110.404	278.7528	1.060646	2.91234	0.857781	0.142219	4.577576
31428	-1823.174	-2101.676	278.5019	0.9876187	2.394719	0.900786	0.0992139	4.894605
31434	-1838.126	-2116.706	278.5803	1.007526	2.462681	0.926043	0.0739567	4.82077
31440	-1845.215	-2123.73	278.5151	1.146467	2.318024	0.944165	0.0558354	4.82077
31446	-1854.173	-2133.724	279.5509	1.385279	5.140639	0.640987	0.359013	3.50205
31452	-1841.357	-2121.97	280.6125	1.807875	4.153815	0.874958	0.125042	2.794454
31458	-1842.826	-2124.195	281.3694	1.61324	2.720155	0.842916	0.157084	2.788034
31464	-1844.171	-2125.631	281.4607	1.539628	4.342752	0.948251	0.051749	2.397671
31470	-1835.983	-2117.768	281.7859	1.430882	3.400542	0.883127	0.116873	2.467142
31476	-1841.088	-2122.573	281.4855	1.499551	3.862847	0.933298	0.0667019	2.50674
31482	-1826.95	-2109.65	282.6995	1.457371	1.438003	0.966748	0.0332518	2.524247
31488	-1834.146	-2115.644	281.4977	1.453544	3.294173	0.805622	0.194378	2.657825
31494	-1828.568	-2109.381	280.8131	1.346662	2.654645	0.919594	0.0804056	3.298785
31500	-1831.308	-2111.496	280.1882	1.155134	2.654645	0.900841	0.0991586	3.774313
31506	-1824.151	-2103.838	279.687	1.228523	2.994695	0.908024	0.0919755	3.93293
31512	-1815.16	-2095.308	280.1481	1.228523	2.056654	0.881123	0.118877	3.93293
31518	-1819.525	-2100.216	280.6909	1.258441	2.056654	0.869574	0.130426	3.602752
31524	-1833.001	-2113.799	280.7977	1.300768	2.05727	0.860563	0.139437	3.515767
31530	-1826.613	-2106.991	280.3772	1.057379	1.805091	0.866755	0.133245	3.986694
31536	-1828.505	-2107.32	278.8148	0.9146909	2.709191	0.854185	0.145815	4.67563
31542	-1828.581	-2108.82	280.2385	1.100076	2.324642	0.777182	0.222818	3.870775
31548	-1820.873	-2100.132	279.259	1.001224	2.813383	0.832149	0.167851	4.350581
31554	-1828.953	-2108.812	279.8581	1.076441	2.259276	0.829811	0.170189	4.121375
31560	-1825.61	-2104.988	279.3778	1.227719	2.947684	0.900628	0.0993718	4.121375
31566	-1828.057	-2107.997	279.9403	1.339503	3.14317	0.889386	0.110614	3.687623
31572	-1824.495	-2104.695	280.1995	1.107416	3.077375	0.835635	0.164365	3.687623
31578	-1821.863	-2102.338	280.4743	1.209749	2.806163	0.890937	0.109063	3.536719
31584	-1818.003	-2097.892	279.8884	1.281713	4.157774	0.792756	0.207244	3.536719
31590	-1821.659	-2102.201	280.5422	1.286199	2.498596	0.903591	0.0964085	3.536719
31596	-1822.416	-2100.635	278.2186	1.020979	3.443206	0.907425	0.0925747	4.778084
31602	-1818.443	-2096.316	277.8723	1.067669	2.737507	0.851452	0.148548	5.108101
31608	-1816.643	-2095.026	278.3827	0.9889378	2.737507	0.774943	0.225057	4.868218
31614	-1812.743	-2092.78	280.0367	1.148115	2.735115	0.946977	0.0530232	3.844118
31620	-1816.425	-2095.692	279.2664	1.143552	4.025723	0.894152	0.105848	4.000223
31626	-1815.193	-2094.405	279.2122	1.197775	4.025723	0.859857	0.140143	4.000223
31632	-1799.532	-2079.296	279.7644	1.066548	2.827002	0.823681	0.176319	4.023014
31638	-1803.434	-2084.007	280.5728	1.320493	5.159326	0.929609	0.0703909	2.932132
31644	-1815.84	-2096.079	280.2393	1.320493	2.175798	0.848635	0.151365	3.789326
31650	-1816.984	-2097.397	280.413	1.320493	3.894664	0.900605	0.0993951	3.258058
31656	-1814.048	-2093.965	279.917	1.080641	3.556113	0.888269	0.111731	3.757761
31662	-1822.706	-2102.267	279.5607	1.33052	2.89489	0.904484	0.095516	3.971467
31668	-1823.073	-2103.01	279.937	1.157308	2.44137	0.947003	0.0529965	3.976586
31674	-1818.012	-2097.949	279.937	1.157308	2.44137	0.780003	0.219997	3.976586
31680	-1817.84	-2097.844	280.0043	1.283343	2.076204	0.851689	0.148311	3.977495
31686	-1818.847	-2097.438	278.591	1.026372	3.175554	0.813712	0.186288	4.625545
31692	-1812.704	-2093.782	281.0781	1.201676	3.175554	0.934543	0.0654575	3.093082
31698	-1815.236	-2096.523	281.2867	1.223319	2.226029	0.693718	0.306282	3.219005
31704	-1811.951	-2090.708	278.757	1.357728	3.82371	0.863619	0.136381	4.207627
31710	-1811.112	-2092.04	280.928	1.282533	3.035233	0.903617	0.0963832	3.168849
31716	-1817.046	-2098.152	281.1057	1.491565	4.536219	0.867952	0.132048	2.612105
31722	-1814.446	-2095.178	280.7316	1.531918	4.223637	0.745724	0.254276	2.875943
31728	-1826.823	-2109.472	282.6494	1.431567	2.796233	0.881618	0.118382	2.073486
31734	-1841.82	-2123.533	281.713	1.431567	3.151235	0.869782	0.130218	2.573758
31740	-1843.047	-2122.739	279.6916	1.451471	3.111008	0.602714	0.397286	3.774179
31746	-1821.682	-2103.229	281.5473	1.43713	4.347921	0.910448	0.0895524	2.406628
31752	-1823.932	-2105.351	281.4197	1.43713	4.347921	0.847378	0.152622	2.48685
31758	-1816.793	-2098.539	281.7459	1.434804	3.412647	0.801951	0.198049	2.48685
31764	-1808.731	-2090.485	281.7539	1.536749	4.135074	0.898486	0.101514	2.255227
31770	-1828.826	-2111.45	282.624	1.578948	4.1746	0.832832	0.167168	1.630427
31776	-1816.783	-2097.475	280.6919	1.581317	4.05427	0.790161	0.209839	2.903604
31782	-1815.331	-2097.333	282.0012	1.69371	4.05427	0.945792	0.0542083	2.008484
31788	-1825.429	-2107.375	281.9451	1.706256	4.197799	0.831355	0.168645	2.006132
31794	-1821.689	-2102.512	280.8226	1.602097	4.512982	0.856077	0.143923	2.72266
31800	-1823.094	-2105.253	282.1585	1.418796	3.28521	0.856011	0.143989	2.26708
31806	-1812.687	-2093.393	280.7068	1.365275	3.404326	0.881238	0.118762	3.16303
31812	-1814.163	-2094.074	279.9108	1.35852	4.65654	0.753113	0.246887	3.388028
31818	-1821.843	-2103.279	281.436	1.349081	2.466257	0.955334	0.0446658	2.980912
31824	-1804.67	-2085.118	280.448	1.41282	3.548358	0.827477	0.172523	3.255914
31830	-1811.12	-2091.174	280.0541	1.318901	3.636952	0.914007	0.0859934	3.522963
31836	-1804.715	-2085.31	280.5945	1.436692	3.390846	0.910306	0.0896935	3.190313
31842	-1815.982	-2097.019	281.0371	1.411517	3.49531	0.952753	0.0472474	2.916966
31848	-1822.041	-2102.469	280.4286	1.235583	3.544118	0.882567	0.117433	3.37267
31854	-1822.337	-2103.007	280.6698	1.367103	3.544118	0.970966	0.0290344	3.152517
31860	-1822.151	-2103.521	281.3694	1.377043	3.730849	0.853518	0.146482	2.683217
31866	-1823.927	-2105.495	281.5679	1.411138	3.730849	0.825318	0.174682	2.539358
31872	-1811.708	-2092.14	280.432	1.360733	3.563494	0.818756	0.181244	3.292834
31878	-1826.822	-2106.289	279.467	1.306863	3.520146	0.780822	0.219178	3.894168
31884	-1818.459	-2098.466	280.0069	1.211621	2.480844	0.883872	0.116128	3.894168
31890	-1822.701	-2101.241	278.5399	1.085157	2.345095	0.903409	0.0965909	4.833273
31896	-1824.066	-2104.495	280.4289	1.06307	2.345095	0.973544	0.0264564	3.776449
31902	-1840.018	-2120.87	280.8519	1.204678	2.801891	0.823515	0.176485	3.319755
31908	-1839.187	-2122.034	282.847	1.660218	2.56761	0.90588	0.0941199	1.858954
31914	-1834.266	-2117.095	282.8291	1.731307	2.458864	0.868224	0.131776	1.858954
31920	-1826.309	-2106.561	280.2527	1.133996	3.345325	0.978056	0.0219438	3.578852
31926	-1822.495	-2101.468	278.9729	1.106471	2.672722	0.898483	0.101517	4.488728
31932	-1817.683	-2100.05	282.3666	1.377549	3.030835	0.931051	0.0689491	2.226473
31938	-1831.257	-2112.229	280.9725	1.377549	3.604153	0.911986	0.088014	2.952053
31944	-1830.551	-2112.111	281.5601	1.59628	3.604153	0.872546	0.127454	2.457111
31950	-1822.289	-2104.209	281.9207	1.353471	2.79804	0.921586	0.0784136	2.587145
31956	-1829.4	-2110.565	281.1654	1.599312	3.138626	0.75736	0.24264	2.810244
31962	-1811.616	-2091.395	279.7794	0.9368056	3.138626	0.890856	0.109144	4.012574
31968	-1809.503	-2088.799	279.2959	1.021613	2.706753	0.888742	0.111258	4.34558
31974	-1825.581	-2105.875	280.2941	1.425725	3.651352	0.904513	0.0954867	3.316803
31980	-1826.749	-2105.6	278.8506	1.048363	2.640271	0.766174	0.233826	4.598632
31986	-1813.551	-2092.648	279.0965	1.009653	2.993738	0.92831	0.0716897	4.39312
31992	-1825.306	-2104.698	279.392	0.9661995	3.225512	0.869605	0.130395	4.196357
31998	-1816.285	-2094.366	278.0806	1.1409	3.10986	0.824171	0.175829	4.861805
32004	-1818.242	-2095.529	277.2876	0.8430657	3.10986	0.923632	0.0763682	5.46577
32010	-1815.671	-2094.091	278.4204	1.091829	3.053752	0.880617	0.119383	4.712541
32016	-1833.308	-2114.681	281.3734	1.15075	3.112527	0.893247	0.106753	2.962173
32022	-1832.366	-2113.431	281.0656	1.333931	3.426855	0.861868	0.138132	2.962173
32028	-1818.166	-2097.711	279.5449	1.273185	5.492383	0.89926	0.10074	3.51625
32034	-1826.871	-2107.55	280.6793	1.217361	2.812938	0.933434	0.0665663	3.410786
32040	-1824.492	-2104.438	279.9461	1.266397	4.717297	0.773791	0.226209	3.410786
32046	-1833.462	-2113.911	280.4491	1.215527	3.371478	0.901221	0.0987794	3.410786
32052	-1819.48	-2099.953	280.4731	1.317401	3.419358	0.791078	0.208922	3.326041
32058	-1812.968	-2091.661	278.6934	0.927043	2.720334	0.876224	0.123776	4.733768
32064	-1801.075	-2081.102	280.027	1.137668	2.392294	0.768542	0.231458	3.950514
32070	-1811.439	-2091.484	280.0451	1.163482	2.957303	0.723471	0.276529	3.773694
32076	-1812.941	-2094.91	281.9692	1.323217	2.845508	0.926593	0.0734065	2.562718
32082	-1816.619	-2095.113	278.4939	1.2593	4.536551	0.710581	0.289419	4.281093
32088	-1820.275	-2100.084	279.809	1.035824	2.527564	0.890167	0.109833	4.094689
32094	-1815.327	-2094.948	279.6212	1.272346	3.277355	0.816501	0.183499	3.879045
32100	-1833.143	-2113.407	280.2637	1.137954	3.644016	0.792053	0.207947	3.504773
32106	-1825.696	-2105.286	279.5904	1.065932	3.701441	0.633905	0.366095	3.923509
32112	-1830.459	-2110.502	280.0437	0.9818607	2.781128	0.981	0.0190003	3.923509
32118	-1832.314	-2110.785	278.4713	0.9994083	3.324784	0.717622	0.282378	4.674379
32124	-1835.284	-2115.181	279.8971	1.2616	4.137699	0.896265	0.103735	3.547201
32130	-1821.369	-2103.364	281.9941	1.422839	2.611123	0.897371	0.102629	2.552153
32136	-1817.097	-2098.595	281.4976	1.420155	3.245355	0.830171	0.169829	2.690349
32142	-1831.324	-2113.532	282.2072	1.55165	2.325503	0.922915	0.0770853	2.427041
32148	-1837.465	-2119.203	281.7383	1.383129	2.325503	0.917323	0.0826767	2.820959
32154	-1827.588	-2109.507	281.9193	1.175476	1.96536	0.711178	0.288822	2.958123
32160	-1836.017	-2116.817	280.8	1.093895	1.96536	0.830885	0.169115	3.665788
32166	-1827.919	-2107.672	279.7527	1.027577	2.397291	0.916517	0.0834825	4.168276
32172	-1819.862	-2099.043	279.1808	1.046837	1.914109	0.774945	0.225055	4.631245
32178	-1837.807	-2117.005	279.1982	0.9150211	2.109881	0.932575	0.0674247	4.631245
32184	-1825.817	-2105.735	279.9178	0.9656166	2.109881	0.849304	0.150696	4.196925
32190	-1841.906	-2123.51	281.6042	1.266986	2.523092	0.927139	0.0728606	2.912189
32196	-1832.359	-2111.439	279.0792	1.136954	3.697586	0.865317	0.134683	4.175426
32202	-1833.094	-2113.983	280.8893	1.303172	2.508444	0.88186	0.11814	3.320791
32208	-1810.647	-2092.46	281.8129	1.303172	2.498745	0.941459	0.058541	2.770822
32214	-1830.991	-2109.262	278.2703	1.395075	3.578925	0.658643	0.341357	4.511009
32220	-1824.069	-2103.433	279.3641	1.244795	3.021785	0.861902	0.138098	4.10149
32226	-1820.103	-2102.051	281.948	1.2433	3.021785	0.875298	0.124702	2.578124
32232	-1816.782	-2099.544	282.762	1.638106	2.81663	0.844776	0.155224	1.853179
32238	-1816.559	-2098.931	282.372	1.624527	2.502599	0.882468	0.117532	2.218471
32244	-1825.879	-2109.009	283.1304	1.624527	2.502599	0.824147	0.175853	1.708778
32250	-1838.401	-2121.774	283.3732	1.780724	3.266233	0.921459	0.0785406	1.137766
32256	-1832.526	-2116.685	284.1593	1.780724	1.649323	0.874324	0.125676	1.173949
32262	-1824.221	-2108.028	283.8074	1.738909	1.976034	0.8752	0.1248	1.329152
32268	-1831.916	-2115.763	283.8467	1.811974	1.976034	0.912121	0.0878794	1.237073
32274	-1837.026	-2120.925	283.8981	1.811974	1.066598	0.853584	0.146416	1.710426
32280	-1828.753	-2110.883	282.1297	1.64199	2.996091	0.914634	0.0853658	2.218178
32286	-1824.869	-2107.976	283.1065	1.477148	1.27155	0.896192	0.103808	2.338894
32292	-1823.351	-2106.037	282.6864	1.465181	1.27155	0.869964	0.130036	2.609729
32298	-1838.562	-2120.844	282.2816	1.374665	1.809753	0.815682	0.184318	2.674825
32304	-1826.709	-2110.129	283.4201	1.554117	1.497097	0.910283	0.0897173	1.969422
32310	-1823.844	-2106.231	282.3868	1.490315	3.054121	0.80059	0.19941	2.133817
32316	-1834.943	-2117.424	282.4816	1.494891	1.984698	0.934623	0.0653767	2.408845
32322	-1832.527	-2114.506	281.9797	1.497723	2.694313	0.820189	0.179811	2.490067
32328	-1843.729	-2126.028	282.2982	1.497723	2.139317	0.984733	0.0152673	2.466675
32334	-1822.618	-2103.388	280.7693	1.396749	3.854939	0.76983	0.23017	3.008909
32340	-1798.773	-2078.822	280.0492	1.396749	2.994723	0.75148	0.24852	3.62723
32346	-1814.471	-2094.305	279.8345	1.348857	3.665364	0.792923	0.207077	3.62723
32352	-1805.423	-2084.428	279.0052	1.143839	3.46628	0.801371	0.198629	4.261826
32358	-1812.419	-2093.144	280.725	1.319721	3.639565	0.689722	0.310278	3.127068
32364	-1814.419	-2095.187	280.7682	1.433474	3.639565	0.817006	0.182994	3.033365
32370	-1811.802	-2092.893	281.0914	1.178508	2.987526	0.768362	0.231638	3.145536
32376	-1813.249	-2092.492	279.2432	1.240143	3.099798	0.895609	0.104391	4.154342
32382	-1816.133	-2096.6	280.4674	1.170936	2.325842	0.82868	0.17132	3.697695
32388	-1823.363	-2104.612	281.2489	1.243635	3.471816	0.870984	0.129016	2.895804
32394	-1818.853	-2097.859	279.0059	1.213678	1.890345	0.977667	0.0223327	4.643856
32400	-1815.285	-2096.829	281.544	1.32279	3.595543	0.808226	0.191774	2.639264
32406	-1808.536	-2089.971	281.435	1.417609	3.107358	0.938468	0.0615324	2.764521
32412	-1813.836	-2095.27	281.4341	1.566271	3.426826	0.874615	0.125385	2.59571
32418	-1811.875	-2093.489	281.6144	1.566271	4.095325	0.903638	0.0963624	2.333902
32424	-1832.695	-2114.566	281.8716	1.614728	2.602282	0.890859	0.109141	2.511545
32430	-1812.755	-2094.999	282.2439	1.62273	3.502085	0.912938	0.0870617	2.023973
32436	-1809.913	-2093.025	283.1119	1.735207	3.077006	0.972286	0.0277139	1.451333
32442	-1801.395	-2084.595	283.1998	1.735207	2.961392	0.910387	0.0896133	1.42141
32448	-1819.398	-2102.56	283.1618	1.737111	2.505837	0.803921	0.196079	1.604488
32454	-1823.252	-2100.41	277.1576	1.143321	3.525727	0.813627	0.186373	5.282029
32460	-1826.581	-2108.547	281.966	1.339832	2.35331	0.959604	0.0403964	2.699541
32466	-1831.001	-2113.002	282.001	1.384779	3.445074	0.896252	0.103748	2.349737
32472	-1838.742	-2119.318	280.5764	1.388841	4.275906	0.781008	0.218992	3.045334
32478	-1823.397	-2105.244	281.8473	1.592591	3.135417	0.907438	0.0925616	2.392884
32484	-1820.371	-2101.349	280.9777	1.26866	2.356051	0.941169	0.0588309	3.334148
32490	-1818.302	-2098.693	280.3913	1.245051	3.80277	0.866497	0.133503	3.334148
32496	-1828.698	-2108.151	279.4533	1.242179	2.649245	0.910929	0.0890714	4.146528
32502	-1842.803	-2121.285	278.4818	1.284571	2.9114	0.813191	0.186809	4.604218
32508	-1833.264	-2113.434	280.17	1.227998	3.846495	0.859817	0.140183	3.464961
32514	-1841.571	-2120.504	278.9332	1.213978	2.8042	0.749054	0.250946	4.41667
32520	-1824.652	-2105.062	280.4094	1.110242	3.192351	0.760743	0.239257	3.536822
32526	-1830.586	-2110.732	280.1461	1.37347	3.192351	0.821223	0.178777	3.536822
32532	-1823.145	-2103.886	280.7411	1.142785	2.203758	0.799738	0.200262	3.593033
32538	-1837.213	-2116.073	278.8601	1.079269	1.674658	0.82141	0.17859	4.877853
32544	-1824.944	-2104.218	279.2741	1.11353	2.660114	0.812234	0.187766	4.318205
32550	-1833.998	-2113.272	279.2743	1.06407	2.766974	0.738815	0.261185	4.318205
32556	-1834.36	-2114.674	280.3145	1.203519	3.692571	0.768961	0.231039	3.426552
32562	-1826.888	-2107.747	280.8588	1.244795	2.506385	0.89029	0.10971	3.373601
32568	-1832.75	-2112.037	279.287	1.226426	2.506385	0.81329	0.18671	4.288663
32574	-1821.248	-2100.769	279.5211	1.116404	2.263532	0.801269	0.198731	4.288663
32580	-1818.24	-2096.385	278.1447	1.115559	3.824016	0.859304	0.140696	4.689001
32586	-1818.437	-2097.716	279.2794	1.161673	2.084762	0.772868	0.227132	4.455009
32592	-1836.612	-2117.937	281.3247	1.37127	4.315368	0.718007	0.281993	2.593381
32598	-1840.951	-2122.335	281.3836	1.346043	3.054975	0.824064	0.175936	2.852578
32604	-1843.879	-2123.14	279.2615	1.229032	3.39874	0.742921	0.257079	4.082438
32610	-1831.12	-2110.542	279.4215	1.209288	4.334142	0.835056	0.164944	3.816124
32616	-1836.156	-2115.791	279.6353	1.055471	4.334142	0.865875	0.134125	3.781584
32622	-1827.312	-2107.172	279.8605	1.154244	3.401079	0.898968	0.101032	3.781584
32628	-1831.443	-2112.073	280.6302	1.33332	3.401079	0.625189	0.374811	3.228086
32634	-1839.998	-2121.391	281.3927	1.545498	4.071593	0.91226	0.0877405	2.491744
32640	-1830.539	-2112.319	281.7794	1.572843	3.43941	0.598494	0.401506	2.372394
32646	-1826.472	-2108.388	281.9163	1.636144	2.944726	0.834738	0.165262	2.372394
32652	-1830.39	-2110.681	280.291	1.279427	4.874823	0.782812	0.217188	3.172813
32658	-1836.928	-2119.084	282.1556	1.549476	3.362892	0.886776	0.113224	2.164897
32664	-1828.17	-2109.454	281.2839	1.32347	2.659171	0.865285	0.134715	3.031684
32670	-1843.538	-2123.996	280.4581	1.351967	4.148586	0.967369	0.0326307	3.1623
32676	-1834.377	-2114.869	280.4925	1.410282	3.872705	0.866193	0.133807	3.1623
32682	-1835.966	-2117.303	281.3379	1.355602	4.182823	0.722267	0.277733	2.621197
32688	-1814.298	-2094.723	280.4253	1.288351	3.804481	0.644875	0.355125	3.288281
32694	-1820.83	-2101.855	281.0257	1.274869	2.552028	0.865465	0.134535	3.244513
32700	-1820.813	-2099.813	278.9991	1.197892	2.734644	0.771142	0.228858	4.40635
32706	-1830.8	-2111.378	280.5778	1.274098	2.922992	0.823032	0.176968	3.408592
32712	-1845.117	-2126.991	281.8737	1.535202	2.620825	0.890524	0.109476	2.55424
32718	-1829.893	-2111.643	281.7499	1.540729	4.129471	0.876432	0.123568	2.256423
32724	-1828.491	-2110.305	281.8137	1.645534	3.640714	0.865946	0.134054	2.256423
32730	-1830.881	-2112.897	282.0156	1.443651	3.640714	0.934014	0.0659864	2.256423
32736	-1832.063	-2114.671	282.608	1.448213	3.350272	0.876727	0.123273	1.935897
32742	-1820.972	-2103.497	282.5251	1.521592	3.374751	0.939109	0.0608912	1.935897
32748	-1820.474	-2101.484	281.0106	1.496951	3.092621	0.83014	0.16986	2.977143
32754	-1818.602	-2100.519	281.9167	1.406312	2.368957	0.73715	0.26285	2.68403
32760	-1813.214	-2093.292	280.0786	1.192686	2.368957	0.93985	0.0601495	3.896227
32766	-1800.082	-2080.788	280.7053	1.238984	3.631051	0.833387	0.166613	3.188552
32772	-1808.42	-2087.614	279.194	1.286839	4.332061	0.832491	0.167509	3.902641
32778	-1825.75	-2105.57	279.8196	1.163833	3.033551	0.652777	0.347223	3.884557
32784	-1833.458	-2115.132	281.6743	1.521495	4.406017	0.956643	0.0433568	2.260581
32790	-1815.672	-2097.734	282.0621	1.407081	3.840191	0.838236	0.161764	2.20429
32796	-1837.786	-2117.616	279.8303	1.445151	3.75832	0.845192	0.154808	3.554416
32802	-1826.365	-2106.973	280.6083	1.241965	3.817852	0.776052	0.223948	3.20478
32808	-1823.513	-2104.057	280.5442	1.220987	3.682245	0.900175	0.0998246	3.283488
32814	-1807.567	-2088.024	280.4573	1.276813	4.226343	0.856237	0.143763	3.19245
32820	-1839.528	-2118.662	279.1346	1.201057	3.556198	0.870146	0.129854	4.136801
32826	-1840.606	-2120.314	279.7085	1.307351	3.556198	0.932705	0.0672952	3.747226
32832	-1823.343	-2103.454	280.1105	1.32517	3.676029	0.771795	0.228205	3.478171
32838	-1813.229	-2094.235	281.0059	1.577787	4.613731	0.920668	0.0793323	2.606022
32844	-1814.774	-2096.154	281.3794	1.38061	3.959586	0.901029	0.0989715	2.625885
32850	-1802.711	-2083.067	280.3563	1.367239	4.030288	0.884783	0.115217	3.236753
32856	-1807.57	-2088.741	281.1708	1.304069	2.248036	0.812227	0.187773	3.232779
32862	-1814.55	-2095.421	280.871	1.349398	3.424154	0.900938	0.0990622	3.070152
32868	-1822.483	-2103.163	280.6801	1.429073	3.909171	0.906661	0.0933385	3.031741
32874	-1808.048	-2088.889	280.8412	1.528261	3.30008	0.842717	0.157283	3.009712
32880	-1809.959	-2091.484	281.5248	1.421337	4.002165	0.894926	0.105074	2.501321
32886	-1807.166	-2088.85	281.6842	1.521317	3.112476	0.861868	0.138132	2.545785
32892	-1811.865	-2093.595	281.7305	1.568313	3.152028	0.867087	0.132913	2.477374
32898	-1817.018	-2099.233	282.2154	1.392068	2.663403	0.874896	0.125104	2.417463
32904	-1827.593	-2108.438	280.8448	1.480369	3.997506	0.77721	0.22279	2.883727
32910	-1815.305	-2096.313	281.0082	1.480369	3.535637	0.958363	0.0416367	2.883727
32916	-1826	-2106.645	280.6447	1.267165	2.252972	0.825066	0.174934	3.561391
32922	-1829.736	-2109.544	279.8084	1.115369	3.909763	0.872222	0.127778	3.727699
32928	-1815.54	-2093.55	278.0094	1.224983	2.377036	0.883115	0.116885	5.041476
32934	-1837.344	-2115.715	278.3716	1.302778	3.7379	0.887387	0.112613	4.473589
32940	-1831.112	-2107.76	276.6478	1.097181	2.731797	0.895955	0.104045	5.76761
32946	-1833.249	-2112.9	279.6518	1.194525	4.217366	0.899218	0.100782	3.713349
32952	-1823.189	-2102.962	279.7725	1.194525	4.203512	0.932628	0.0673722	3.646103
32958	-1824.284	-2101.121	276.8373	1.100144	3.514564	0.904638	0.0953625	5.484645
32964	-1834.413	-2110.453	276.04	1.00698	3.514564	0.720649	0.279351	5.972466
32970	-1836.148	-2113.594	277.4466	1.124083	2.610425	0.915601	0.0843991	5.345026
32976	-1811.419	-2093.027	281.6078	1.624774	3.607557	0.74771	0.25229	2.408413
32982	-1813.039	-2093.786	280.7468	1.367099	3.607557	0.822003	0.177997	3.092796
32988	-1822.058	-2103.523	281.4651	1.327635	2.098615	0.908834	0.0911665	3.092796
32994	-1831.937	-2112.331	280.3936	1.196606	3.233521	0.880044	0.119956	3.486023
33000	-1824.331	-2104.81	280.4785	1.283676	2.872443	0.730364	0.269636	3.473989
33006	-1832.274	-2114.578	282.3048	1.577461	2.769197	0.953199	0.0468014	2.211066
33012	-1837.586	-2119.337	281.7509	1.427848	3.673951	0.83199	0.16801	2.427131
33018	-1830.812	-2111.84	281.0275	1.433308	4.400486	0.839484	0.160516	2.721746
33024	-1837.576	-2118.426	280.8503	1.433308	3.385595	0.873271	0.126729	3.041208
33030	-1814.189	-2094.973	280.7841	1.247629	4.156287	0.826194	0.173806	3.028601
33036	-1824.37	-2104.188	279.8179	1.40068	2.669638	0.895895	0.104105	3.84209
33042	-1823.923	-2104.607	280.6848	1.137061	2.669638	0.991187	0.00881277	3.492798
33048	-1819.998	-2099.064	279.066	1.166606	3.589266	0.815215	0.184785	4.188415
33054	-1812.175	-2091.781	279.6067	1.166606	3.589266	0.85051	0.14949	3.879797
33060	-1820.548	-2100.148	279.5998	1.266695	4.476744	0.591252	0.408748	3.654457
33066	-1849.703	-2126.214	276.5107	1.218906	2.697617	0.637798	0.362202	5.78466
33072	-1834.033	-2113.599	279.5657	1.158192	3.072509	0.878225	0.121775	4.023737
33078	-1831.251	-2110.73	279.4795	1.209629	3.609804	0.892196	0.107804	3.923723
33084	-1816.009	-2095.652	279.6431	1.056732	1.623498	0.925707	0.074293	4.471613
33090	-1806.84	-2085.522	278.6817	1.228031	3.130405	0.901703	0.0982973	4.471613
33096	-1807.181	-2087.661	280.4798	1.214352	3.736709	0.806224	0.193776	3.313852
33102	-1814.235	-2094.667	280.432	1.304024	3.620707	0.848852	0.151148	3.313852
33108	-1841.889	-2122.98	281.0908	1.293215	3.620707	0.665312	0.334688	2.927951
33114	-1827.532	-2108.163	280.6314	1.2516	4.130901	0.771104	0.228896	3.122395
33120	-1822.692	-2103.343	280.6506	1.410772	3.73619	0.929644	0.0703557	3.096418
33126	-1822.627	-2103.335	280.7082	1.353148	3.73619	0.861493	0.138507	3.096418
33132	-1827.701	-2108.172	280.4711	1.353148	2.993595	0.848717	0.151283	3.40704
33138	-1834.085	-2115.428	281.3432	1.393979	4.244012	0.846156	0.153844	2.581904
33144	-1832.414	-2113.726	281.3118	1.525152	5.694228	0.92919	0.0708102	2.259982
33150	-1800.542	-2082.709	282.1672	1.551316	2.757347	0.801031	0.198969	2.319638
33156	-1800.487	-2082.896	282.4089	1.601787	3.006125	0.815857	0.184143	2.059395
33162	-1823.836	-2106.309	282.473	1.519211	2.637835	0.813255	0.186745	2.179195
33168	-1823.184	-2103.817	280.6338	1.352416	3.422302	0.762615	0.237385	3.209828
33174	-1827.496	-2108.087	280.5918	1.346761	4.114211	0.605203	0.394797	3.092528
33180	-1815.156	-2095.92	280.7632	1.443193	3.735613	0.713618	0.286382	3.009827
33186	-1812.595	-2093.218	280.6226	1.347129	4.292342	0.847569	0.152431	3.039516
33192	-1811.892	-2094.025	282.133	1.381911	1.99954	0.862501	0.137499	2.69053
33198	-1811.585	-2092.778	281.193	1.386347	3.786689	0.787861	0.212139	2.773401
33204	-1823.642	-2104.687	281.0449	1.321459	2.636797	0.745798	0.254202	3.181581
33210	-1818.666	-2100.688	282.0219	1.315015	3.153534	0.897786	0.102214	2.453139
33216	-1816.152	-2098.075	281.9232	1.356982	1.961138	0.93477	0.0652303	2.847647
33222	-1822.492	-2103.892	281.3998	1.277734	3.94835	0.916328	0.0836717	2.679063
33228	-1828.6	-2109.97	281.3705	1.172754	2.306457	0.906394	0.0936063	3.173961
33234	-1817.176	-2098.341	281.1642	1.186178	2.698486	0.858396	0.141604	3.173961
33240	-1813.185	-2094.644	281.4592	1.140671	2.177043	0.899837	0.100163	3.181542
33246	-1822.219	-2101.447	279.2276	1.093825	2.104909	0.803749	0.196251	4.515958
33252	-1834.082	-2113.999	279.9168	1.18638	3.303223	0.888294	0.111706	3.752539
33258	-1844.445	-2125.042	280.5977	1.345112	3.660979	0.729087	0.270913	3.182995
33264	-1832.952	-2112.642	279.6899	1.217063	3.660979	0.9565	0.0434997	3.787919
33270	-1844.847	-2125.223	280.376	1.232491	3.630113	0.834516	0.165484	3.386755
33276	-1855.891	-2136.908	281.0172	1.43049	2.694509	0.759263	0.240737	3.11718
33282	-1838.283	-2119.508	281.2253	1.324189	3.425662	0.968545	0.0314551	2.871932
33288	-1831.517	-2112.835	281.3177	1.405227	3.269243	0.829475	0.170525	2.803616
33294	-1834.681	-2116.028	281.347	1.405227	2.602047	0.942635	0.0573654	2.960924
33300	-1842.971	-2124.188	281.2167	1.299896	3.13595	0.952959	0.0470411	2.960924
33306	-1844.244	-2126.689	282.4451	1.295056	2.465628	0.69465	0.30535	2.393865
33312	-1825.465	-2106.656	281.1917	1.326936	3.0254	0.805588	0.194412	2.987376
33318	-1829.086	-2110.681	281.5953	1.298893	2.234109	0.921169	0.0788311	2.987376
33324	-1832.447	-2113.124	280.6774	1.242441	2.591349	0.601551	0.398449	3.457125
33330	-1824.274	-2103.497	279.2232	0.956234	2.700738	0.94064	0.0593597	4.425046
33336	-1822.664	-2101.67	279.0064	1.127998	2.799748	0.68817	0.31183	4.425046
33342	-1824.705	-2103.363	278.6588	0.9659489	2.488454	0.760872	0.239128	4.793049
33348	-1824.898	-2104.966	280.0678	1.114452	2.694031	0.864644	0.135356	3.856449
33354	-1831.959	-2112.145	280.1852	1.299027	3.037684	0.897667	0.102333	3.59448
33360	-1829.564	-2111.366	281.802	1.323152	2.17448	0.961155	0.0388451	2.867674
33366	-1828.588	-2108.483	279.8951	1.319056	3.711409	0.939446	0.0605537	3.599776
33372	-1820.526	-2101.463	280.9369	1.531646	3.05976	0.77301	0.22699	3.00878
33378	-1826.472	-2107.635	281.1623	1.29424	2.17888	0.842092	0.157908	3.265764
33384	-1829.141	-2109.168	280.0277	1.150664	1.831542	0.946749	0.0532512	4.123264
33390	-1826.421	-2107.195	280.7746	1.327693	2.711642	0.878747	0.121253	3.317034
33396	-1824.079	-2102.885	278.8062	1.079248	3.423299	0.870514	0.129486	4.419994
33402	-1827.562	-2105.666	278.1035	1.035828	3.469705	0.813235	0.186765	4.828432
33408	-1820.265	-2100.387	280.1218	1.035828	2.516696	0.832723	0.167277	3.918965
33414	-1811.075	-2091.123	280.0473	1.103774	2.516696	0.851957	0.148043	3.922758
33420	-1823.362	-2103.16	279.7977	1.177892	2.896545	0.694904	0.305096	3.922758
33426	-1821.665	-2102.539	280.874	1.251703	3.742018	0.789338	0.210662	3.056803
33432	-1814.56	-2093.906	279.346	1.253625	2.573964	0.793714	0.206286	4.221244
33438	-1823.549	-2102.24	278.6903	0.9832509	2.724127	0.938809	0.0611907	4.703111
33444	-1832.061	-2110.902	278.841	1.0481	2.499471	0.878265	0.121735	4.642161
33450	-1823.364	-2103.724	280.3601	1.285537	2.52649	0.934853	0.0651466	3.634991
33456	-1819.399	-2099.665	280.2654	1.270358	2.845273	0.951949	0.0480513	3.612792
33462	-1831.381	-2111.723	280.342	1.381641	2.445894	0.986495	0.0135055	3.612792
33468	-1823.606	-2102.832	279.2263	1.213034	2.445894	0.78359	0.21641	4.34751
33474	-1826.666	-2107.049	280.3824	1.305206	3.691261	0.885654	0.114346	3.327279
33480	-1822.414	-2103.35	280.9354	1.471891	3.726216	0.943164	0.056836	2.890899
33486	-1822.12	-2103.975	281.8557	1.643741	3.056147	0.934799	0.065201	2.375992
33492	-1823.209	-2103.95	280.7406	1.380105	3.006966	0.732374	0.267626	3.22914
33498	-1821.201	-2101.718	280.5169	1.330136	3.710556	0.821462	0.178538	3.22914
33504	-1818.129	-2098.849	280.7205	1.132207	2.476273	0.841442	0.158558	3.528982
33510	-1833.703	-2114.164	280.461	1.266553	2.913111	0.91749	0.08251	3.483838
33516	-1832.069	-2111.008	278.939	1.092799	2.913111	0.942092	0.0579079	4.454627
33522	-1822.32	-2101.123	278.8032	1.228557	2.913111	0.783628	0.216372	4.454627
33528	-1830.493	-2110.941	280.448	1.32166	3.679155	0.808244	0.191756	3.281539
33534	-1837.458	-2118.051	280.5933	1.192228	2.937544	0.959769	0.0402313	3.443751
33540	-1830.249	-2110.781	280.5323	1.284642	2.072647	0.945628	0.0543721	3.674203
33546	-1824.068	-2105.218	281.1498	1.140273	1.783939	0.9687	0.0313003	3.500682
33552	-1827.113	-2106.423	279.3104	1.202147	3.035428	0.831714	0.168286	4.152987
33558	-1826.055	-2105.94	279.8858	1.189056	2.986827	0.879205	0.120795	3.843394
33564	-1836.332	-2116.031	279.6995	1.157305	3.565314	0.945995	0.0540046	3.836923
33570	-1830.064	-2109.744	279.6797	1.150165	2.749223	0.689901	0.310099	4.043633
33576	-1812.378	-2092.042	279.6641	1.11487	2.862763	0.764204	0.235796	4.043633
33582	-1825.691	-2105.892	280.201	1.244276	3.013586	0.891331	0.108669	3.62299
33588	-1837.74	-2117.442	279.7024	1.203444	4.525562	0.966398	0.0336018	3.62299
33594	-1819.914	-2099.928	280.0143	1.298354	4.525562	0.776684	0.223316	3.385718
33600	-1836.492	-2117.968	281.4768	1.873918	4.077385	0.734681	0.265319	2.228808
33606	-1836.13	-2116.328	280.1979	1.521209	4.077385	0.786993	0.213007	3.230122
33612	-1842.516	-2121.044	278.5283	1.521209	3.313988	0.911035	0.088965	4.351303
33618	-1834.88	-2115.362	280.483	1.255672	3.280634	0.69073	0.30927	3.388178
33624	-1831.262	-2110.484	279.2221	1.078985	2.567462	0.936351	0.0636495	4.391893
33630	-1822.525	-2100.52	277.9944	0.9624712	2.915515	0.921642	0.0783584	5.054765
33636	-1826.386	-2107.464	281.0783	1.012294	1.746892	0.892885	0.107115	3.630648
33642	-1820.674	-2101.654	280.9796	1.071294	2.804889	0.779595	0.220405	3.322335
33648	-1828.565	-2109.287	280.722	1.060344	2.184611	0.909886	0.0901143	3.65799
33654	-1829.413	-2108.894	279.4813	1.065247	2.737284	0.742201	0.257799	4.207935
33660	-1821.628	-2101.462	279.8337	1.053348	2.737284	0.727135	0.272865	4.014114
33666	-1821.856	-2101.677	279.8209	0.9239824	2.165989	0.834647	0.165353	4.257755
33672	-1817.168	-2096.798	279.6302	1.114668	2.165989	0.856206	0.143794	4.257755
33678	-1821.285	-2102.064	280.7792	1.224479	2.56866	0.960645	0.0393547	3.414428
33684	-1821.542	-2102.652	281.1102	1.377362	2.56866	0.948255	0.0517445	3.128836
33690	-1823.245	-2103.233	279.9874	1.161905	2.575699	0.930776	0.0692238	3.907356
33696	-1826.405	-2106.416	280.0105	1.226311	2.459981	0.891062	0.108938	3.889605
33702	-1832.502	-2112.591	280.0894	1.169201	2.416582	0.916121	0.0838787	3.889605
33708	-1831.514	-2112.208	280.694	1.467838	3.087612	0.79818	0.20182	3.184731
33714	-1832.542	-2113.432	280.8899	1.511699	4.031633	0.804787	0.195213	2.830417
33720	-1828.363	-2108.871	280.5077	1.540467	3.041154	0.848297	0.151703	3.263482
33726	-1826.443	-2108.237	281.7948	1.303643	1.439426	0.628808	0.371192	3.16621
33732	-1824.583	-2105.721	281.1375	1.211782	2.729181	0.806581	0.193419	3.16621
33738	-1825.922	-2107.187	281.2647	1.290583	2.308319	0.789855	0.210145	3.16621
33744	-1839.491	-2120.209	280.7181	1.255522	3.218985	0.731828	0.268172	3.264386
33750	-1835.594	-2117.181	281.5869	1.154527	2.548357	0.94272	0.0572804	2.982931
33756	-1825.263	-2106.2	280.9367	1.163584	1.79317	0.847525	0.152475	3.60766
33762	-1823.757	-2103.505	279.7482	1.160751	1.951671	0.705293	0.294707	4.23444
33768	-1838.489	-2118.151	279.6626	1.204182	3.692679	0.754336	0.245664	3.804429
33774	-1823.353	-2103.148	279.7954	1.156036	2.059016	0.873368	0.126632	4.174704
33780	-1829.055	-2108.587	279.5323	1.109285	2.403978	0.892847	0.107153	4.245005
33786	-1847.707	-2126.881	279.1738	1.070924	1.549915	0.84123	0.15877	4.755801
33792	-1820.085	-2098.927	278.8417	1.113763	1.99705	0.920853	0.0791469	4.755801
33798	-1822.091	-2102.372	280.2814	1.176491	2.044895	0.943024	0.0569761	3.890258
33804	-1821.426	-2101.512	280.0861	1.399274	2.909081	0.907673	0.0923269	3.625764
33810	-1817.736	-2097.085	279.3487	1.399274	4.200149	0.840524	0.159476	3.773302
33816	-1812.635	-2093.232	280.5973	1.37471	3.189271	0.721937	0.278063	3.272397
33822	-1821.978	-2102.366	280.3879	1.37471	3.189271	0.842453	0.157547	3.395577
33828	-1833.508	-2115.54	282.0322	1.54277	3.372165	0.94032	0.0596802	2.246717
33834	-1826.306	-2107.187	280.8807	1.171105	4.144017	0.901984	0.0980164	3.019033
33840	-1821.454	-2104.147	282.6935	1.70069	2.90734	0.874637	0.125363	1.829825
33846	-1830.13	-2111.414	281.2848	1.543727	3.945912	0.844548	0.155452	2.586356
33852	-1832.23	-2112.852	280.6222	1.524438	4.291793	0.832262	0.167738	2.933363
33858	-1820.223	-2101.855	281.6317	1.354573	2.732944	0.82249	0.17751	2.782221
33864	-1823.3	-2105.204	281.9041	1.46544	3.261816	0.93215	0.0678496	2.405128
33870	-1847.286	-2126.313	279.0271	1.146024	2.360405	0.973955	0.0260449	4.522023
33876	-1846.327	-2124.799	278.4719	1.024783	4.002799	0.7908	0.2092	4.522023
33882	-1844.468	-2124.796	280.3282	1.157711	2.655187	0.905081	0.0949195	3.691862
33888	-1829.379	-2107.077	277.6982	1.063067	2.742856	0.493561	0.506439	5.205711
33894	-1838.567	-2117.524	278.9569	1.251207	3.032148	0.868179	0.131821	4.326373
33900	-1843.256	-2123.324	280.0682	1.215542	4.663768	0.840489	0.159511	3.378338
33906	-1849.706	-2128.591	278.8849	1.194489	3.016042	0.972516	0.0274843	4.402912
33912	-1837.174	-2119.199	282.0248	1.34005	2.008177	0.781315	0.218685	2.779258
33918	-1826.649	-2107.812	281.1634	1.326992	3.010665	0.864846	0.135154	3.008052
33924	-1824.773	-2104.69	279.9169	1.488048	4.353636	0.923738	0.0762618	3.362757
33930	-1821.372	-2102.725	281.3531	1.528658	3.403704	0.954258	0.0457422	2.674365
33936	-1826.129	-2107.101	280.9721	1.414555	3.269154	0.661898	0.338102	3.006736
33942	-1810.97	-2091.12	280.1503	1.291	2.803712	0.724688	0.275312	3.678271
33948	-1825.986	-2105.577	279.5908	1.255817	2.63257	0.811108	0.188892	4.064944
33954	-1827.309	-2106.27	278.961	1.24119	3.333143	0.808523	0.191477	4.260686
33960	-1830.688	-2108.393	277.7055	1.062437	2.724414	0.803129	0.196871	5.206665
33966	-1832.104	-2111.822	279.7181	1.123165	3.396157	0.673822	0.326178	3.882465
33972	-1842.691	-2122.177	279.4863	1.129387	2.667762	0.693906	0.306094	4.186942
33978	-1831.768	-2112.597	280.8287	1.260168	3.801361	0.802076	0.197924	3.066285
33984	-1822.033	-2102.469	280.4358	1.388269	3.801361	0.793761	0.206239	3.223703
33990	-1839.411	-2121.657	282.2464	1.590434	3.164381	0.889393	0.110607	2.130457
33996	-1830.453	-2111.441	280.9876	1.416473	3.963479	0.674344	0.325656	2.842878
34002	-1824.109	-2103.369	279.26	1.028707	3.963479	0.662133	0.337867	4.081353
34008	-1812.111	-2093.359	281.2488	1.286497	4.026678	0.784903	0.215097	2.74999
34014	-1832.93	-2112.65	279.7198	1.258172	3.554133	0.871493	0.128507	3.769499
34020	-1822.986	-2104.484	281.4976	1.631954	3.554133	0.822937	0.177063	2.485483
34026	-1830.152	-2111.996	281.8441	1.517466	3.554133	0.957628	0.042372	2.339116
34032	-1809.44	-2089.828	280.3878	1.331619	3.612101	0.903409	0.0965913	3.325436
34038	-1819.616	-2098.639	279.0231	1.311583	3.648442	0.762892	0.237108	4.118124
34044	-1816.325	-2095.753	279.4285	1.065946	3.228843	0.946883	0.0531168	4.118124
34050	-1827.724	-2108.098	280.3739	1.533493	3.993948	0.894423	0.105577	3.134977
34056	-1828.541	-2109.7	281.1583	1.526271	4.034131	0.880938	0.119062	2.656923
34062	-1825.373	-2107.47	282.0974	1.479184	2.765987	0.914577	0.0854231	2.407116
34068	-1831.108	-2112.817	281.7088	1.274557	2.728321	0.833527	0.166473	2.785281
34074	-1829.348	-2108.336	278.9875	1.346005	4.942787	0.556442	0.443558	3.882566
34080	-1815.99	-2097.219	281.229	1.507454	3.868841	0.827465	0.172535	2.659588
34086	-1811.889	-2092.843	280.9534	1.463703	3.268451	0.800725	0.199275	2.988649
34092	-1809.368	-2088.79	279.4221	1.189647	3.268451	0.908277	0.0917225	4.042296
34098	-1812.904	-2092.572	279.6681	1.128951	2.907937	0.746608	0.253392	4.022053
34104	-1815.617	-2096.874	281.2571	1.320541	2.988542	0.959636	0.040364	2.961262
34110	-1825.521	-2107.182	281.6616	1.441362	2.162535	0.825975	0.174025	2.885101
34116	-1826.555	-2108.121	281.5656	1.50697	2.384072	0.742738	0.257262	2.832279
34122	-1838.556	-2118.083	279.5278	1.136928	3.743002	0.757814	0.242186	3.910223
34128	-1830.469	-2111.236	280.7671	1.397561	3.496553	0.714945	0.285055	3.087044
34134	-1840.027	-2120.073	280.0458	1.370007	4.813524	0.631219	0.368781	3.274764
34140	-1826.563	-2107.663	281.0996	1.321342	4.377428	0.743719	0.256281	2.75058
34146	-1812.132	-2092.409	280.2767	1.229278	3.486376	0.865323	0.134677	3.47791
34152	-1825.212	-2106.562	281.3499	1.699855	2.248897	0.885264	0.114736	2.888858
34158	-1818.624	-2099.439	280.815	1.204883	2.649651	0.534888	0.465112	3.382398
34164	-1829.628	-2110.662	281.034	1.299449	3.097961	0.86383	0.13617	3.080088
34170	-1824.84	-2105.915	281.0745	1.259909	2.649757	0.967887	0.0321132	3.19692
34176	-1838.208	-2119.065	280.8577	1.303097	2.649757	0.858106	0.141894	3.299486
34182	-1811.681	-2092.583	280.9029	1.214803	2.742946	0.841607	0.158393	3.299486
34188	-1806.105	-2086.854	280.7493	1.289422	2.742946	0.763321	0.236679	3.345971
34194	-1807.867	-2088.821	280.9534	1.356589	2.742946	0.900505	0.0994952	3.185831
34200	-1818.479	-2100.773	282.2933	1.427648	2.101616	0.940523	0.0594767	2.52679
34206	-1820.184	-2100.884	280.7004	1.281729	2.097984	0.805167	0.194833	3.569999
34212	-1823.462	-2105.562	282.1	1.663106	3.415447	0.906183	0.0938166	2.113856
34218	-1826.986	-2109.375	282.3895	1.702785	2.938944	0.86511	0.13489	2.024447
34224	-1818.729	-2099.046	280.3168	1.308493	2.740326	0.824952	0.175048	3.588205
34230	-1821.595	-2102.088	280.4931	1.308493	2.375621	0.802143	0.197857	3.588205
34236	-1839.029	-2118.993	279.9648	1.184333	2.778529	0.832233	0.167767	3.853258
34242	-1824.508	-2105.058	280.55	1.274547	2.778529	0.824559	0.175441	3.462032
34248	-1827.745	-2109.554	281.8088	1.447693	2.75486	0.945257	0.0547429	2.610172
34254	-1832.488	-2114.322	281.8339	1.650453	2.821216	0.864852	0.135148	2.449536
34260	-1822.567	-2105.679	283.1119	1.650453	2.406856	0.932623	0.0673765	1.737191
34266	-1836.902	-2119.155	282.2523	1.862195	3.988209	0.91176	0.0882399	1.737191
34272	-1821.519	-2099.783	278.2634	1.12663	2.920567	0.919396	0.0806042	4.812499
34278	-1832.432	-2113.344	280.9122	1.207107	2.661759	0.89161	0.10839	3.320617
34284	-1821.246	-2101.659	280.4132	1.561837	3.475217	0.79855	0.20145	3.204553
34290	-1821.409	-2102.164	280.755	1.486238	3.236699	0.809722	0.190278	3.101384
34296	-1829.017	-2108.344	279.3265	1.253963	4.445817	0.842574	0.157426	3.825027
34302	-1833.704	-2112.808	279.1039	0.902658	2.031777	0.763627	0.236373	4.71593
34308	-1837.796	-2117.307	279.511	0.8850164	2.949693	0.867014	0.132986	4.239892
34314	-1823.439	-2102.519	279.0804	0.9769587	3.269402	0.892169	0.107831	4.356758
34320	-1834.044	-2111.975	277.9311	1.089775	3.498995	0.760429	0.239571	4.888326
34326	-1824.191	-2104.837	280.6455	1.089775	2.089313	0.882324	0.117676	3.715916
34332	-1832.433	-2114.733	282.3002	1.360554	1.922728	0.956443	0.0435573	2.628914
34338	-1824.269	-2105.881	281.612	1.472444	3.080997	0.875299	0.124701	2.628914
34344	-1812.748	-2092.969	280.2211	1.158346	2.79729	0.829591	0.170409	3.7157
34350	-1827.186	-2106.496	279.3099	1.216998	4.080964	0.813886	0.186114	3.922743
34356	-1823.29	-2102.318	279.0272	1.204628	3.169682	0.857888	0.142112	4.280759
34362	-1811.021	-2091.58	280.5593	1.443351	3.58655	0.938286	0.061714	3.163568
34368	-1825.218	-2106.715	281.4966	1.638411	2.611057	0.959296	0.0407036	2.726079
34374	-1818.839	-2099.966	281.1269	1.478905	3.766938	0.711053	0.288947	2.761519
34380	-1826.724	-2105.496	278.7718	1.122314	3.504907	0.863743	0.136257	4.397682
34386	-1822.585	-2101.916	279.3307	1.013686	2.458212	0.874449	0.125551	4.397682
34392	-1831.204	-2111.41	280.2052	1.248869	3.164243	0.945357	0.0546433	3.581603
34398	-1824.572	-2104.825	280.2534	1.287331	3.861208	0.925036	0.0749638	3.378384
34404	-1821.797	-2102.634	280.8363	1.265251	1.707926	0.940482	0.0595178	3.639122
34410	-1815.368	-2096.59	281.2222	1.265251	1.707926	0.948099	0.051901	3.414309
34416	-1821.096	-2102.792	281.6963	1.211233	1.79109	0.833118	0.166882	3.134423
34422	-1822.079	-2103.813	281.7344	1.30797	3.198869	0.741275	0.258725	2.625074
34428	-1823.599	-2106.615	283.0164	1.537458	2.167314	0.870172	0.129828	1.966729
34434	-1813.898	-2093.219	279.3207	1.274518	2.343536	0.94289	0.0571097	4.288832
34440	-1807.752	-2088.42	280.6684	1.567693	3.387203	0.98173	0.0182698	3.069265
34446	-1823.507	-2103.961	280.4547	1.318764	4.168056	0.80975	0.19025	3.180303
34452	-1831.683	-2111.041	279.3575	1.062003	3.625092	0.937066	0.0629343	4.074647
34458	-1820.748	-2101.646	280.8975	1.369084	3.973216	0.885537	0.114463	2.924027
34464	-1826.584	-2104.902	278.3182	1.232904	2.771646	0.775662	0.224338	4.759431
34470	-1822.292	-2101.329	279.0372	1.134835	2.920309	0.898029	0.101971	4.373738
34476	-1818.035	-2098.291	280.2559	1.208874	3.488417	0.875909	0.124091	3.501538
34482	-1816.679	-2097.616	280.9378	1.414804	2.42842	0.860097	0.139903	3.249772
34488	-1810.112	-2092.096	281.9834	1.338416	3.254642	0.82363	0.17637	2.436969
34494	-1801.601	-2082.323	280.7213	1.373072	2.693676	0.898018	0.101982	3.326567
34500	-1816.236	-2098.621	282.385	1.61953	2.693676	0.644579	0.355421	2.154203
34506	-1810.697	-2092.139	281.442	1.372818	3.649204	0.91252	0.0874796	2.659199
34512	-1821.447	-2103.197	281.7497	1.462406	2.078353	0.858236	0.141764	2.847542
34518	-1811.545	-2093.494	281.949	1.430025	3.422935	0.961532	0.0384679	2.359386
34524	-1818.943	-2100.22	281.2772	1.321855	3.336807	0.884417	0.115583	2.862706
34530	-1833.987	-2115.486	281.4989	1.321855	2.91978	0.925066	0.0749338	2.83226
34536	-1819.633	-2100.978	281.3443	1.417553	3.057846	0.852013	0.147987	2.83226
34542	-1846.126	-2126.182	280.0561	1.360937	3.299693	0.845328	0.154672	3.57159
34548	-1843.052	-2123.142	280.0903	1.367974	3.067356	0.935014	0.0649856	3.602352
34554	-1832.884	-2113.706	280.8218	1.562246	3.656817	0.819735	0.180265	2.919993
34560	-1827.664	-2109.061	281.3975	1.339951	3.656817	0.759947	0.240053	2.705092
34566	-1837.638	-2118.445	280.8063	1.502092	3.495794	0.826788	0.173212	3.001242
34572	-1834.409	-2115.223	280.8137	1.101099	2.420277	0.743125	0.256875	3.509092
34578	-1826.065	-2107.719	281.6546	1.266702	2.902713	0.866923	0.133077	2.775548
34584	-1823.516	-2105.506	281.9892	1.316269	2.561335	0.84926	0.15074	2.635926
34590	-1818.754	-2100.75	281.9964	1.309089	2.561335	0.985038	0.0149622	2.635926
34596	-1824.029	-2104.151	280.1218	1.22363	2.561335	0.808475	0.191525	3.798673
34602	-1834.586	-2113.698	279.1119	1.205013	4.62378	0.654859	0.345141	3.945241
34608	-1829.026	-2108.902	279.8758	1.130599	2.598953	0.832904	0.167096	3.982811
34614	-1816.334	-2095.668	279.334	1.398303	3.746105	0.856623	0.143377	3.870782
34620	-1820.799	-2102.275	281.476	1.485677	2.994881	0.923432	0.0765683	2.726667
34626	-1825.186	-2106.829	281.6429	1.500282	1.768313	0.877183	0.122817	3.002403
34632	-1810.534	-2091.787	281.2524	1.515942	2.890231	0.971595	0.0284048	2.871805
34638	-1818.839	-2099.983	281.1437	1.402664	3.466496	0.950366	0.0496335	2.864436
34644	-1825.375	-2106.721	281.346	1.094736	1.496376	0.88033	0.11967	3.527929
34650	-1811.544	-2092.268	280.7239	1.26222	3.158788	0.98638	0.0136203	3.271352
34656	-1802.745	-2083.052	280.3073	1.242637	3.158788	0.893911	0.106089	3.527111
34662	-1809.797	-2090.588	280.7901	1.217736	3.327395	0.939087	0.0609126	3.218745
34668	-1828.059	-2108.17	280.1115	1.222621	2.685012	0.891429	0.108571	3.771435
34674	-1824.96	-2106.485	281.5251	1.414144	2.013134	0.782244	0.217756	3.034551
34680	-1825.68	-2106.721	281.0404	1.367191	3.84381	0.731852	0.268148	2.865662
34686	-1817.373	-2096.828	279.4549	1.071288	2.561853	0.788897	0.211103	4.266203
34692	-1814.972	-2095.658	280.6862	1.311858	2.561853	0.895751	0.104249	3.419681
34698	-1824.901	-2104.509	279.6073	1.102742	2.976359	0.798129	0.201871	4.054806
34704	-1849.477	-2128.883	279.406	1.075023	3.918966	0.833925	0.166075	3.980263
34710	-1811.536	-2091.739	280.2026	1.213366	3.630509	0.788986	0.211014	3.499331
34716	-1817.251	-2097.409	280.1577	1.258179	3.630509	0.698322	0.301678	3.499331
34722	-1824.386	-2104.775	280.3898	1.065771	3.062312	0.783396	0.216604	3.605095
34728	-1809.151	-2091.14	281.9892	1.270552	1.99122	0.926537	0.0734628	2.849246
34734	-1814.69	-2096.208	281.5173	1.357927	2.734747	0.865505	0.134495	2.849246
34740	-1828.388	-2110.496	282.108	1.203351	2.386955	0.882146	0.117854	2.685526
34746	-1822.924	-2104.272	281.3483	1.499041	4.275875	0.877952	0.122048	2.507027
34752	-1819.712	-2102.184	282.4722	1.358194	2.00064	0.943686	0.0563136	2.494714
34758	-1820.655	-2101.722	281.0673	1.264003	2.231516	0.838318	0.161682	3.322716
34764	-1827.274	-2107.612	280.338	1.175677	3.004949	0.647189	0.352811	3.585425
34770	-1810.209	-2090.224	280.0144	1.175677	3.849675	0.843921	0.156079	3.585425
34776	-1812.34	-2092.375	280.0352	1.154881	3.849675	0.935657	0.0643427	3.585425
34782	-1814.666	-2094.373	279.7077	1.085912	3.127217	0.764105	0.235895	3.970984
34788	-1825.537	-2105.041	279.504	1.127516	3.184955	0.95168	0.0483202	4.050098
34794	-1818.827	-2097.698	278.8713	1.098983	3.379642	0.860315	0.139685	4.381597
34800	-1821.957	-2100.325	278.3679	0.9855122	2.8952	0.932127	0.0678731	4.839112
34806	-1824.309	-2102.394	278.0849	1.040467	2.8952	0.984735	0.015265	4.966087
34812	-1827.11	-2106.988	279.8779	1.080678	2.868339	0.764353	0.235647	3.93956
34818	-1830.634	-2111.351	280.7168	1.232452	2.04825	0.891576	0.108424	3.605595
34824	-1815.43	-2096.807	281.3769	1.334765	2.472438	0.877803	0.122197	3.023101
34830	-1820.616	-2101.68	281.0641	1.272689	2.472438	0.739522	0.260478	3.246119
34836	-1831.683	-2113.307	281.6237	1.344188	3.339474	0.816087	0.183913	2.63662
34842	-1819.835	-2101.456	281.6208	1.524015	2.417396	0.936869	0.0631312	2.778012
34848	-1819.537	-2101.976	282.439	1.720802	2.608036	0.88063	0.11937	2.078872
34854	-1809.394	-2091.418	282.024	1.456402	2.760402	0.906309	0.0936915	2.469254
34860	-1806.543	-2087.648	281.1046	1.455351	2.400446	0.921592	0.078408	3.135239
34866	-1802.764	-2082.575	279.8115	1.08397	2.400446	0.754807	0.245193	4.101825
34872	-1804.573	-2085.074	280.5009	1.230228	2.038011	0.870739	0.129261	3.735256
34878	-1809.863	-2089.465	279.6028	1.260863	4.048645	0.836273	0.163727	3.735256
34884	-1806.476	-2087.515	281.0394	1.145024	3.50326	0.861159	0.138841	3.073753
34890	-1809.343	-2088.978	279.6352	1.216165	2.901196	0.710208	0.289792	3.992688
34896	-1818.28	-2098.262	279.9816	1.123937	2.010782	0.899928	0.100072	4.102917
34902	-1819.989	-2099.33	279.3416	1.134274	3.26172	0.838217	0.161783	4.121234
34908	-1809.851	-2090.563	280.7118	1.191739	3.464073	0.847394	0.152606	3.24937
34914	-1806.893	-2088.666	281.7727	1.395845	2.688818	0.97329	0.0267098	2.68313
34920	-1805.495	-2087.102	281.6069	1.421278	3.306224	0.932524	0.0674762	2.607391
34926	-1807.98	-2089.646	281.6651	1.237515	2.573704	0.821937	0.178063	2.878381
34932	-1819.712	-2101.164	281.4524	1.342597	3.361888	0.678733	0.321267	2.737481
34938	-1814.288	-2095.175	280.8872	1.333676	2.849619	0.950638	0.049362	3.210173
34944	-1817.53	-2098.611	281.0801	1.333676	3.693524	0.9097	0.0902995	2.894038
34950	-1832.67	-2113.245	280.5742	1.135658	2.842009	0.778983	0.221017	3.512392
34956	-1834.251	-2113.016	278.7646	1.0031	2.025268	0.921821	0.0781788	4.851412
34962	-1823.667	-2102.395	278.7271	0.835611	2.403242	0.877389	0.122611	4.851412
34968	-1810.407	-2091.376	280.9691	1.226693	1.654809	0.951974	0.0480262	3.605203
34974	-1803.229	-2083.032	279.8032	1.209382	2.481199	0.89136	0.10864	4.011956
34980	-1817.49	-2097.505	280.0148	1.209382	2.927901	0.841922	0.158078	3.772014
34986	-1837.679	-2117.503	279.824	1.172152	3.393397	0.783027	0.216973	3.794
34992	-1832.29	-2110.284	277.994	1.110275	3.218481	0.788479	0.211521	4.902504
34998	-1849.327	-2128.972	279.6455	1.000931	3.218481	0.836333	0.163667	4.033882
35004	-1840.562	-2120.913	280.3509	1.089894	3.059916	0.866919	0.133081	3.614295
35010	-1835.134	-2116.352	281.2184	1.207902	2.412485	0.865768	0.134232	3.210925
35016	-1834.237	-2114.326	280.0889	1.276753	3.781625	0.92294	0.0770598	3.49709
35022	-1836.033	-2116.783	280.7507	1.399273	2.254024	0.777628	0.222372	3.422125
35028	-1843.825	-2124.393	280.5684	1.31439	2.792002	0.721512	0.278488	3.424369
35034	-1842.496	-2122.533	280.0374	1.122174	3.003682	0.94598	0.0540198	3.790534
35040	-1831.061	-2112.793	281.7321	1.334326	2.88333	0.867769	0.132231	2.691939
35046	-1822.606	-2102.552	279.9461	1.305656	3.039367	0.735928	0.264072	3.728691
35052	-1822.114	-2103.067	280.9529	1.313077	3.039367	0.919415	0.0805853	3.13482
35058	-1814.636	-2095.593	280.9566	1.309392	3.039367	0.931199	0.0688007	3.13482
35064	-1822.403	-2104.307	281.9045	1.430187	2.805018	0.87006	0.12994	2.547618
35070	-1820.837	-2101.138	280.3011	1.220874	4.104472	0.833936	0.166064	3.341079
35076	-1821.871	-2102.923	281.0521	1.251749	3.582195	0.959073	0.0409267	2.984659
35082	-1820.201	-2101.548	281.3473	1.346739	3.582195	0.855398	0.144602	2.748346
35088	-1811.828	-2093.533	281.7053	1.355282	3.207041	0.964528	0.035472	2.611797
35094	-1830.336	-2112.012	281.676	1.664602	3.412237	0.77241	0.22759	2.386325
35100	-1833.764	-2114.286	280.5227	1.591474	3.21927	0.76696	0.23304	3.181145
35106	-1824.697	-2107.24	282.5433	1.524364	2.537588	0.919597	0.0804027	2.16132
35112	-1845.463	-2126.938	281.475	1.560649	2.937261	0.902222	0.0977775	2.696414
35118	-1820.24	-2101.105	280.8649	1.314459	4.051617	0.919178	0.080822	2.960746
35124	-1828.483	-2110.583	282.0996	1.505513	3.90042	0.809052	0.190948	2.102231
35130	-1835.592	-2117.285	281.6937	1.505513	2.779721	0.727099	0.272901	2.638618
35136	-1829.472	-2111.379	281.9065	1.478238	2.769012	0.837459	0.162541	2.526573
35142	-1830.651	-2111.167	280.5164	1.161944	2.855687	0.923415	0.0765847	3.527192
35148	-1827.382	-2109.429	282.0464	1.403078	3.161559	0.91667	0.0833299	2.38009
35154	-1827.873	-2109.862	281.9891	1.406967	3.021332	0.667738	0.332262	2.450448
35160	-1826.743	-2107.577	280.8342	1.345226	3.990174	0.792887	0.207113	2.973069
35166	-1820.428	-2100.65	280.2214	1.415827	5.223545	0.672218	0.327782	3.075262
35172	-1835.707	-2117.819	282.1114	1.622334	2.954384	0.628973	0.371027	2.25411
35178	-1830.167	-2113.01	282.8424	1.710616	2.533911	0.597814	0.402186	1.838697
35184	-1828.937	-2109.958	281.0213	1.237503	3.641682	0.727158	0.272842	2.998635
35190	-1834.62	-2115.299	280.6786	1.261872	3.538436	0.762753	0.237247	3.210996
35196	-1829.677	-2106.791	277.1143	1.212891	2.912956	0.956195	0.0438054	5.403499
35202	-1829.493	-2110.625	281.1314	1.344181	2.654677	0.952794	0.0472055	3.111667
35208	-1814.238	-2095.792	281.5537	1.466623	3.43973	0.876945	0.123055	2.580281
35214	-1821.056	-2102.682	281.6265	1.453543	3.364827	0.852299	0.147701	2.561072
35220	-1822.611	-2102.716	280.1045	1.095399	4.099976	0.874091	0.125909	3.530424
35226	-1822.242	-2102.442	280.2002	1.233376	3.96659	0.900029	0.0999706	3.420011
35232	-1818.137	-2098.768	280.6317	1.224712	2.943393	0.927361	0.0726389	3.400779
35238	-1832.605	-2113.139	280.5338	1.326828	2.933648	0.872311	0.127689	3.400779
35244	-1830.196	-2111.15	280.9538	1.306659	3.371248	0.917624	0.0823763	3.058332
35250	-1831.589	-2111.875	280.2856	1.40734	3.188619	0.894418	0.105582	3.43654
35256	-1825.595	-2106.141	280.546	1.355291	3.475825	0.794317	0.205683	3.248063
35262	-1821.001	-2102.37	281.3691	1.284823	3.966262	0.76655	0.23345	2.689797
35268	-1837.578	-2119.263	281.685	1.474871	3.966262	0.825119	0.174881	2.374484
35274	-1830.703	-2110.473	279.7703	1.267865	2.13316	0.786292	0.213708	4.101543
35280	-1820.967	-2101.525	280.558	1.397566	3.13034	0.818515	0.181485	3.296261
35286	-1825.107	-2104.837	279.7304	1.191127	3.297578	0.758585	0.241415	3.85839
35292	-1821.946	-2103.489	281.5432	1.424801	3.640102	0.774144	0.225856	2.566568
35298	-1811.882	-2094.198	282.3161	1.556881	3.123489	0.897166	0.102834	2.117704
35304	-1817.531	-2099.13	281.5992	1.662875	3.123489	0.833214	0.166786	2.507683
35310	-1828.689	-2111.594	282.9051	1.648099	2.244311	0.610588	0.389412	1.939077
35316	-1808.972	-2092.005	283.0327	1.645062	2.33209	0.934275	0.0657254	1.822691
35322	-1823.608	-2106.919	283.3107	1.637622	1.94799	0.832878	0.167122	1.783552
35328	-1808.159	-2090.824	282.6652	1.722634	3.113198	0.716818	0.283182	1.773819
35334	-1824.876	-2105.811	280.9351	1.537796	3.262515	0.929232	0.0707684	2.95649
35340	-1812.603	-2093.573	280.9706	1.193759	3.131847	0.949894	0.0501064	3.172403
35346	-1833.232	-2112.419	279.1869	1.042736	2.739292	0.939481	0.0605185	4.386758
35352	-1839.167	-2119.013	279.8453	1.076177	2.007001	0.954797	0.0452027	4.2088
35358	-1849.882	-2130.077	280.1949	1.15339	2.222208	0.878261	0.121739	3.896401
35364	-1847.861	-2126.82	278.9592	1.385137	2.571277	0.91369	0.0863099	4.366478
35370	-1827.407	-2107.656	280.2485	1.315309	2.897439	0.813925	0.186075	3.583149
35376	-1816.444	-2098.82	282.376	1.465187	2.076087	0.733664	0.266336	2.460638
35382	-1810.728	-2092.214	281.4861	1.352792	2.419439	0.944071	0.0559287	2.962633
35388	-1802.118	-2084.719	282.6014	1.519028	1.995884	0.945794	0.0542061	2.313339
35394	-1817.56	-2099.869	282.3093	1.605654	2.738093	0.757775	0.242225	2.199132
35400	-1812.11	-2093.901	281.7908	1.440517	2.738093	0.81906	0.18094	2.630464
35406	-1834.98	-2115.636	280.6556	1.346231	2.738093	0.790367	0.209633	3.368914
35412	-1830.209	-2110.7	280.4903	1.53117	2.764312	0.930888	0.0691118	3.350396
35418	-1828.003	-2108.44	280.4372	1.16517	2.409754	0.96706	0.0329403	3.693587
35424	-1824.855	-2106.008	281.153	1.43733	3.376744	0.704023	0.295977	2.858576
35430	-1814.773	-2095.732	280.959	1.424	3.622901	0.921505	0.0784949	2.928034
35436	-1819.867	-2099.75	279.8821	1.276659	2.711974	0.803436	0.196564	3.865178
35442	-1817.21	-2096.531	279.3211	1.236138	4.296938	0.840913	0.159087	3.865178
35448	-1821.142	-2101.874	280.7318	1.280353	3.552978	0.908108	0.0918923	3.165282
35454	-1829.421	-2110.721	281.2993	1.32231	2.243352	0.821551	0.178449	3.147287
35460	-1816.667	-2097.445	280.7778	1.361463	2.795589	0.86994	0.13006	3.272715
35466	-1821.19	-2099.763	278.5731	1.212223	2.36275	0.737377	0.262623	4.738713
35472	-1822.705	-2103.98	281.2744	1.242721	2.046953	0.842186	0.157814	3.273772
35478	-1808.991	-2090.396	281.4058	1.256162	1.816277	0.90583	0.0941697	3.270415
35484	-1817.5	-2099.546	282.0453	1.461292	2.815048	0.705485	0.294515	2.437333
35490	-1818.144	-2100.304	282.1603	1.461292	2.485922	0.928884	0.0711157	2.462179
35496	-1834.474	-2116.072	281.5978	1.536362	3.038522	0.794299	0.205701	2.609125
35502	-1841.9	-2123.601	281.7007	1.536362	4.700859	0.805777	0.194223	2.176301
35508	-1840.109	-2122.455	282.3466	1.5004	2.127322	0.945767	0.0542332	2.438824
35514	-1822.355	-2104.146	281.7912	1.451327	3.451292	0.874068	0.125932	2.438824
35520	-1822.162	-2103.94	281.7775	1.507972	2.591592	0.850534	0.149466	2.639334
35526	-1808.511	-2089.718	281.207	1.526911	3.891508	0.918821	0.0811794	2.656311
35532	-1810.809	-2092.066	281.2571	1.476775	3.891508	0.913561	0.0864393	2.656311
35538	-1818.257	-2100.715	282.4583	1.394324	2.357606	0.958737	0.0412628	2.357211
35544	-1806.495	-2087.316	280.8209	1.562977	5.527724	0.930379	0.0696207	2.572505
35550	-1811.83	-2093.665	281.8352	1.51547	2.704997	0.950263	0.0497372	2.565999
35556	-1808.953	-2088.995	280.0425	1.281977	3.546581	0.758013	0.241987	3.570567
35562	-1825.705	-2104.382	278.6776	1.263826	3.31638	0.831258	0.168742	4.411773
35568	-1819.412	-2100.854	281.4414	1.451447	2.951257	0.894864	0.105136	2.780084
35574	-1831.271	-2110.712	279.4411	1.267496	1.928967	0.865825	0.134175	4.35553
35580	-1811.751	-2090.518	278.7671	1.118939	3.7314	0.759175	0.240825	4.35553
35586	-1814.326	-2093.205	278.8791	1.175638	3.247914	0.783776	0.216224	4.363067
35592	-1817.454	-2098.847	281.3931	1.175638	1.841756	0.940656	0.0593435	3.31593
35598	-1798.6	-2079.024	280.4245	1.327727	3.566894	0.898033	0.101967	3.31593
35604	-1798.388	-2082.388	283.9995	1.675411	1.632142	0.989022	0.0109782	1.400703
35610	-1814.453	-2097.048	282.5947	1.62685	2.950974	0.817567	0.182433	1.934513
35616	-1817.867	-2098.443	280.5765	1.227316	3.051415	0.775203	0.224797	3.404682
35622	-1814.082	-2095.573	281.4909	1.355089	3.372324	0.921195	0.0788054	2.703759
35628	-1817.771	-2099.934	282.1631	1.40907	2.208696	0.846754	0.153246	2.582448
35634	-1824.45	-2105.236	280.7856	1.31605	2.996672	0.950238	0.0497616	3.243003
35640	-1826.964	-2109.311	282.3476	1.395532	2.158076	0.892146	0.107854	2.493259
35646	-1830.368	-2112.627	282.2593	1.712769	3.08018	0.569026	0.430974	2.06441
35652	-1824.194	-2106.221	282.0272	1.54406	3.08018	0.82578	0.17422	2.324015
35658	-1832.319	-2114.427	282.1081	1.438603	3.08018	0.929684	0.0703156	2.339628
35664	-1819.747	-2101.949	282.2018	1.500191	3.710621	0.669453	0.330547	2.082284
35670	-1825.349	-2106.003	280.6539	1.232351	3.43691	0.832636	0.167364	3.265648
35676	-1827.687	-2107.43	279.7437	1.049978	2.802159	0.95406	0.04594	4.050672
35682	-1819.15	-2099.704	280.5544	1.396546	2.802159	0.972393	0.0276067	3.381777
35688	-1823.985	-2104.625	280.6395	1.251184	3.135664	0.817603	0.182397	3.333193
35694	-1820.222	-2101.016	280.7946	1.287747	3.133575	0.843371	0.156629	3.220605
35700	-1820.267	-2103.132	282.8651	1.5321	2.11396	0.99085	0.00915025	2.090335
35706	-1829.857	-2111.468	281.6105	1.521193	3.312862	0.888248	0.111752	2.541558
35712	-1820.481	-2101.275	280.7941	1.181407	2.770414	0.734363	0.265637	3.37575
35718	-1828.361	-2109.659	281.2984	1.328113	2.379698	0.877012	0.122988	3.101857
35724	-1825.902	-2103.212	277.31	1.074158	4.063284	0.85381	0.14619	5.131384
35730	-1810.299	-2091.667	281.3675	1.532779	3.082085	0.940528	0.0594722	2.741741
35736	-1817.669	-2098.79	281.1207	1.246841	2.530521	0.804161	0.195839	3.211066
35742	-1816.01	-2096.975	280.965	1.402449	2.530521	0.858709	0.141291	3.211066
35748	-1810.093	-2091.219	281.1261	1.402449	2.530521	0.958146	0.0418537	3.115448
35754	-1815.239	-2096.671	281.4322	1.406902	2.530521	0.966304	0.0336956	2.929367
35760	-1810.406	-2090.885	280.4787	1.409379	3.411058	0.852747	0.147253	3.270381
35766	-1836.799	-2119.064	282.2655	1.408754	1.803454	0.894874	0.105126	2.666223
35772	-1828.543	-2110.344	281.8009	1.480895	2.870112	0.860592	0.139408	2.562562
35778	-1830.182	-2112.406	282.2245	1.460817	2.269755	0.94754	0.0524599	2.491595
35784	-1839.582	-2120.428	280.8458	1.579425	3.367326	0.88869	0.11131	2.960449
35790	-1831.928	-2112.376	280.4476	1.338598	2.635818	0.86714	0.13286	3.522801
35796	-1816.318	-2096.198	279.8804	1.134346	2.635818	0.900595	0.0994054	3.96803
35802	-1824.941	-2105.528	280.5874	1.335046	4.210698	0.8468	0.1532	3.083417
35808	-1827.389	-2108.09	280.7013	1.298145	3.671449	0.894118	0.105882	3.147101
35814	-1823.926	-2104.598	280.6721	1.164897	2.124146	0.83456	0.16544	3.645744
35820	-1823.497	-2104.649	281.1524	1.330101	4.002064	0.899423	0.100577	2.787291
35826	-1826.812	-2106.915	280.1029	1.175716	2.000378	0.841656	0.158344	4.007691
35832	-1833.585	-2114.204	280.6196	1.161093	1.849519	0.920304	0.079696	3.771924
35838	-1822.437	-2102.785	280.3481	1.180828	1.591785	0.908865	0.0911348	4.014087
35844	-1826.18	-2107.242	281.0613	1.125058	1.773438	0.885849	0.114151	3.565019
35850	-1826.337	-2105.523	279.1855	1.188497	2.001061	0.942313	0.0576875	4.519929
35856	-1814.382	-2093.17	278.7885	1.046882	2.137664	0.834441	0.165559	4.777982
35862	-1813.541	-2092.175	278.6336	1.014117	1.889894	0.793798	0.206202	4.963173
35868	-1815.988	-2097.474	281.486	1.290545	2.490691	0.871541	0.128459	2.978726
35874	-1822.222	-2103.523	281.3011	1.262867	2.434596	0.982171	0.0178286	3.122541
35880	-1821.04	-2101.921	280.8808	1.280608	2.106028	0.814852	0.185148	3.462865
35886	-1827.5	-2108.359	280.8593	1.124322	2.441044	0.877483	0.122517	3.462865
35892	-1828.603	-2110.264	281.6611	1.142859	1.785467	0.854485	0.145515	3.198026
35898	-1825.571	-2106.638	281.0676	1.198046	2.795333	0.915193	0.0848073	3.198026
35904	-1833.734	-2113.25	279.5163	0.9950135	2.057668	0.933624	0.0663758	4.424166
35910	-1828.519	-2107.384	278.8645	1.175301	2.069583	0.927797	0.0722028	4.685172
35916	-1817.057	-2098.902	281.8453	1.163515	2.069583	0.885352	0.114648	2.973271
35922	-1830.302	-2112.844	282.542	1.439564	1.661588	0.863891	0.136109	2.533627
35928	-1821.048	-2103.713	282.6656	1.417458	1.657329	0.931226	0.068774	2.472022
35934	-1834.689	-2116.38	281.6915	1.242274	3.087198	0.929708	0.0702919	2.719976
35940	-1831.95	-2114.587	282.6363	1.516694	2.344792	0.891587	0.108413	2.168649
35946	-1821.547	-2103.796	282.2489	1.545157	3.125544	0.912016	0.0879845	2.168649
35952	-1833.259	-2115.751	282.4918	1.432344	2.897943	0.928129	0.071871	2.146717
35958	-1860.281	-2142.787	282.506	1.48538	2.747385	0.897003	0.102997	2.146717
35964	-1857.901	-2139.82	281.9188	1.561229	4.069167	0.918487	0.0815128	2.146717
35970	-1849.969	-2133.174	283.2052	1.679657	2.067311	0.878244	0.121756	1.779166
35976	-1831.038	-2113.063	282.0249	1.57251	5.544818	0.853816	0.146184	1.779166
35982	-1827.631	-2109.073	281.4422	1.384998	3.242474	0.870635	0.129365	2.746528
35988	-1826.522	-2106.967	280.445	1.428295	3.68789	0.742482	0.257518	3.218417
35994	-1818.835	-2099.721	280.8865	1.319993	3.174135	0.932273	0.0677274	3.137106
36000	-1836.275	-2116.846	280.5703	1.319993	2.963046	0.73933	0.26067	3.375928
36006	-1840.642	-2118.759	278.1171	1.107441	4.803207	0.908069	0.0919314	4.534655
36012	-1841.829	-2121.738	279.9091	1.306784	3.788682	0.780138	0.219862	3.582806
36018	-1840.892	-2122.853	281.961	1.337264	2.434895	0.948519	0.0514806	2.678695
36024	-1822.343	-2104.256	281.9136	1.369461	4.399616	0.943934	0.0560656	2.20566
36030	-1830.882	-2111.579	280.6973	1.349777	3.396893	0.852247	0.147753	3.179522
36036	-1837.395	-2115.468	278.0729	1.148321	2.134304	0.870352	0.129648	5.120632
36042	-1838.721	-2120.639	281.9185	1.618939	2.98267	0.8416	0.1584	2.371588
36048	-1857.603	-2139.336	281.7322	1.718479	3.722791	0.842266	0.157734	2.242889
36054	-1839.666	-2119.771	280.105	1.27318	3.56182	0.93529	0.0647104	3.536001
36060	-1830.333	-2109.797	279.4644	1.088672	1.891517	0.925541	0.074459	4.456137
36066	-1831.764	-2112.08	280.316	1.200097	1.870086	0.949501	0.0504989	3.916672
36072	-1827.664	-2107.179	279.5158	1.167436	2.231295	0.949567	0.0504332	4.272537
36078	-1803.793	-2083.396	279.6033	1.344606	3.656942	0.872212	0.127788	3.765173
36084	-1823.331	-2102.46	279.129	1.106511	2.511056	0.916563	0.0834368	4.444319
36090	-1824.107	-2103.066	278.9586	1.09359	2.908297	0.852209	0.147791	4.444319
36096	-1821.395	-2099.538	278.1436	1.140195	2.921199	0.773633	0.226367	4.871599
36102	-1822.461	-2101.854	279.3938	1.216981	2.511993	0.967472	0.0325276	4.231995
36108	-1829.076	-2109.837	280.7606	1.061217	2.018926	0.854776	0.145224	3.689279
36114	-1819.426	-2098.35	278.9245	1.051438	3.594697	0.863463	0.136537	4.332677
36120	-1818.787	-2097.997	279.21	1.139482	3.594697	0.9252	0.0747998	4.120863
36126	-1818.021	-2098.447	280.4259	1.322252	3.311636	0.817802	0.182198	3.375433
36132	-1810.174	-2091.023	280.8484	1.176929	2.793756	0.991715	0.00828542	3.340305
36138	-1814.926	-2096.135	281.2092	1.199967	2.49246	0.939313	0.0606872	3.197426
36144	-1823.532	-2103.884	280.3513	1.116945	2.540046	0.903056	0.0969438	3.733782
36150	-1820.496	-2101.782	281.2857	1.155484	2.699732	0.874588	0.125412	3.119655
36156	-1832.062	-2114.188	282.1255	1.360312	4.167838	0.966827	0.0331729	2.121774
36162	-1815.856	-2098.303	282.4469	1.521075	2.397129	0.907271	0.0927287	2.270742
36168	-1828.172	-2110.965	282.7932	1.521075	2.479762	0.984336	0.0156641	2.017849
36174	-1827.545	-2109.592	282.0464	1.459965	2.372618	0.789392	0.210608	2.569657
36102	-1860.611	-2140.406	279.795	1.126054	2.139819	0.944028	0.0559717	4.166009
36108	-1841.134	-2121.426	280.2922	1.350379	1.860772	0.925602	0.0743979	3.847429
36114	-1842.843	-2124.097	281.2533	1.519542	3.144901	0.859469	0.140531	2.8037
36120	-1833.449	-2114.271	280.822	1.224675	2.244461	0.816404	0.183596	3.485503
36126	-1844.615	-2126.609	281.9948	1.54299	2.32438	0.900172	0.0998279	2.565612
36132	-1817.291	-2100.432	283.1409	1.577992	2.237746	0.869843	0.130157	1.828627
36138	-1822.327	-2104.21	281.8827	1.480137	2.390691	0.903416	0.0965836	2.652669
36144	-1807.059	-2088.159	281.0996	1.367381	3.067863	0.872986	0.127014	3.007651
36150	-1815.615	-2095.606	279.9916	1.367381	4.641107	0.832283	0.167717	3.338074
36156	-1805.551	-2084.847	279.2966	1.167809	2.898133	0.751222	0.248778	4.21379
36162	-1811.938	-2091.386	279.4479	1.262246	2.547281	0.911396	0.0886036	4.165847
36168	-1822.186	-2102.445	280.2588	1.235784	4.866508	0.785663	0.214337	3.219205
36174	-1828.031	-2107.416	279.385	1.273847	3.958565	0.997389	0.00261085	3.870605
36180	-1821.411	-2101.001	279.5902	1.119148	4.133068	0.89522	0.10478	3.808123
36186	-1808.292	-2088.099	279.8064	1.13715	3.466971	0.852525	0.147475	3.808123
36192	-1825.68	-2107.206	281.5252	1.80328	3.955742	0.681941	0.318059	2.269319
36198	-1825.524	-2107.352	281.8279	1.655795	3.519789	0.905591	0.0944087	2.269319
36204	-1818.041	-2098.665	280.6237	1.336667	2.445203	0.923971	0.0760289	3.475202
36210	-1828.365	-2109.599	281.2343	1.476664	2.366541	0.93829	0.0617097	3.055469
36216	-1838.449	-2119.548	281.0984	1.471434	2.654442	0.952786	0.0472143	3.055469
36222	-1830.522	-2113.554	283.0321	1.553021	3.258153	0.939036	0.0609642	1.591671
36228	-1837.429	-2120.443	283.0137	1.553021	2.52693	0.934842	0.0651578	1.831624
36234	-1831.191	-2114.107	282.9159	1.568094	1.941038	0.848961	0.151039	2.099283
36240	-1816.835	-2096.664	279.8289	1.312537	3.861764	0.805026	0.194974	3.611269
36246	-1830.01	-2111.005	280.9953	1.465128	3.081793	0.913762	0.0862384	3.008099
36252	-1842.178	-2123.217	281.0391	1.212292	2.26462	0.969551	0.0304485	3.359329
36258	-1831.149	-2111.158	280.0093	1.180605	2.142133	0.838834	0.161166	4.012152
36264	-1824.692	-2104.682	279.9905	1.220138	2.142133	0.932242	0.0677583	4.000311
36270	-1831.826	-2113.107	281.2814	1.194391	2.284675	0.883195	0.116805	3.220724
36276	-1838.67	-2118.539	279.869	0.9790139	1.752877	0.876806	0.123194	4.339133
36282	-1813.538	-2094.757	281.2189	1.162635	1.703546	0.879596	0.120404	3.47796
36288	-1813.013	-2094.143	281.1307	1.228375	2.827032	0.984094	0.015906	3.134119
36294	-1820.939	-2103.054	282.1151	1.480723	2.689541	0.921789	0.0782114	2.417123
36300	-1817.311	-2098.024	280.7124	1.339532	2.121022	0.889861	0.110139	3.521868
36306	-1823.655	-2104.55	280.8945	1.360102	2.325825	0.687123	0.312877	3.338488
36312	-1828.64	-2107.871	279.2307	1.127174	2.69867	0.959419	0.040581	4.324894
36318	-1827.6	-2107.54	279.9404	1.263023	3.769854	0.832343	0.167657	3.593936
36324	-1825.643	-2106.053	280.4098	1.300901	2.703278	0.780243	0.219757	3.548444
36330	-1828.521	-2110.944	282.4237	1.77215	3.473077	0.904514	0.0954859	1.808545
36336	-1807.876	-2089.283	281.4069	1.400754	3.340715	0.921238	0.0787623	2.734762
36342	-1812.757	-2093.891	281.1334	1.424214	4.109662	0.894635	0.105365	2.719498
36348	-1828.134	-2108.403	280.2687	1.209093	3.355346	0.80113	0.19887	3.523597
36354	-1837.595	-2118.907	281.3119	1.431423	2.431321	0.848257	0.151743	3.016413
36360	-1813.787	-2094.365	280.5773	1.274802	2.730054	0.913569	0.0864309	3.458787
36366	-1827.989	-2108.381	280.3911	1.360403	3.326445	0.934866	0.0651344	3.370097
36372	-1823.771	-2103.691	279.9192	1.173923	2.565338	0.757956	0.242044	3.942395
36378	-1831.151	-2111.762	280.6112	1.201593	3.391616	0.889595	0.110405	3.319166
36384	-1833.594	-2114.565	280.9709	1.235855	2.705188	0.784081	0.215919	3.257185
36390	-1830.61	-2110.68	280.07	1.153437	3.738716	0.962232	0.0377678	3.588692
36396	-1841.166	-2121.329	280.1622	1.303782	4.620739	0.800808	0.199192	3.27863
36402	-1847.917	-2127.383	279.4657	0.9927721	2.269661	0.876815	0.123185	4.388016
36408	-1846.944	-2128.343	281.3987	1.143182	1.852378	0.824762	0.175238	3.327854
36414	-1825.092	-2103.216	278.1235	1.169511	3.431004	0.641303	0.358697	4.750835
36420	-1827.798	-2106.736	278.9381	1.071677	2.580784	0.64998	0.35002	4.552292
36426	-1820.667	-2100.347	279.68	1.217892	2.515208	0.871524	0.128476	4.067876
36432	-1817.516	-2098.238	280.7217	1.542344	3.295536	0.806496	0.193504	3.073878
36438	-1813.674	-2094.748	281.0739	1.389757	2.598375	0.758878	0.241122	3.134571
36444	-1807.935	-2088.521	280.5851	1.120491	2.176314	0.936979	0.0630215	3.705028
36450	-1810.599	-2090.474	279.8749	1.054677	2.335595	0.939642	0.0603583	4.101342
36456	-1806.283	-2087.92	281.6373	1.424403	3.219997	0.8294	0.1706	2.607855
36462	-1803.099	-2084.316	281.2169	1.453222	3.587522	0.768055	0.231945	2.761754
36468	-1806.861	-2088.155	281.2939	1.308781	3.15672	0.593307	0.406693	2.903944
36474	-1807.428	-2088.44	281.0118	1.419185	3.060929	0.814895	0.185105	3.030942
36480	-1819.436	-2100.497	281.061	1.419185	2.945118	0.794392	0.205608	3.030942
36486	-1822.305	-2103.284	280.9789	1.393111	3.941972	0.831487	0.168513	2.86677
36492	-1835.764	-2115.538	279.7737	1.401048	3.900447	0.857919	0.142081	3.584172
36498	-1828.595	-2109.036	280.4411	1.521929	3.43414	0.965367	0.0346335	3.220898
36504	-1818.738	-2099.685	280.9473	1.402815	3.417245	0.828067	0.171933	2.994056
36510	-1819.905	-2102.722	282.8168	1.716568	2.907266	0.943476	0.0565236	1.733049
36516	-1813.408	-2095.199	281.7902	1.644775	3.340973	0.795739	0.204261	2.343942
36522	-1822.972	-2104.152	281.18	1.472426	2.795256	0.796037	0.203963	2.967214
36528	-1816.386	-2096.511	280.1249	1.579737	3.457318	0.838878	0.161122	3.368016
36534	-1813.538	-2093.399	279.8612	1.354242	4.635316	0.92158	0.0784201	3.423303
36540	-1820.575	-2100.846	280.2707	1.323392	3.500393	0.865746	0.134254	3.423303
36546	-1816.729	-2095.952	279.2233	1.20978	3.875137	0.872745	0.127255	4.016285
36552	-1818.382	-2096.87	278.488	1.071996	3.565184	0.811627	0.188373	4.573095
36558	-1832.255	-2111.739	279.4838	1.164114	2.698166	0.891728	0.108272	4.160627
36564	-1830.645	-2111.992	281.347	1.276245	2.698166	0.879664	0.120336	3.011313
36570	-1835.999	-2114.892	278.893	0.9474264	2.598702	0.96918	0.0308198	4.642491
36576	-1834.001	-2112.717	278.716	1.037836	2.785473	0.845026	0.154974	4.642491
36582	-1844.087	-2122.992	278.9055	1.220166	3.988072	0.908088	0.0919122	4.169429
36588	-1825.016	-2103.014	277.9977	1.088887	3.547959	0.941288	0.0587116	4.841488
36594	-1840.376	-2119.846	279.4699	1.171982	3.958504	0.755065	0.244935	3.88038
36600	-1822.19	-2102.744	280.554	1.236633	3.439652	0.903804	0.0961959	3.321419
36606	-1816.236	-2097.976	281.7398	1.345936	3.694963	0.893835	0.106165	2.480755
36612	-1832.333	-2113.834	281.5011	1.576792	4.223804	0.889702	0.110298	2.372535
36618	-1829.816	-2112.746	282.9301	1.555053	2.746263	0.932001	0.067999	1.816628
36624	-1834.825	-2116.103	281.278	1.152334	2.22753	0.933891	0.0661095	3.265603
36630	-1842.649	-2124.21	281.5613	1.245993	2.863655	0.873046	0.126954	2.855286
36636	-1829.653	-2111.167	281.5146	1.625813	3.777962	0.783569	0.216431	2.427877
36642	-1830.432	-2111.554	281.1218	1.298399	3.800914	0.778748	0.221252	2.867099
36648	-1838.283	-2117.02	278.7362	1.22775	3.756036	0.883463	0.116537	4.306577
36654	-1823.806	-2103.975	280.1692	1.137181	3.875552	0.838606	0.161394	3.512538
36660	-1826.678	-2105.693	279.0147	1.058948	3.381689	0.787679	0.212321	4.322751
36666	-1828.895	-2107.448	278.553	1.091214	2.852632	0.749409	0.250591	4.687082
36672	-1825.075	-2104.177	279.1013	1.153339	3.183549	0.847944	0.152056	4.264635
36678	-1841.862	-2120.034	278.1716	0.9665416	3.48177	0.853752	0.146248	4.826536
36684	-1824.916	-2103.203	278.2877	1.094003	3.760185	0.899777	0.100223	4.633508
36690	-1817.421	-2097.009	279.5886	1.110484	3.462554	0.856187	0.143813	3.949409
36696	-1821.202	-2102.215	281.0133	1.469366	3.164988	0.854591	0.145409	2.974232
36702	-1831.434	-2113.154	281.7204	1.435797	4.353155	0.937437	0.0625631	2.296516
36708	-1829.581	-2112.131	282.5497	1.624929	2.635862	0.846469	0.153531	2.060402
36714	-1838.141	-2120.346	282.2051	1.624929	3.449966	0.874097	0.125903	2.061169
36720	-1853.111	-2134.032	280.9212	1.287776	4.308472	0.951326	0.0486739	2.892545
36726	-1840.014	-2121.171	281.1573	1.293663	2.923039	0.788964	0.211036	3.054132
36732	-1828.863	-2109.066	280.2028	1.534254	3.306032	0.846817	0.153183	3.383263
36738	-1828.848	-2110.538	281.6895	1.740735	3.306032	0.818232	0.181768	2.35567
36744	-1827.495	-2109.252	281.7566	1.637785	4.630472	0.771895	0.228105	2.087153
36750	-1830.634	-2113.008	282.3747	1.512582	3.402061	0.904685	0.0953147	2.035423
36756	-1841.795	-2123.419	281.6236	1.519842	4.58457	0.949851	0.0501493	2.259121
36762	-1814.623	-2094.502	279.8789	1.339454	3.715368	0.772367	0.227633	3.5965
36768	-1808.596	-2089.437	280.8411	1.388011	3.751434	0.890052	0.109948	2.9928
36774	-1818.564	-2100.271	281.7073	1.388011	3.674978	0.90909	0.0909103	2.479299
36780	-1820.207	-2102.099	281.8926	1.480674	4.194837	0.874028	0.125972	2.189305
36786	-1824.651	-2106.492	281.8415	1.709935	4.507766	0.795094	0.204906	2.007782
36792	-1825.226	-2105.575	280.3493	1.458758	5.694546	0.878222	0.121778	2.898868
36798	-1811.303	-2092.41	281.1071	1.419057	3.37045	0.842807	0.157193	2.898868
36804	-1813.063	-2092.686	279.6231	1.271403	3.621101	0.806619	0.193381	3.80343
36810	-1816.617	-2097.674	281.0561	1.385365	2.344403	0.953067	0.0469331	3.222563
36816	-1822.327	-2102.806	280.4789	1.175338	2.922654	0.895179	0.104821	3.524171
36822	-1803.594	-2085.075	281.4808	1.321804	3.051261	0.891836	0.108164	2.809185
36828	-1814.632	-2095.574	280.9412	1.455236	4.153243	0.759105	0.240895	2.809185
36834	-1824.255	-2106.565	282.31	1.219238	2.032728	0.925159	0.074841	2.669846
36840	-1821.689	-2103.564	281.8751	1.550536	2.703035	0.870243	0.129757	2.519874
36846	-1818.125	-2098.637	280.5125	1.091705	2.800233	0.780873	0.219127	3.58469
36852	-1830.575	-2110.698	280.1231	1.194006	2.540709	0.967704	0.0322965	3.820727
36858	-1819.698	-2100.955	281.2572	1.258438	1.807139	0.891014	0.108986	3.359996
36864	-1820.043	-2100.969	280.9253	1.320204	2.64786	0.84376	0.15624	3.250014
36870	-1823.755	-2104.083	280.3283	1.397043	3.106525	0.94366	0.0563402	3.437205
36876	-1814.098	-2095.541	281.4436	1.37841	2.705713	0.663297	0.336703	2.889539
36882	-1812.388	-2093.099	280.7107	1.247623	2.557398	0.966067	0.033933	3.44418
36888	-1814.211	-2096.078	281.8674	1.466576	2.541398	0.857017	0.142983	2.624259
36894	-1834.452	-2114.58	280.128	1.322819	3.306976	0.77022	0.22978	3.550274
36900	-1827.661	-2108.814	281.1524	1.492613	3.312591	0.834551	0.165449	2.840544
36906	-1820.753	-2101.559	280.8059	1.34806	3.732288	0.880751	0.119249	3.041923
36912	-1821.879	-2102.563	280.6841	1.361638	3.252288	0.946029	0.0539708	3.213829
36918	-1824.699	-2105.33	280.6302	1.373191	3.360148	0.892329	0.107671	3.213829
36924	-1821.354	-2101.727	280.3733	1.281161	3.14641	0.684345	0.315655	3.469053
36930	-1818.138	-2099.662	281.5242	1.46351	2.825622	0.885727	0.114273	2.75577
36936	-1830.928	-2111.147	280.2193	1.250823	3.985347	0.843596	0.156404	3.394854
36942	-1820.187	-2100.505	280.3183	1.406413	3.411294	0.718761	0.281239	3.366518
36948	-1842.647	-2120.97	278.3235	1.065102	3.327774	0.683695	0.316305	4.719652
36954	-1826.277	-2104.42	278.1428	1.007811	3.011728	0.83271	0.16729	4.924155
36960	-1820.268	-2100.176	279.9083	1.148546	1.957089	0.827002	0.172998	4.148666
36966	-1813.763	-2092.837	279.0737	1.133698	1.957089	0.892392	0.107608	4.628078
36972	-1812.147	-2092.868	280.7211	1.417993	2.455977	0.869635	0.130365	3.367381
36978	-1821.095	-2100.455	279.3601	1.268367	3.460701	0.820097	0.179903	3.990199
36984	-1823.435	-2102.934	279.4987	1.23214	2.36891	0.922818	0.0771821	4.204563
36990	-1820.14	-2100.643	280.5027	1.408868	3.913056	0.856628	0.143372	3.148815
36996	-1828.597	-2110	281.4034	1.522136	3.71785	0.798466	0.201534	2.575493
37002	-1833.453	-2114.907	281.4541	1.489849	3.666709	0.907003	0.0929966	2.575493
37008	-1831.901	-2112.761	280.8592	1.180876	3.668722	0.965126	0.0348741	3.123539
37014	-1829.203	-2111.161	281.9575	1.460858	3.415877	0.808324	0.191676	2.336158
37020	-1836.701	-2119.057	282.3554	1.657775	3.5904	0.852025	0.147975	1.90365
37026	-1822.811	-2105.872	283.0609	1.586172	2.377882	0.934535	0.0654648	1.82755
37032	-1833.455	-2116.568	283.1132	1.623361	2.377882	0.898652	0.101348	1.765523
37038	-1836.083	-2118.242	282.1592	1.647667	3.370875	0.968604	0.0313964	2.096386
37044	-1845.983	-2127.41	281.4266	1.378828	2.886852	0.768303	0.231697	2.85025
37050	-1844.668	-2126.003	281.3351	1.298771	2.602329	0.83991	0.16009	3.0319
37056	-1830.097	-2110.044	279.947	1.406863	3.567317	0.948437	0.0515632	3.549019
37062	-1812.738	-2092.795	280.057	1.42054	3.786864	0.903125	0.0968752	3.430643
37068	-1815.757	-2097.349	281.592	1.617213	4.14035	0.815223	0.184777	2.306234
37074	-1826.217	-2107.218	281.0014	1.485372	4.14035	0.797117	0.202883	2.756644
37080	-1837.046	-2117.665	280.6187	1.421108	2.795304	0.963061	0.0369394	3.331377
37086	-1835.617	-2114.797	279.1798	1.357612	3.005914	0.859682	0.140318	4.145979
37092	-1827.331	-2107.72	280.389	1.243054	2.196163	0.93074	0.0692596	3.741213
37098	-1808.266	-2088.375	280.1085	1.072421	3.15798	0.873935	0.126065	3.741213
37104	-1815.514	-2096.387	280.8734	1.307476	3.346584	0.851217	0.148783	3.111549
37110	-1816.139	-2096.626	280.4879	1.307476	3.520455	0.863903	0.136097	3.300666
37116	-1803.372	-2084.063	280.6913	1.260609	3.12093	0.844034	0.155966	3.300666
37122	-1823.638	-2104.309	280.6708	1.383168	4.071368	0.948891	0.0511094	3.03206
37128	-1817.178	-2095.935	278.7569	1.155461	5.100489	0.954464	0.0455357	4.098091
37134	-1794.441	-2073.329	278.8872	1.234237	4.387359	0.702446	0.297554	4.098091
37140	-1806.666	-2087.773	281.1071	1.250572	2.917199	0.811843	0.188157	3.111356
37146	-1808.667	-2088.017	279.3506	1.250572	3.839268	0.879203	0.120797	3.927229
37152	-1804.633	-2085.264	280.6313	1.41708	3.293768	0.779583	0.220417	3.202562
37158	-1798.844	-2080.865	282.0205	1.470071	3.223402	0.926318	0.0736821	2.33818
37164	-1803.541	-2085.403	281.8622	1.498155	3.82119	0.802162	0.197838	2.278616
37170	-1801.077	-2081.719	280.642	1.316208	3.596665	0.79005	0.20995	3.187728
37176	-1810.079	-2090.551	280.472	1.363754	3.765653	0.855797	0.144203	3.224245
37182	-1802.041	-2083.874	281.8336	1.352285	3.330648	0.872111	0.127889	2.503457
37188	-1817.157	-2099.492	282.3348	1.61995	2.628721	0.809465	0.190535	2.206257
37194	-1817.44	-2098.627	281.1867	1.305876	3.396574	0.695343	0.304657	2.913072
37200	-1827.447	-2108.72	281.2734	1.397858	3.654132	0.855704	0.144296	2.746204
37206	-1829.104	-2110.728	281.6248	1.299699	3.007162	0.797676	0.202324	2.746204
37212	-1825.005	-2106.236	281.2316	1.262837	3.142942	0.700454	0.299546	2.972567
37218	-1831.306	-2112.412	281.1061	1.33386	2.993549	0.90431	0.09569	3.042633
37224	-1845.135	-2125.932	280.7976	1.143741	2.235842	0.746913	0.253087	3.549584
37230	-1826.301	-2106.524	280.2228	1.313431	2.802903	0.711169	0.288831	3.623502
37236	-1834	-2116.854	282.8534	1.726415	3.230013	0.80474	0.19526	1.603646
37242	-1817.362	-2098.256	280.893	1.420549	2.48322	0.951269	0.0487308	3.256682
37248	-1821.786	-2102.729	280.9433	1.376563	2.594887	0.936672	0.0633276	3.220919
37254	-1821.764	-2102.242	280.4783	1.185844	2.522266	0.839336	0.160664	3.625466
37260	-1827.061	-2106.34	279.279	0.8960552	2.66668	0.874568	0.125432	4.436478
37266	-1827.48	-2106.416	278.9356	1.057325	1.993729	0.890154	0.109846	4.735976
37272	-1836.171	-2114	277.8293	0.9037997	2.056395	0.895713	0.104287	5.414659
37278	-1813.396	-2094.226	280.8304	1.146859	1.63726	0.897965	0.102035	3.738615
37284	-1818.709	-2098.196	279.4875	1.037004	1.63726	0.935378	0.064622	4.564843
37290	-1812.168	-2091.987	279.8191	1.118076	2.837836	0.907278	0.0927219	3.959535
37296	-1841.608	-2123.709	282.1009	1.511616	2.786452	0.957237	0.0427629	2.378585
37302	-1840.514	-2121.683	281.1695	1.588003	4.476478	0.852977	0.147023	2.523948
37308	-1828.037	-2108.189	280.152	1.23847	3.406411	0.854008	0.145992	3.562948
37314	-1822.15	-2102.938	280.7881	1.281999	3.21061	0.740068	0.259932	3.20931
37320	-1821.965	-2101.927	279.9616	1.258532	2.677299	0.898648	0.101352	3.839145
37326	-1817.769	-2099.77	282.0007	1.295913	1.684055	0.921317	0.0786827	2.943514
37332	-1821.704	-2103.832	282.1278	1.555514	3.394214	0.876078	0.123922	2.171208
37338	-1831.379	-2112.918	281.539	1.365365	2.565886	0.957052	0.0429478	2.879604
37344	-1846.081	-2125.743	279.6621	1.22555	4.391523	0.870208	0.129792	3.6575
37350	-1837	-2116.981	279.9808	1.21271	3.496093	0.773469	0.226531	3.6575
37356	-1827.488	-2107.774	280.286	1.178066	2.403127	0.90245	0.0975496	3.775393
37362	-1835.082	-2115.346	280.2639	1.282206	2.856357	0.888961	0.111039	3.603933
37368	-1833.726	-2112.977	279.2507	1.081422	3.224433	0.82814	0.17186	4.2114
37374	-1838.572	-2116.886	278.314	1.087691	2.765038	0.847651	0.152349	4.844505
37380	-1846.19	-2125.279	279.0886	1.28345	3.223033	0.831426	0.168574	4.18905
37386	-1852.335	-2131.284	278.9488	1.479851	3.084321	0.81262	0.18738	4.18905
37392	-1813.353	-2094.604	281.2514	1.314724	3.731653	0.73741	0.26259	2.793378
37398	-1825.109	-2106.982	281.8723	1.213507	2.485158	0.802838	0.197162	2.793378
37404	-1817.72	-2096.842	279.1223	1.150868	2.485158	0.762212	0.237788	4.430275
37410	-1828.757	-2107.378	278.6212	1.201974	3.736025	0.762483	0.237517	4.390076
37416	-1820.945	-2100.735	279.7902	1.20223	3.938952	0.929391	0.0706091	3.682223
37422	-1818.682	-2097.214	278.5324	0.8992916	2.657692	0.952708	0.0472924	4.855336
37428	-1837.233	-2116.075	278.8418	1.09146	4.090278	0.944983	0.0550165	4.259177
37434	-1831.704	-2112.574	280.8704	1.674557	4.393631	0.869049	0.130951	2.67143
37440	-1830.272	-2111.353	281.0809	1.443979	2.216171	0.944547	0.0554531	3.213341
37446	-1822.598	-2102.817	280.2197	1.352025	2.900436	0.798643	0.201357	3.577798
37452	-1820.276	-2100.927	280.6512	1.320783	4.507344	0.720415	0.279585	2.998033
37458	-1836.427	-2117.69	281.2634	1.520044	4.956241	0.838194	0.161806	2.419094
37464	-1809.765	-2091.261	281.4961	1.566175	4.257283	0.860824	0.139176	2.375591
37470	-1821.118	-2102.046	280.9277	1.590019	4.257283	0.734734	0.265266	2.714571
37476	-1815.106	-2096.208	281.1021	1.42011	4.374594	0.909229	0.090771	2.689044
37482	-1817.56	-2097.905	280.345	1.510869	3.410283	0.815336	0.184664	3.289559
37488	-1814.171	-2094.792	280.6209	1.25309	3.363344	0.857817	0.142183	3.289559
37494	-1820.544	-2101.284	280.74	1.292801	2.973242	0.853604	0.146396	3.289559
37500	-1818.841	-2098.8	279.959	1.079267	3.196301	0.77258	0.22742	3.814503
37506	-1821.124	-2101.345	280.221	1.278418	2.767688	0.887972	0.112028	3.654032
37512	-1809.203	-2089.635	280.4326	1.113198	2.184226	0.873976	0.126024	3.794709
37518	-1816.595	-2098.659	282.0639	1.393118	2.738934	0.724612	0.275388	2.489984
37524	-1822.766	-2104.872	282.1059	1.783151	3.033789	0.902006	0.0979942	2.131617
37530	-1814.509	-2095.362	280.8533	1.483709	4.21237	0.754013	0.245987	2.83364
37536	-1824.336	-2105.502	281.1657	1.415386	3.246831	0.914276	0.0857239	2.895027
37542	-1834.542	-2112.434	277.8925	1.371474	4.365809	0.655015	0.344985	4.586493
37548	-1815.302	-2095.42	280.118	1.381776	3.567506	0.826856	0.173144	3.463881
37554	-1825.025	-2105.757	280.7324	1.431732	3.703666	0.875494	0.124506	3.041983
37560	-1814.218	-2095.561	281.343	1.423805	3.204222	0.849568	0.150432	2.792738
37566	-1820.255	-2101.185	280.9291	1.417859	4.392875	0.829556	0.170444	2.792738
37572	-1824.679	-2105.267	280.5879	1.462948	4.687478	0.857366	0.142634	2.918008
37578	-1827.49	-2108.502	281.0124	1.475118	4.889149	0.83257	0.16743	2.615691
37584	-1827.434	-2107.804	280.3694	1.155125	1.959125	0.925341	0.0746588	3.880865
37590	-1822.767	-2102.407	279.6403	1.118518	3.323312	0.753609	0.246391	3.945878
37596	-1826.462	-2105.656	279.1939	1.388198	3.800571	0.809694	0.190306	3.945878
37602	-1818.008	-2098.682	280.6744	1.246353	3.478569	0.856692	0.143308	3.235954
37608	-1821.603	-2101.966	280.3639	1.256742	3.528218	0.81689	0.18311	3.401658
37614	-1830.656	-2111.602	280.9456	1.51305	3.937147	0.717722	0.282278	2.815161
37620	-1834.652	-2115.608	280.9568	1.720797	4.236785	0.839345	0.160655	2.620238
37626	-1833.501	-2113.51	280.009	1.347837	3.437867	0.872083	0.127917	3.575493
37632	-1821.188	-2103.079	281.891	1.418185	3.637389	0.92484	0.0751596	2.352992
37638	-1825.507	-2106.571	281.0644	1.418185	3.987906	0.780049	0.219951	2.790148
37644	-1823.49	-2104.099	280.6091	1.085437	2.488415	0.860779	0.139221	3.617434
37650	-1823.995	-2104.244	280.2487	1.179636	3.549843	0.686124	0.313876	3.509382
37656	-1825.159	-2104.567	279.4077	1.241836	3.617157	0.740303	0.259697	3.944904
37662	-1820.58	-2101.238	280.6589	1.22075	3.872517	0.928325	0.0716753	3.176068
37668	-1825.111	-2105.144	280.0332	1.31186	2.784897	0.866689	0.133311	3.738803
37674	-1827.95	-2108.144	280.1933	1.355309	3.909012	0.806444	0.193556	3.364048
37680	-1821.12	-2101.746	280.626	1.326482	3.909012	0.909814	0.0901857	3.125301
37686	-1815.447	-2095.923	280.4762	1.428605	3.644128	0.891086	0.108914	3.20912
37692	-1823.083	-2102.283	279.2	1.121963	2.849315	0.8129	0.1871	4.306614
37698	-1828.236	-2109.335	281.0991	1.218275	2.690679	0.744201	0.255799	3.195694
37704	-1831.904	-2112.787	280.8832	1.257453	4.217726	0.857023	0.142977	2.951249
37710	-1825.482	-2106.282	280.8007	1.457925	2.876861	0.842906	0.157094	3.18067
37716	-1811.648	-2093.393	281.7444	1.450191	2.7227	0.852895	0.147105	2.657505
37722	-1810.327	-2092.12	281.7927	1.40527	2.7227	0.960546	0.0394542	2.655395
37728	-1798.008	-2080.496	282.4883	1.570717	3.480236	0.895498	0.104502	1.900332
37734	-1815.468	-2097.428	281.9591	1.703479	4.338329	0.917123	0.0828769	1.968664
37740	-1807.185	-2090.241	283.0557	1.73329	2.836705	0.833418	0.166582	1.572009
37746	-1810.879	-2093.329	282.4502	1.650805	3.263069	0.796861	0.203139	1.928799
37752	-1821.889	-2103.465	281.5751	1.40296	3.718783	0.868648	0.131352	2.542665
37758	-1826.027	-2107.386	281.3591	1.509572	3.484559	0.818896	0.181104	2.663509
37764	-1809.402	-2091.96	282.5581	1.520389	2.031614	0.841015	0.158985	2.326797
37770	-1808.812	-2089.664	280.8524	1.417418	3.577823	0.711929	0.288071	3.006039
37776	-1814.937	-2096.147	281.2097	1.536699	3.12697	0.856535	0.143465	2.824252
37782	-1805.758	-2086.64	280.8817	1.163849	2.865309	0.823835	0.176165	3.309652
37788	-1813.203	-2093.798	280.5948	1.363309	2.117064	0.776463	0.223537	3.577735
37794	-1820.082	-2099.491	279.4087	1.286475	3.137051	0.764989	0.235011	4.024901
37800	-1831.525	-2111.833	280.3079	1.394621	4.186425	0.720527	0.279473	3.218768
37806	-1841.835	-2122.438	280.6029	1.183511	3.934191	0.806626	0.193374	3.218768
37812	-1854.561	-2134.456	279.895	1.486807	2.860301	0.734325	0.265675	3.698128
37818	-1834.229	-2115.793	281.5642	1.266239	2.949827	0.815181	0.184819	2.818494
37824	-1824.389	-2106.153	281.7636	1.468898	4.038742	0.746165	0.253835	2.31281
37830	-1815.531	-2095.06	279.5288	1.330873	3.305889	0.812129	0.187871	3.891988
37836	-1810.507	-2091.024	280.5169	1.30754	3.588249	0.900967	0.0990326	3.268727
37842	-1821.032	-2101.411	280.379	1.358795	2.814661	0.846648	0.153352	3.50321
37848	-1822.25	-2102.412	280.162	1.139739	2.667547	0.974254	0.0257462	3.794822
37854	-1812.736	-2092.931	280.1952	1.022538	2.531423	0.944596	0.0554045	3.880376
37860	-1816.69	-2094.454	277.7639	0.9352206	3.323924	0.903628	0.0963716	5.104356
37866	-1829.541	-2108.675	279.134	0.9368012	2.570682	0.868418	0.131582	4.520739
37872	-1819.896	-2099.192	279.2965	0.9824292	2.165796	0.912365	0.0876353	4.520739
37878	-1814.233	-2094.226	279.9934	1.092522	2.308414	0.96201	0.0379896	4.020284
37884	-1841.425	-2123.045	281.6191	1.688363	2.913948	0.86003	0.13997	2.534663
37890	-1830.436	-2109.959	279.5237	1.056106	2.68122	0.7692	0.2308	4.20373
37896	-1824.091	-2104.892	280.8008	1.128918	2.652718	0.848521	0.151479	3.434376
37902	-1833.008	-2111.923	278.9142	1.154541	3.020996	0.808629	0.191371	4.407697
37908	-1831.565	-2110.319	278.754	1.082525	2.758919	0.833086	0.166914	4.602891
37914	-1832.758	-2113.663	280.905	1.130327	3.359869	0.739859	0.260141	3.19499
37920	-1820.357	-2100.875	280.5178	1.342933	3.835158	0.797586	0.202414	3.19499
37926	-1816.484	-2098.38	281.8954	1.412263	3.438792	0.950364	0.0496363	2.400764
37932	-1842.392	-2123.159	280.767	1.441438	4.707411	0.754359	0.245641	2.819018
37938	-1840.151	-2120.126	279.9748	1.455385	3.735563	0.978188	0.0218116	3.468899
37944	-1841.823	-2122.485	280.6622	1.410712	2.718166	0.841611	0.158389	3.332509
37950	-1815.276	-2096.941	281.6646	1.441531	3.179889	0.93422	0.0657804	2.590335
37956	-1821.528	-2102.614	281.0862	1.507863	3.989013	0.858711	0.141289	2.721774
37962	-1824.797	-2106.072	281.2752	1.521455	3.463062	0.932465	0.0675353	2.71274
37968	-1846.123	-2127.475	281.3524	1.58755	3.463062	0.91055	0.0894505	2.624594
37974	-1829.316	-2109.722	280.406	1.211441	2.295147	0.869843	0.130157	3.719081
37980	-1823.158	-2105.027	281.8691	1.30841	2.558028	0.859466	0.140534	2.715618
37986	-1832.634	-2114.044	281.4091	1.283685	1.979801	0.874816	0.125184	3.193024
37992	-1829.038	-2108.713	279.6756	1.208165	3.347354	0.885186	0.114814	3.868896
37998	-1831.365	-2111.062	279.6971	1.141832	3.347354	0.934051	0.0659493	3.894633
38004	-1828.106	-2108.74	280.6337	1.252188	3.334727	0.76414	0.23586	3.289117
38010	-1828.98	-2109.978	280.9976	1.341548	3.627985	0.839056	0.160944	2.953351
38016	-1823.632	-2104.768	281.1365	1.191224	3.382809	0.862949	0.137051	3.015414
38022	-1826.244	-2106.049	279.8044	1.121011	4.220714	0.864584	0.135416	3.666975
38028	-1811.893	-2092.555	280.6614	1.317489	4.614684	0.842332	0.157668	2.974368
38034	-1816.47	-2096.344	279.8745	1.149049	3.468796	0.773936	0.226064	3.761653
38040	-1818.712	-2098.587	279.8754	1.292202	3.104233	0.937633	0.0623674	3.761653
38046	-1811.832	-2091.306	279.4735	1.327478	4.099835	0.934546	0.0654535	3.761653
38052	-1801.026	-2080.345	279.3194	1.156023	2.463973	0.86243	0.13757	4.322021
38058	-1817.933	-2100.363	282.4295	1.465626	3.099516	0.70925	0.29075	2.109695
38064	-1830.007	-2112.157	282.15	1.446219	3.104652	0.768813	0.231187	2.301651
38070	-1819.773	-2100.359	280.5862	1.422046	4.310949	0.951567	0.0484332	3.012886
38076	-1823.041	-2103.632	280.5905	1.294516	2.823072	0.721773	0.278227	3.414911
38082	-1827.323	-2108.026	280.7034	1.182648	2.820876	0.837004	0.162996	3.414911
38088	-1825.26	-2106.29	281.0294	1.287416	2.954268	0.88762	0.11238	3.126116
38094	-1823.041	-2103.325	280.284	1.539798	3.323288	0.850185	0.149815	3.328329
38100	-1818.548	-2098.235	279.6878	1.152857	3.147485	0.860051	0.139949	3.939274
38106	-1813.871	-2093.481	279.61	1.152857	2.80519	0.914807	0.0851929	4.067428
38112	-1822.3	-2099.722	277.4218	1.030844	2.468476	0.803276	0.196724	5.448098
38118	-1807.402	-2086.49	279.0878	1.199214	3.478984	0.800507	0.199493	4.18085
38124	-1815.521	-2095.352	279.8306	1.048804	2.167936	0.810177	0.189823	4.18085
38130	-1836.624	-2115.237	278.6127	1.016447	5.619889	0.759626	0.240374	4.18085
38136	-1823.528	-2104.153	280.6246	1.126843	2.281594	0.828696	0.171304	3.645662
38142	-1837.068	-2117.377	280.3091	1.08731	1.777108	0.958635	0.0413653	4.018726
38148	-1830.678	-2110.439	279.7613	1.12451	2.112098	0.788898	0.211102	4.194835
38154	-1832.941	-2112.646	279.7046	1.155594	2.158178	0.735888	0.264112	4.194835
38160	-1846.724	-2126.308	279.584	1.733441	4.524485	0.916481	0.0835192	3.383082
38166	-1830.834	-2111.225	280.3915	1.382921	3.313918	0.735356	0.264644	3.359476
38172	-1822.649	-2101.244	278.5948	1.217484	2.598884	0.959303	0.0406969	4.658239
38178	-1826.298	-2106.518	280.2204	1.285183	3.602544	0.929569	0.0704308	3.452911
38184	-1825.645	-2107.075	281.4298	1.509917	4.744438	0.972269	0.027731	2.358856
38190	-1829.391	-2111.164	281.7735	1.577929	3.498217	0.745827	0.254173	2.358856
38196	-1845.434	-2128.12	282.686	1.583534	3.849241	0.80586	0.19414	1.661062
38202	-1827.263	-2109.582	282.3191	1.66158	3.423056	0.892158	0.107842	1.967782
38208	-1824.176	-2107.054	282.8774	1.492283	2.39106	0.967511	0.0324893	2.010619
38214	-1825.069	-2105.808	280.7389	1.239948	4.025153	0.900092	0.0999081	3.086169
38220	-1829.648	-2110.478	280.8304	1.400151	3.694073	0.602721	0.397279	3.004275
38226	-1821.255	-2101.92	280.6647	1.412085	2.990491	0.821098	0.178902	3.259211
38232	-1816.696	-2096.94	280.2445	1.250587	3.392224	0.936267	0.0637327	3.505195
38238	-1819.591	-2099.911	280.3196	1.42046	3.480045	0.834347	0.165653	3.342146
38244	-1814.421	-2096.819	282.3979	1.468888	1.93287	0.949886	0.0501141	2.497099
38250	-1823.415	-2105.134	281.7187	1.507868	3.33281	0.959292	0.0407085	2.477453
38256	-1825.551	-2107.117	281.5655	1.660637	3.003019	0.814316	0.185684	2.561429
38262	-1835.209	-2117.726	282.5164	1.693036	3.735902	0.956139	0.0438606	1.731946
38268	-1826.594	-2109.077	282.4825	1.578121	2.505678	0.949032	0.0509678	2.176002
38274	-1837.681	-2119.882	282.2003	1.646548	2.683152	0.898136	0.101864	2.25931
38280	-1819.905	-2101.302	281.3971	1.239311	3.250237	0.936069	0.0639307	2.86075
38286	-1819.372	-2099.235	279.8628	1.432275	3.095573	0.79915	0.20085	3.690115
38292	-1817.045	-2097.14	280.0947	1.218946	3.050889	0.897755	0.102245	3.690115
38298	-1811.518	-2091.519	280.001	1.184952	2.697793	0.919282	0.0807183	3.85329
38304	-1814.919	-2095.273	280.354	1.292409	2.596713	0.857646	0.142354	3.614888
38310	-1817.157	-2098.332	281.1751	1.09607	1.807143	0.785395	0.214605	3.503064
38316	-1829.443	-2108.171	278.7283	1.001235	2.40503	0.756191	0.243809	4.757806
38322	-1825.227	-2104.876	279.6496	0.9871644	3.474838	0.515053	0.484947	3.982428
38328	-1821.206	-2100.852	279.6458	1.010677	1.967261	0.948301	0.0516987	4.372058
38334	-1820.664	-2100.244	279.5804	1.010677	1.871766	0.835064	0.164936	4.441575
38340	-1809.935	-2090.356	280.4213	1.281845	2.684265	0.857916	0.142084	3.557962
38346	-1812.569	-2094.664	282.0948	1.329977	2.444786	0.863551	0.136449	2.597553
38352	-1824.725	-2106.414	281.6896	1.318402	2.592028	0.718669	0.281331	2.80914
38358	-1825.796	-2105.97	280.1736	1.146523	3.209052	0.892612	0.107388	3.648803
38364	-1832.974	-2113.246	280.272	1.438993	3.448756	0.806797	0.193203	3.36621
38370	-1827.205	-2108.161	280.9567	1.532998	3.904717	0.945615	0.0543852	2.803037
38376	-1826.198	-2105.502	279.3044	1.168218	3.604585	0.791823	0.208177	4.048644
38382	-1845.4	-2125.621	280.2209	1.379672	3.254126	0.88797	0.11203	3.475175
38388	-1832.251	-2112.725	280.4739	1.321523	2.793211	0.91002	0.0899796	3.475175
38394	-1822.552	-2103.018	280.4666	1.321523	2.809521	0.864543	0.135457	3.475175
38400	-1818.787	-2099.916	281.129	1.405593	2.531462	0.833003	0.166997	3.111556
38406	-1828.531	-2109.74	281.2094	1.442664	2.897965	0.757847	0.242153	2.940035
38412	-1815.067	-2095.936	280.8689	1.211557	2.198531	0.779291	0.220709	3.480211
38418	-1827.879	-2107.979	280.0993	1.393411	3.511168	0.766463	0.233537	3.480211
38424	-1828.902	-2107.658	278.7559	1.107509	2.645939	0.964623	0.0353773	4.617075
38430	-1819.685	-2098.911	279.226	1.210352	2.430683	0.906449	0.093551	4.353533
38436	-1823.922	-2104.129	280.2066	1.296144	4.391642	0.924267	0.0757335	3.298234
38442	-1832.109	-2113.325	281.2157	1.595956	5.128128	0.868303	0.131697	2.371064
38448	-1835.775	-2117.77	281.9951	1.6294	3.087793	0.791207	0.208793	2.28803
38454	-1843.684	-2125.294	281.6097	1.584818	4.52188	0.739172	0.260828	2.238443
38460	-1819.988	-2102.187	282.1988	1.584818	2.766657	0.853074	0.146926	2.275277
38466	-1824.64	-2106.29	281.6498	1.539624	3.715705	0.782269	0.217731	2.410901
38472	-1824.796	-2104.062	279.267	1.186705	2.575215	0.838438	0.161562	4.303593
38478	-1831.49	-2110.229	278.7389	1.118162	4.083445	0.865677	0.134323	4.303593
38484	-1832.332	-2111.913	279.5815	1.204522	4.083445	0.851456	0.148544	3.773403
38490	-1818.506	-2099.459	280.9533	1.25629	2.511686	0.811248	0.188752	3.309759
38496	-1822.545	-2103.235	280.6905	1.12809	2.146118	0.850055	0.149945	3.649315
38502	-1839.233	-2121.334	282.1012	1.527151	2.860346	0.965273	0.0347266	2.34762
38508	-1830.973	-2112.459	281.4863	1.316454	3.63174	0.906055	0.0939446	2.670541
38514	-1818.61	-2097.563	278.9531	1.316454	3.479001	0.877117	0.122883	4.190723
38520	-1808.603	-2087.65	279.0465	1.203831	3.530238	0.885531	0.114469	4.190723
38526	-1828.568	-2110.383	281.8151	1.384039	2.460902	0.947355	0.0526454	2.731528
38532	-1811.906	-2093.014	281.1081	1.566503	4.100038	0.84963	0.15037	2.649578
38538	-1818.111	-2099.835	281.7238	1.560625	4.038323	0.751902	0.248098	2.279732
38544	-1814.061	-2095.726	281.6646	1.664245	4.192482	0.877895	0.122105	2.218585
38550	-1812.429	-2094.546	282.1169	1.733654	4.192482	0.706743	0.293257	1.873048
38556	-1820.397	-2101.917	281.5197	1.468711	3.175427	0.935136	0.0648641	2.664174
38562	-1813.506	-2095.69	282.1837	1.471926	2.622531	0.887151	0.112849	2.399182
38568	-1825.624	-2107.775	282.1512	1.571928	3.63089	0.837958	0.162042	2.08731
38574	-1820.616	-2102.691	282.0757	1.502069	2.882376	0.751405	0.248595	2.373583
38580	-1811.124	-2091.661	280.5372	1.257138	3.937631	0.767067	0.232933	3.213414
38586	-1810.594	-2090.867	280.2723	1.096848	2.848005	0.810309	0.189691	3.708566
38592	-1849.091	-2128.209	279.1175	1.146381	4.577466	0.772864	0.227136	3.983557
38598	-1824.328	-2103.362	279.0334	1.146381	4.244	0.857484	0.142516	4.090716
38604	-1820.323	-2100.175	279.8519	1.106378	2.856707	0.762958	0.237042	3.942692
38610	-1818.124	-2098.308	280.1836	1.227672	3.990615	0.740422	0.259578	3.428346
38616	-1813.243	-2093.219	279.9758	1.074957	2.819619	0.862534	0.137466	3.899161
38622	-1834.087	-2115.097	281.0099	1.305084	4.316268	0.828179	0.171821	2.826839
38628	-1825.733	-2107.543	281.8104	1.367539	2.09695	0.913277	0.0867228	2.861828
38634	-1828.775	-2109.681	280.9061	1.260635	2.896918	0.954087	0.0459134	3.229926
38640	-1822.397	-2101.677	279.2797	1.238273	3.163912	0.878996	0.121004	4.119651
38646	-1832.531	-2113.663	281.1319	1.322883	2.476513	0.838078	0.161922	3.175036
38652	-1831.618	-2111.814	280.1952	1.150975	4.601828	0.782407	0.217593	3.352484
38658	-1818.471	-2097.238	278.7673	1.147765	4.004632	0.889176	0.110824	4.285653
38664	-1836.134	-2115.661	279.5273	1.356841	5.234464	0.772395	0.227605	3.517508
38670	-1834.515	-2114.803	280.2881	1.096403	3.055348	0.809268	0.190732	3.648039
38676	-1821.96	-2102.507	280.5464	1.19411	3.567482	0.689049	0.310951	3.322721
38682	-1828.744	-2107.195	278.4516	1.258385	3.485338	0.694448	0.305552	4.505572
38688	-1830.749	-2109.466	278.7174	1.179524	3.016388	0.854162	0.145838	4.505572
38694	-1830.179	-2110.744	280.5656	1.354308	4.247207	0.854522	0.145478	3.077936
38700	-1833.08	-2113.422	280.3422	1.35986	3.327119	0.670464	0.329536	3.398924
38706	-1816.052	-2096.71	280.6579	1.413744	3.19241	0.855308	0.144692	3.212731
38712	-1823.564	-2105.112	281.5477	1.459515	2.320249	0.883688	0.116312	2.891823
38718	-1823.207	-2105.403	282.196	1.502364	2.078002	0.747136	0.252864	2.549187
38724	-1823.836	-2106.298	282.4625	1.370862	1.851264	0.754584	0.245416	2.549187
38730	-1816.843	-2097.857	281.0136	1.367477	2.38946	0.709198	0.290802	3.24458
38736	-1820.255	-2100.628	280.3737	1.178052	3.837267	0.800755	0.199245	3.376763
38742	-1826.035	-2107.191	281.1564	1.266108	3.632408	0.821847	0.178153	2.902105
38748	-1843.011	-2124.773	281.7616	1.613342	3.92468	0.877297	0.122703	2.246272
38754	-1826.531	-2106.567	280.0361	1.265876	2.893425	0.864619	0.135381	3.735842
38760	-1817.622	-2099.07	281.4473	1.453464	3.263958	0.741698	0.258302	2.696191
38766	-1844.965	-2125.88	280.9147	1.360529	4.518575	0.83841	0.16159	2.812835
38772	-1836.659	-2117.027	280.3676	1.503991	3.290098	0.874097	0.125903	3.307845
38778	-1830.872	-2112.74	281.8682	1.519212	3.7007	0.750824	0.249176	2.288575
38784	-1842.096	-2121.273	279.1773	1.454293	4.403526	0.701485	0.298515	3.803191
38790	-1838.402	-2120.322	281.9201	1.806772	3.69445	0.854351	0.145649	2.069734
38796	-1840.467	-2122.868	282.4007	1.720774	2.656475	0.921171	0.0788291	2.089041
38802	-1831.635	-2114.406	282.7715	1.529959	2.293866	0.925747	0.074253	2.089041
38808	-1833.447	-2114.925	281.4778	1.503495	4.938546	0.733821	0.266179	2.296757
38814	-1822.193	-2102.911	280.7184	1.4013	2.616088	0.927883	0.072117	3.333034
38820	-1825.083	-2106.665	281.5816	1.4013	2.745791	0.710396	0.289604	2.780687
38826	-1827.021	-2107.779	280.7578	1.336834	4.573017	0.903347	0.0966526	2.912208
38832	-1819.393	-2100.42	281.0269	1.471601	4.149079	0.947061	0.0529395	2.747734
38838	-1830.17	-2110.787	280.6173	1.305634	5.316664	0.756098	0.243902	2.888627
38844	-1825.461	-2105.055	279.5938	1.198052	2.536599	0.85106	0.14894	4.122306
38850	-1818.687	-2101.004	282.3172	1.264214	2.55001	0.969211	0.0307891	2.467719
38856	-1811.063	-2092.783	281.7203	1.403289	3.128203	0.897919	0.102081	2.592624
38862	-1811.574	-2093.38	281.8062	1.34826	1.995447	0.989656	0.0103439	2.911417
38868	-1804.687	-2086.083	281.3952	1.346238	3.944876	0.717879	0.282121	2.64039
38874	-1810.635	-2091.618	280.9829	1.526956	4.674681	0.874955	0.125045	2.64039
38880	-1814.055	-2095.878	281.8231	1.579982	5.519784	0.832729	0.167271	1.916818
38886	-1801.247	-2084.519	283.2722	1.664264	2.982748	0.777873	0.222127	1.41327
38892	-1819.87	-2102.822	282.9521	1.758432	3.551289	0.923459	0.0765408	1.41327
38898	-1809.6	-2092.686	283.0864	1.833973	3.603705	0.831138	0.168862	1.228693
38904	-1814.132	-2097.658	283.5261	1.968027	2.255015	0.903081	0.0969192	1.243638
38910	-1807.883	-2091.703	283.8201	1.842051	1.849155	0.916403	0.0835972	1.297896
38916	-1805.341	-2088.464	283.1232	1.448657	2.83384	0.956991	0.0430093	1.728765
38922	-1802.834	-2085.028	282.1943	1.451874	2.893573	0.914836	0.0851638	2.326979
38928	-1812.042	-2094.808	282.7658	1.636576	2.893573	0.754684	0.245316	1.828287
38934	-1818.596	-2101.426	282.8306	1.490191	2.389528	0.815344	0.184656	2.04357
38940	-1817.14	-2099.81	282.67	1.450607	2.809028	0.714668	0.285332	2.04357
38946	-1817.977	-2100.071	282.0937	1.334313	2.555568	0.876461	0.123539	2.561798
38952	-1814.808	-2095.314	280.5064	1.262751	2.79076	0.886392	0.113608	3.491125
38958	-1810.366	-2091.071	280.7049	1.317275	3.519677	0.965727	0.0342731	3.166706
38964	-1817.106	-2097.922	280.8157	1.250563	2.508291	0.903101	0.0968994	3.394956
38970	-1814.836	-2095.134	280.2972	1.273534	3.695931	0.838581	0.161419	3.394956
38976	-1819.576	-2099.234	279.6584	1.372032	3.620055	0.830728	0.169272	3.725252
38982	-1823.867	-2105.053	281.1866	1.422052	3.5305	0.890813	0.109187	2.812088
38988	-1813.33	-2094.335	281.0051	1.515689	3.772581	0.83434	0.16566	2.812088
38994	-1833.92	-2116.224	282.3045	1.237206	1.38345	0.918183	0.0818172	2.926849
39000	-1833.36	-2114.014	280.6538	1.328383	3.773088	0.768767	0.231233	3.135815
39006	-1828.682	-2108.746	280.0647	1.328383	4.537571	0.770003	0.229997	3.336359
39012	-1824.679	-2106.79	282.1113	1.535733	1.841425	0.801284	0.198716	2.66824
39018	-1831.296	-2109.531	278.2343	1.278075	4.78312	0.855885	0.144115	4.375832
39024	-1818.26	-2098.593	280.3332	1.318805	3.121423	0.932107	0.0678929	3.476465
39030	-1831.947	-2111.926	279.9794	1.047821	1.916732	0.943853	0.0561468	4.17929
39036	-1836.343	-2116.45	280.1061	1.272984	3.276407	0.771411	0.228589	3.598958
39042	-1833.924	-2113.269	279.3446	1.117314	3.309354	0.855832	0.144168	4.118512
39048	-1821.461	-2101.501	280.0399	1.005717	2.743086	0.868264	0.131736	3.921901
39054	-1814.689	-2095.222	280.5333	1.360624	3.252293	0.944571	0.0554288	3.303504
39060	-1831.101	-2111.329	280.2276	1.230871	3.48577	0.792718	0.207282	3.505782
39066	-1829.116	-2109.816	280.7	1.581423	3.982567	0.848801	0.151199	2.913219
39072	-1832.263	-2112.593	280.3303	1.557955	4.718671	0.821458	0.178542	3.010253
39078	-1828.084	-2111.177	283.0929	1.716154	2.75525	0.92961	0.0703901	1.584109
39084	-1831.798	-2115.172	283.3746	1.995931	3.314785	0.767079	0.232921	0.9060969
39090	-1824.552	-2108.216	283.6648	1.958683	2.522371	0.851484	0.148516	1.003536
39096	-1825.304	-2109.114	283.8095	1.958683	2.589652	0.675177	0.324823	0.8042221
39102	-1830.059	-2113.396	283.3368	1.833166	2.960554	0.871574	0.128426	1.233037
39108	-1830.877	-2114.522	283.6448	1.703959	2.585087	0.908173	0.091827	1.225743
39114	-1830.056	-2113.691	283.6352	1.880018	2.276011	0.941611	0.058389	1.216497
39120	-1825.447	-2109.034	283.5864	1.921488	3.07457	0.92154	0.0784604	0.8595435
39126	-1819.542	-2103.181	283.6386	1.921488	2.76758	0.889778	0.110222	0.9503445
39132	-1829.607	-2113.883	284.2766	1.921488	1.617095	0.958315	0.0416846	0.9503445
39138	-1829.245	-2113.323	284.0774	1.884852	1.617095	0.711091	0.288909	1.173908
39144	-1826.429	-2110.575	284.1456	1.745629	1.81542	0.915103	0.0848972	1.120439
39150	-1825.243	-2105.573	280.3306	1.436047	3.738836	0.919142	0.0808584	3.270719
39156	-1822.399	-2101.349	278.95	1.216816	3.104924	0.928098	0.0719018	4.332544
39162	-1820.425	-2100.832	280.4067	1.222572	2.176185	0.948314	0.0516861	3.749139
39168	-1821.923	-2101.983	280.0601	1.213113	2.906506	0.98451	0.01549	3.749139
39174	-1816.562	-2098.455	281.8926	1.340851	2.516801	0.924231	0.0757694	2.693581
39180	-1818.841	-2098.887	280.0458	0.9794378	1.534045	0.856742	0.143258	4.323634
39186	-1830.786	-2112.186	281.3999	1.192534	1.65846	0.923015	0.0769846	3.372207
39192	-1823.935	-2105.748	281.8128	1.498774	3.825579	0.835698	0.164302	2.308781
39198	-1825.924	-2108.131	282.2068	1.43604	2.747531	0.839178	0.160822	2.370551
39204	-1833.553	-2114.693	281.1406	1.33571	2.595749	0.906643	0.0933571	3.127824
39210	-1835.681	-2116.141	280.4609	1.33571	3.603021	0.782691	0.217309	3.281966
39216	-1838.775	-2119.966	281.1915	1.386705	2.646737	0.897775	0.102225	3.052612
39222	-1831.462	-2111.539	280.0764	1.094987	2.657642	0.888752	0.111248	3.872391
39228	-1844.949	-2124.063	279.1138	1.087449	2.108972	0.787604	0.212396	4.582149
39234	-1846.928	-2126.638	279.7101	1.047034	2.993079	0.73884	0.26116	4.023904
39240	-1819.663	-2099.779	280.1165	1.148472	2.61151	0.777178	0.222822	3.831158
39246	-1820.101	-2100.894	280.7937	1.341403	2.392586	0.894201	0.105799	3.388502
39252	-1818.455	-2098.939	280.4837	1.15079	2.577598	0.86218	0.13782	3.627114
39258	-1829.887	-2109.657	279.77	1.229998	4.202884	0.668696	0.331304	3.627114
39264	-1819.875	-2101.925	282.0504	1.263378	2.894881	0.899619	0.100381	2.535875
39270	-1830.38	-2111.678	281.298	1.527864	4.198637	0.899122	0.100878	2.535875
39276	-1825.434	-2105.825	280.3907	1.337721	2.207125	0.775027	0.224973	3.682121
39282	-1812.467	-2092.705	280.2381	1.077051	3.447141	0.918181	0.0818192	3.59769
39288	-1828.512	-2108.564	280.0512	1.129864	3.815058	0.860854	0.139146	3.59769
39294	-1830.169	-2109.947	279.7777	1.232771	3.584979	0.844762	0.155238	3.744187
39300	-1818.286	-2098.29	280.0047	1.037361	3.165442	0.877256	0.122744	3.819487
39306	-1817.219	-2096.809	279.5897	1.021362	2.771267	0.913864	0.0861358	4.162549
39312	-1821.496	-2101.47	279.9733	1.223661	2.630692	0.900364	0.0996362	3.864985
39318	-1833.114	-2112.641	279.5272	0.9774459	3.627366	0.820149	0.179851	4.02561
39324	-1834.821	-2114.369	279.548	1.160437	3.326882	0.937055	0.0629446	3.973961
39330	-1827.371	-2107.005	279.6344	1.084471	2.698108	0.926753	0.0732471	4.120291
39336	-1843.319	-2123.232	279.9129	1.145782	2.345362	0.690939	0.309061	4.024841
39342	-1828.695	-2108.089	279.3947	1.106134	2.223663	0.769145	0.230855	4.378006
39348	-1835.258	-2115.378	280.1199	1.106134	3.722611	0.778713	0.221287	3.590525
39354	-1842.703	-2122.165	279.4625	0.9651973	1.792549	0.86205	0.13795	4.561463
39360	-1824.089	-2104.452	280.3626	1.383719	2.720397	0.925578	0.0744219	3.523101
39366	-1825.492	-2105.641	280.1495	1.14844	2.126964	0.869907	0.130093	3.955198
39372	-1839.408	-2119.012	279.6037	1.176933	3.764007	0.837	0.163	3.839402
39378	-1834.096	-2115.548	281.4523	1.430619	2.642751	0.842971	0.157029	2.87045
39384	-1827.153	-2108.179	281.0264	1.552791	3.380406	0.830905	0.169095	2.864464
39390	-1813.719	-2093.893	280.1738	1.264985	3.7449	0.983333	0.0166666	3.461958
39396	-1817.973	-2098.88	280.9075	1.188074	2.132615	0.829095	0.170905	3.49259
39402	-1820.093	-2100.116	280.0228	1.038329	3.036204	0.883622	0.116378	3.839283
39408	-1831.798	-2112.328	280.5299	0.9774703	2.11393	0.804406	0.195594	3.839283
39414	-1827.377	-2107.009	279.6326	1.115984	1.593301	0.852569	0.147431	4.455977
39420	-1822.591	-2103.205	280.614	1.238144	2.09669	0.93688	0.0631202	3.645888
39426	-1850.137	-2132.837	282.7002	1.544092	2.454699	0.828814	0.171186	2.072421
39432	-1828.361	-2110.454	282.0933	1.549257	2.830851	0.903371	0.0966294	2.346914
39438	-1834.888	-2114.756	279.8681	1.252086	3.805039	0.891368	0.108632	3.635022
39444	-1816.111	-2096.102	279.9915	1.284189	3.381984	0.957027	0.042973	3.635022
39450	-1817.027	-2097.004	279.9778	1.287875	2.964912	0.894543	0.105457	3.738882
39456	-1812.937	-2094.513	281.5768	1.321892	2.984453	0.959836	0.0401636	2.767868
39462	-1806.52	-2089.645	283.1249	1.651782	2.984453	0.884639	0.115361	1.533622
39468	-1817.785	-2098.309	280.5245	1.373781	3.424519	0.887175	0.112825	3.261328
39474	-1824.852	-2106.121	281.2683	1.484412	3.138248	0.815484	0.184516	2.817623
39480	-1816.721	-2097.944	281.2229	1.390214	3.493998	0.933125	0.0668754	2.817623
39486	-1844.126	-2124.72	280.5933	1.363315	4.321304	0.74617	0.25383	3.041901
39492	-1845.27	-2124.879	279.6089	1.321459	4.899162	0.887149	0.112851	3.544794
39498	-1832.295	-2112.488	280.1928	1.04489	3.394191	0.862917	0.137083	3.654314
39504	-1821.71	-2101.232	279.5211	1.168852	2.693952	0.937388	0.0626124	4.137827
39510	-1815.603	-2097.219	281.6157	1.447879	3.066846	0.789563	0.210437	2.64538
39516	-1834.73	-2117.298	282.5685	1.580009	2.407036	0.899928	0.100072	2.150865
39522	-1833.018	-2115.225	282.2073	1.411799	2.823205	0.919193	0.0808074	2.363974
39528	-1839.588	-2122.034	282.4455	1.411799	2.225587	0.855628	0.144372	2.398312
39534	-1840.807	-2122.263	281.4556	1.542892	3.654651	0.922569	0.0774314	2.5443
39540	-1827.475	-2108.901	281.4256	1.343438	4.614121	0.928755	0.0712448	2.490668
39546	-1810.82	-2090.883	280.0628	1.327625	4.496157	0.786655	0.213345	3.345312
39552	-1811.417	-2091.995	280.5776	1.472838	3.90295	0.821497	0.178503	3.068178
39558	-1821.391	-2101.941	280.5497	1.211088	2.745089	0.934453	0.0655468	3.508098
39564	-1806.423	-2087.974	281.5512	1.45143	4.395358	0.897709	0.102291	2.385756
39570	-1816.758	-2097.979	281.2208	1.220372	3.203085	0.672049	0.327951	2.989884
39576	-1812.183	-2092.323	280.1394	1.244514	4.558453	0.848958	0.151042	3.338037
39582	-1816.334	-2097.826	281.4925	1.257712	3.697104	0.796898	0.203102	2.688344
39588	-1808.764	-2088.952	280.1884	1.402364	2.909247	0.934594	0.0654061	3.564509
39594	-1821.198	-2102.872	281.6743	1.519242	3.583155	0.690808	0.309192	2.438596
39600	-1843.191	-2123.384	280.1936	1.310134	3.274007	0.85781	0.14219	3.527026
39606	-1837.889	-2117.694	279.8052	1.21083	2.536949	0.866761	0.133239	3.994385
39612	-1814.069	-2094.534	280.4653	1.427585	3.898086	0.752512	0.247488	3.16298
39618	-1817.626	-2095.521	277.8942	1.247227	3.502333	0.926575	0.0734245	4.820379
39624	-1815	-2094.122	279.1228	1.304132	3.834493	0.966518	0.0334817	4.027844
39630	-1789.402	-2070.418	281.0157	1.257048	2.897837	0.938975	0.0610253	3.16687
39636	-1805.908	-2087.547	281.6385	1.379496	3.881758	0.731546	0.268454	2.482014
39642	-1819.648	-2100.472	280.8233	1.355188	2.868301	0.855596	0.144404	3.230429
39648	-1818.98	-2100.461	281.4816	1.355188	2.771953	0.921343	0.0786575	2.862281
39654	-1823.364	-2105.597	282.2332	1.346693	2.298893	0.873785	0.126215	2.547726
39660	-1813.29	-2094.72	281.4296	1.481877	3.205379	0.786785	0.213215	2.703979
39666	-1799.506	-2079.916	280.4107	1.382115	2.655062	0.978078	0.0219217	3.513706
39672	-1810.517	-2090.961	280.4433	1.292895	2.777997	0.925822	0.0741781	3.513706
39678	-1808.76	-2088.264	279.5041	1.339257	2.792863	0.857552	0.142448	4.024698
39684	-1813.097	-2092.485	279.3872	1.16305	1.896564	0.969373	0.0306271	4.455956
39690	-1823.564	-2102.025	278.4609	0.971522	3.32311	0.867465	0.132535	4.696163
39696	-1816.271	-2096.411	280.141	1.308334	2.499628	0.913983	0.0860167	3.756106
39702	-1825.6	-2105.849	280.2485	1.156485	2.375946	0.86612	0.13388	3.817356
39708	-1825.252	-2104.444	279.1916	0.9885656	2.375946	0.93674	0.0632598	4.513553
39714	-1842.464	-2120.392	277.9283	1.206095	1.820108	0.983808	0.0161917	5.271738
39720	-1835.81	-2115.66	279.8501	1.133232	2.96779	0.74731	0.25269	3.900646
39726	-1839.174	-2118.517	279.3435	1.290126	3.104898	0.718502	0.281498	4.067597
39732	-1819.558	-2098.945	279.3865	1.138316	3.399191	0.671535	0.328465	4.062816
39738	-1820.864	-2098.714	277.8502	0.9647089	3.214464	0.821346	0.178654	5.064192
39744	-1824.283	-2104.028	279.745	1.309148	4.411992	0.74674	0.25326	3.557126
39750	-1835.638	-2116.936	281.2976	1.418106	2.598164	0.920335	0.0796653	2.983983
39756	-1837.643	-2119.231	281.5878	1.289495	2.276384	0.927562	0.0724379	2.983983
39762	-1839.466	-2116.023	276.5564	1.111216	3.009971	0.913419	0.0865806	5.742919
39768	-1824.007	-2104.126	280.1198	1.453549	3.409564	0.948702	0.0512975	3.455595
39774	-1835.916	-2116.682	280.7664	1.622149	2.56135	0.82726	0.17274	3.189722
39780	-1830.942	-2111.56	280.6182	1.229777	3.261496	0.653704	0.346296	3.328394
39786	-1812.323	-2092.675	280.3521	1.233665	2.406297	0.78606	0.21394	3.704216
39792	-1840.417	-2118.68	278.2622	0.9484496	2.132975	0.685551	0.314449	5.126916
39798	-1832.762	-2109.015	276.2526	0.7371951	2.132975	0.984836	0.0151635	6.343809
39804	-1822.211	-2104.684	282.473	1.545635	2.36745	0.702293	0.297707	2.247974
39810	-1811.06	-2087.823	276.7632	0.8418497	2.325367	0.928016	0.0719844	5.95256
39816	-1822.188	-2098.821	276.6326	1.004297	2.325367	0.85011	0.14989	5.935133
39822	-1832.791	-2114.501	281.7104	1.348678	2.427136	0.861756	0.138244	2.827214
39828	-1826.489	-2107.986	281.4971	1.399612	2.908274	0.858217	0.141783	2.789067
39834	-1833.936	-2113.651	279.7149	1.007596	1.969209	0.955517	0.0444828	4.334114
39840	-1832.353	-2113.173	280.8205	1.229527	3.322165	0.714928	0.285072	3.195001
39846	-1828.72	-2109.273	280.5523	1.292331	3.881603	0.835779	0.164221	3.195001
39852	-1839.224	-2120.976	281.7514	1.233438	3.405317	0.828607	0.171393	2.610445
39858	-1830.958	-2111.841	280.8829	1.21886	2.868346	0.803697	0.196303	3.275709
39864	-1843.3	-2122.791	279.4909	1.110398	3.104844	0.843296	0.156704	4.086027
39870	-1825.821	-2106.612	280.7904	1.232123	2.519236	0.854643	0.145357	3.417422
39876	-1821.597	-2102.477	280.8797	1.311951	2.664315	0.800272	0.199728	3.277316
39882	-1815.977	-2096.461	280.4835	1.453595	2.739667	0.889895	0.110105	3.406491
39888	-1820.069	-2100.619	280.5501	1.313363	2.904528	0.868036	0.131964	3.406491
39894	-1822.578	-2103.03	280.4517	1.25064	3.293477	0.928701	0.0712989	3.406491
39900	-1816.228	-2097.1	280.8716	1.168827	3.37064	0.946372	0.0536277	3.189467
39906	-1815.389	-2097.023	281.6332	1.306446	2.411576	0.857254	0.142746	2.904318
39912	-1852.989	-2132.299	279.3102	1.20736	4.081393	0.905715	0.0942846	3.928062
39918	-1834.062	-2112.626	278.5643	1.25936	2.719368	0.856761	0.143239	4.620256
39924	-1823.257	-2103.722	280.4649	1.2648	3.889929	0.757593	0.242407	3.261295
39930	-1823.607	-2104.115	280.5081	1.1413	3.456898	0.762628	0.237372	3.400541
39936	-1818.048	-2096.091	278.0436	1.025595	3.591106	0.860783	0.139217	4.842298
39942	-1819.284	-2100.332	281.0479	1.131886	1.988878	0.838614	0.161386	3.491549
39948	-1811.183	-2092.057	280.8739	1.108448	2.546022	0.915169	0.0848312	3.433338
39954	-1813.453	-2093.117	279.664	1.146499	2.860215	0.750254	0.249746	4.026272
39960	-1814.26	-2095.721	281.4616	1.261601	1.052881	0.898122	0.101878	3.579734
39966	-1820.183	-2101.712	281.5283	1.171549	0.991103	0.89647	0.10353	3.628546
39972	-1831.195	-2111.571	280.3766	1.171549	2.760935	0.849613	0.150387	3.627547
39978	-1839.051	-2118.546	279.495	1.265431	3.15621	0.921529	0.078471	3.983146
39984	-1822.15	-2103.727	281.5777	1.279263	2.087793	0.862641	0.137359	3.058099
39990	-1825.494	-2106.592	281.0978	1.246365	3.201556	0.92112	0.0788801	3.048385
39996	-1823.965	-2105.625	281.6595	1.276399	1.927561	0.855541	0.144459	3.066962
40002	-1831.164	-2112.763	281.5989	1.315425	3.807147	0.755085	0.244915	2.562878
40008	-1824.555	-2105.657	281.1013	1.315425	3.604831	0.994191	0.00580948	2.911683
40014	-1838.579	-2119.71	281.131	1.32576	3.607117	0.845343	0.154657	2.886995
40020	-1825.693	-2107.434	281.7419	1.368929	2.142539	0.808045	0.191955	2.886995
40026	-1806.341	-2087.775	281.4343	1.460238	3.053395	0.838607	0.161393	2.752574
40032	-1810.002	-2092.021	282.0185	1.388128	3.222072	0.922871	0.0771293	2.391728
40038	-1809.607	-2091.148	281.5413	1.540145	3.619805	0.836351	0.163649	2.500494
40044	-1819.025	-2100.116	281.0908	1.566573	2.851974	0.788068	0.211932	2.949014
40050	-1814.564	-2095.935	281.3707	1.378187	3.132056	0.876258	0.123742	2.821483
40056	-1821.046	-2101.878	280.8312	1.438125	3.306348	0.827555	0.172445	3.068169
40062	-1819.173	-2101.002	281.8287	1.627503	3.71983	0.894359	0.105641	2.240031
40068	-1816.861	-2100.497	283.6358	1.612463	1.859183	0.867622	0.132378	1.609246
40074	-1815.833	-2096.491	280.6574	1.250285	2.541845	0.903519	0.0964813	3.478149
40080	-1806.504	-2087.012	280.5081	1.200859	2.978853	0.814458	0.185542	3.478149
40086	-1817.461	-2098.961	281.4999	1.237683	1.921758	0.914254	0.0857461	3.187042
40092	-1827.466	-2107.088	279.6218	1.021988	1.166762	0.884564	0.115436	4.703221
40098	-1816.391	-2098.386	281.9946	1.233809	1.435306	0.985595	0.0144051	3.090744
40104	-1819.718	-2100.969	281.2512	1.194353	3.663195	0.82773	0.17227	2.881424
40110	-1829.365	-2112.134	282.7695	1.554572	2.943391	0.954822	0.0451778	1.867149
40116	-1829.729	-2111.739	282.0106	1.314606	2.745331	0.980767	0.0192327	2.570339
40122	-1837.108	-2118.596	281.4882	1.329233	4.065162	0.82549	0.17451	2.56835
40128	-1833.614	-2114.531	280.9173	1.285635	3.987451	0.891272	0.108728	2.959502
40134	-1838.137	-2118.127	279.9903	1.514662	2.913851	0.821206	0.178794	3.613171
40140	-1820.172	-2101.476	281.304	1.317198	2.978694	0.936482	0.0635175	2.937585
40146	-1820.327	-2102.174	281.8464	1.497366	3.483029	0.815162	0.184838	2.36733
40152	-1831.158	-2113.298	282.1396	1.798457	3.165101	0.967093	0.0329068	2.06375
40158	-1834.776	-2114.971	280.1947	1.486727	3.811129	0.864726	0.135274	3.30589
40164	-1838.464	-2119.364	280.8999	1.19328	2.751121	0.907296	0.0927045	3.311733
40170	-1837.323	-2116.716	279.3935	1.256694	3.380812	0.774695	0.225305	3.99527
40176	-1830.066	-2109.767	279.7011	1.181606	3.380812	0.7015	0.2985	3.862024
40182	-1840.561	-2120.209	279.647	1.091733	3.230062	0.837538	0.162462	3.978489
40188	-1834.286	-2113.812	279.5261	1.043573	3.675329	0.893336	0.106664	3.978489
40194	-1814.03	-2093.499	279.4683	1.305773	5.694703	0.555429	0.444571	3.511712
40200	-1827.238	-2107.457	280.2184	1.493811	5.694703	0.580591	0.419409	2.956617
40206	-1822.345	-2102.678	280.3322	1.497722	6.536851	0.449201	0.550799	2.763943
40212	-1816.561	-2096.884	280.323	1.27815	4.290415	0.68604	0.31396	3.258949
40218	-1810.639	-2089.982	279.3436	1.370869	4.524858	0.594566	0.405434	3.73384
40224	-1807.257	-2088.29	281.0337	1.529445	4.390899	0.436637	0.563363	2.660759
40230	-1810.322	-2091.255	280.933	1.623646	4.232098	0.617903	0.382097	2.695637
40236	-1815.588	-2097.282	281.6942	1.649378	5.224563	0.49845	0.50155	2.009124
40242	-1828.791	-2110.288	281.4975	1.638039	3.889177	0.865163	0.134837	2.406545
40248	-1828.934	-2110.312	281.3789	1.638039	2.775735	0.81411	0.18589	2.751645
40254	-1823.042	-2104.575	281.5338	1.412282	5.389541	0.746473	0.253527	2.240302
40260	-1807.339	-2089.738	282.3989	1.449469	2.92071	0.96612	0.0338796	2.189578
40266	-1828.667	-2109.545	280.8778	1.174353	3.147022	0.957134	0.0428658	3.235213
40272	-1838.557	-2119.846	281.2885	1.086063	2.393864	0.841153	0.158847	3.247096
40278	-1817.577	-2099.29	281.7126	1.355239	3.043691	0.869581	0.130419	2.648734
40284	-1816.481	-2098.723	282.2418	1.399272	2.797491	0.919819	0.0801808	2.357347
40290	-1822.813	-2104.344	281.5307	1.476337	2.993974	0.843469	0.156531	2.69905
40296	-1820.92	-2102.394	281.4735	1.476337	3.130943	0.862814	0.137186	2.69905
40302	-1821.231	-2103.075	281.8449	1.427972	2.419471	0.709286	0.290714	2.69905
40308	-1829.752	-2111.064	281.3119	1.410278	2.385833	0.829576	0.170424	3.042895
40314	-1823.274	-2104.11	280.8365	1.228558	3.400136	0.811483	0.188517	3.168106
40320	-1822.151	-2103.098	280.9469	1.236697	3.10275	0.947908	0.0520919	3.168106
40326	-1818.592	-2100.7	282.1083	1.407253	3.532998	0.933928	0.0660724	2.245694
40332	-1825.951	-2106.695	280.7438	1.401713	3.974595	0.453344	0.546656	2.996599
40338	-1823.316	-2105.073	281.7571	1.490687	3.974595	0.717706	0.282294	2.316837
40344	-1827.352	-2109.192	281.84	1.47118	3.126844	0.705821	0.294179	2.476084
40350	-1811.484	-2091.442	279.9575	1.272662	3.70958	0.837486	0.162514	3.590845
40356	-1809.068	-2089.096	280.0279	1.43917	3.851354	0.552053	0.447947	3.423528
40362	-1818.874	-2099.964	281.0905	1.420678	3.914527	0.753906	0.246094	2.78789
40368	-1817.749	-2098.648	280.8987	1.459975	3.786908	0.853646	0.146354	2.907257
40374	-1829.55	-2110.893	281.343	1.501373	3.923401	0.875062	0.124938	2.581295
40380	-1810.887	-2091.372	280.4851	1.469184	3.10709	0.73259	0.26741	3.302652
40386	-1815.973	-2097.223	281.2501	1.275805	3.991031	0.743707	0.256293	2.76309
40392	-1833.909	-2114.317	280.4084	1.144779	2.981574	0.630482	0.369518	3.568217
40398	-1825.59	-2104.867	279.277	1.19506	3.450534	0.68127	0.31873	4.081706
40404	-1820.468	-2101.296	280.8286	1.22986	3.371689	0.801292	0.198708	3.178534
40410	-1817.099	-2098.828	281.7285	1.292211	2.476856	0.886417	0.113583	2.835408
40416	-1819.68	-2099.698	280.0174	1.279668	3.24852	0.731947	0.268053	3.652999
40422	-1815.198	-2094.866	279.6682	1.276834	3.628244	0.625149	0.374851	3.77281
40428	-1818.429	-2099.667	281.2376	1.32571	2.401769	0.834241	0.165759	3.132822
40434	-1822.062	-2101.398	279.3364	1.407236	3.647905	0.855654	0.144346	3.884509
40440	-1808.268	-2088.514	280.2464	1.150027	3.388432	0.947908	0.0520921	3.56349
40446	-1824.835	-2104.684	279.8487	1.116974	3.936651	0.921251	0.0787488	3.698146
40452	-1828.048	-2107.913	279.8647	1.2297	3.009701	0.81394	0.18606	3.826578
40458	-1838.939	-2118.678	279.7394	1.154817	3.009701	0.859761	0.140239	3.941445
40464	-1820.824	-2099.993	279.1693	1.090309	3.536105	0.748916	0.251084	4.184253
40470	-1817.485	-2096.022	278.5362	1.133062	3.006899	0.742095	0.257905	4.635625
40476	-1819.611	-2098.306	278.6948	1.04667	3.102	0.72075	0.27925	4.572788
40482	-1826.886	-2107.152	280.2655	1.322684	3.808083	0.845884	0.154116	3.361386
40488	-1833.775	-2115.42	281.6452	1.345112	2.553036	0.763196	0.236804	2.831232
40494	-1823.283	-2104.695	281.4124	1.285346	2.342705	0.860739	0.139261	3.070711
40500	-1820.378	-2101.668	281.2897	1.295098	2.589062	0.819768	0.180232	3.064999
40506	-1815.943	-2096.21	280.2666	1.147216	3.789105	0.720233	0.279767	3.467418
40512	-1825.716	-2105.893	280.1773	1.451953	4.402606	0.683426	0.316574	3.221505
40518	-1828.087	-2110.206	282.1191	1.565836	2.745128	0.891456	0.108544	2.344549
40524	-1814.779	-2096.4	281.621	1.503084	4.316976	0.731049	0.268951	2.324325
40530	-1823.188	-2102.777	279.5887	1.300847	4.255754	0.803275	0.196725	3.681225
40536	-1819.97	-2100.745	280.7746	1.522559	4.255754	0.857423	0.142577	2.849326
40542	-1816.859	-2097.813	280.9535	1.500192	2.997469	0.83958	0.16042	3.033391
40548	-1818.613	-2098.826	280.2131	1.275889	3.366391	0.796551	0.203449	3.514561
40554	-1826.433	-2106.752	280.3189	1.245978	3.174953	0.982243	0.0177573	3.514561
40560	-1821.552	-2103.051	281.499	1.560363	4.252837	0.811527	0.188473	2.378366
40566	-1814.847	-2096.007	281.1599	1.459011	3.462416	0.810348	0.189652	2.821375
40572	-1816.145	-2098.923	282.7777	1.489422	2.599761	0.825424	0.174576	2.01048
40578	-1817.325	-2097.41	280.0853	1.489422	4.619224	0.88142	0.11858	3.214621
40584	-1816.826	-2098.812	281.9858	1.444852	2.539289	0.815096	0.184904	2.565033
40590	-1824.17	-2105.482	281.3125	1.350539	2.785122	0.6125	0.3875	2.963581
40596	-1822.832	-2103.865	281.033	1.457135	2.963771	0.793526	0.206474	3.020202
40602	-1817.024	-2098.955	281.9303	1.457135	3.708109	0.911387	0.0886134	2.286887
40608	-1815.933	-2098.177	282.2444	1.681859	3.708109	0.762098	0.237902	1.933552
40614	-1815.831	-2096.862	281.031	1.219002	2.503711	0.798115	0.201885	3.288227
40620	-1813.633	-2095.026	281.393	1.400686	3.620731	0.900405	0.0995954	2.678595
40626	-1822.822	-2102.864	280.042	1.32245	4.661439	0.951295	0.0487055	3.331267
40632	-1823.248	-2103.413	280.1652	1.443365	4.661439	0.931383	0.0686168	3.187111
40638	-1826.541	-2107.599	281.0585	1.358923	2.259527	0.985466	0.0145339	3.263114
40644	-1798.315	-2079.696	281.3816	1.340838	3.770547	0.901142	0.0988583	2.689326
40650	-1808.523	-2088.128	279.6049	1.219966	4.286469	0.845736	0.154264	3.71293
40656	-1819.991	-2101.072	281.0813	1.308675	3.871501	0.882402	0.117598	2.870488
40662	-1822.368	-2102.798	280.4293	1.456272	4.245769	0.832459	0.167541	3.098665
40668	-1818.08	-2098.002	279.9218	1.389514	4.201557	0.855478	0.144522	3.446026
40674	-1813.069	-2093.391	280.322	1.229656	2.618926	0.982675	0.0173247	3.663669
40680	-1811.132	-2091.848	280.7156	1.279128	3.428916	0.932527	0.0674726	3.203285
40686	-1823.416	-2103.585	280.1693	1.229336	3.858772	0.762765	0.237235	3.462076
40692	-1830.483	-2111.811	281.3274	1.297507	3.306191	0.787041	0.212959	2.854277
40698	-1805.708	-2086.791	281.0833	1.268125	2.955722	0.958308	0.0416924	3.105131
40704	-1817.243	-2098.751	281.5083	1.313687	2.61272	0.849084	0.150916	2.915868
40710	-1829.474	-2108.286	278.8117	1.162531	3.801253	0.787434	0.212566	4.291718
40716	-1830.514	-2109.453	278.9393	1.256657	3.801253	0.892142	0.107858	4.16596
40722	-1819.749	-2099.471	279.7221	1.17124	3.189506	0.913902	0.0860984	3.89934
40728	-1834.743	-2115.284	280.5409	1.201505	2.949498	0.711983	0.288017	3.465922
40734	-1831.843	-2112.242	280.3989	1.090876	3.534685	0.887931	0.112069	3.476795
40740	-1815.672	-2094.167	278.4958	1.284278	3.008071	0.837987	0.162013	4.573196
40746	-1827.822	-2106.736	278.9142	1.146915	2.875496	0.950898	0.0491019	4.447359
40752	-1826.76	-2105.281	278.5214	1.105899	3.148687	0.891404	0.108596	4.626087
40758	-1821.786	-2102.207	280.4211	1.333186	4.3118	0.811204	0.188796	3.164281
40764	-1826.547	-2106.689	280.1424	1.438147	3.528945	0.83566	0.16434	3.425011
40770	-1816.298	-2096.668	280.3702	1.267888	2.311584	0.954218	0.0457824	3.702136
40776	-1832.351	-2112.78	280.4288	1.251606	2.239594	0.886661	0.113339	3.699757
40782	-1837.318	-2117.611	280.2925	1.112291	3.395555	0.81637	0.18363	3.557027
40788	-1841.461	-2121.436	279.9751	1.339541	2.565202	0.877885	0.122115	3.815314
40794	-1832.757	-2111.59	278.8324	1.143473	2.360216	0.677668	0.322332	4.632745
40800	-1830.05	-2107.701	277.6514	1.002	2.360216	0.818575	0.181425	5.367605
40806	-1818.155	-2098.108	279.9526	1.053236	2.131457	0.900449	0.0995506	4.120439
40812	-1815.043	-2094.252	279.2089	1.128104	3.758536	0.758318	0.241682	4.094317
40818	-1837.886	-2117.741	279.8554	1.135274	2.243139	0.629039	0.370961	4.094317
40824	-1815.113	-2094.972	279.8587	1.084535	3.86786	0.76878	0.23122	3.724789
40830	-1812.032	-2092.133	280.1018	1.288425	3.234976	0.851004	0.148996	3.602075
40836	-1812.878	-2093.712	280.8346	1.288425	2.75699	0.72392	0.27608	3.292596
40842	-1818.373	-2099.835	281.462	1.345251	3.931223	0.973954	0.0260457	2.602625
40848	-1818.317	-2099.852	281.5346	1.206615	4.097853	0.941205	0.058795	2.608898
40854	-1811.085	-2091.675	280.5905	1.33587	4.097853	0.892066	0.107934	3.103018
40860	-1816.316	-2096.013	279.6971	1.147797	3.539542	0.890864	0.109136	3.849237
40866	-1800.764	-2080.914	280.1494	1.241541	4.298272	0.832733	0.167267	3.381217
40872	-1802.636	-2083.333	280.6972	1.377962	3.38159	0.861785	0.138215	3.166385
40878	-1809.332	-2090.032	280.7003	1.324767	2.791322	0.967233	0.0327665	3.341101
40884	-1823.427	-2103.866	280.4386	1.254656	3.610972	0.817378	0.182622	3.341101
40890	-1830.154	-2110.922	280.768	1.228032	2.822347	0.779335	0.220665	3.350013
40896	-1824.381	-2104.946	280.5648	1.264441	2.28572	0.977825	0.0221754	3.599309
40902	-1830.116	-2110.503	280.3869	1.150582	1.947499	0.905381	0.0946189	3.877389
40908	-1825.961	-2105.755	279.7939	1.153812	2.8561	0.823517	0.176483	3.948925
40914	-1843.749	-2123.576	279.8265	1.218897	2.641827	0.85163	0.14837	3.948925
40920	-1830.258	-2111.393	281.1347	1.105556	2.13931	0.934491	0.0655087	3.405799
40926	-1826.809	-2107.444	280.6358	1.2972	2.13931	0.813503	0.186497	3.585124
40932	-1812.332	-2092.848	280.5151	1.181406	1.978035	0.981312	0.0186875	3.775454
40938	-1812.437	-2093.879	281.4415	1.181406	2.220602	0.981947	0.0180525	3.153768
40944	-1812.352	-2093.661	281.3094	1.163653	1.537796	0.896516	0.103484	3.49151
40950	-1827.059	-2108.574	281.5149	1.263826	1.965305	0.849264	0.150736	3.147149
40956	-1828.267	-2107.938	279.6715	1.082896	3.138745	0.873428	0.126572	3.990693
40962	-1824.854	-2105.242	280.388	1.009384	2.796769	0.923285	0.076715	3.705446
40968	-1821.092	-2098.865	277.7735	0.9043004	2.567155	0.872304	0.127696	5.297368
40974	-1821.062	-2101.64	280.5781	1.035986	2.684134	0.743312	0.256688	3.609787
40980	-1820.797	-2101.311	280.5143	1.177722	2.520426	0.910291	0.0897093	3.609787
40986	-1808.102	-2088.778	280.6763	1.198061	2.421721	0.831044	0.168956	3.532234
40992	-1822.831	-2103.036	280.2048	1.198061	3.614755	0.781613	0.218387	3.510305
40998	-1835.695	-2116.559	280.8638	1.342799	4.75758	0.82513	0.17487	2.811166
41004	-1829.675	-2109.142	279.4678	1.300496	4.571142	0.773084	0.226916	3.694667
41010	-1823.179	-2102.802	279.6231	0.9505413	2.115625	0.927153	0.0728473	4.370427
41016	-1821.782	-2100.568	278.7856	1.025805	2.103414	0.919075	0.0809255	4.802098
41022	-1824.08	-2102.482	278.4018	1.193809	2.771584	0.786394	0.213606	4.734565
41028	-1823.55	-2101.795	278.245	1.186047	2.99631	0.929579	0.0704206	4.771433
41034	-1830.548	-2111.059	280.5106	1.299105	2.366977	0.891034	0.108966	3.586057
41040	-1827.503	-2108.777	281.2739	1.403231	2.813559	0.889649	0.110351	2.947378
41046	-1830.915	-2110.121	279.2067	1.175166	3.131694	0.943133	0.0568668	4.204512
41052	-1838.327	-2117.965	279.6377	1.318162	2.34252	0.888063	0.111937	4.084331
41058	-1832.288	-2111.792	279.5043	1.217588	2.82117	0.869341	0.130659	4.086697
41064	-1835.332	-2116.191	280.8587	1.383118	4.209181	0.599221	0.400779	2.891886
41070	-1834.918	-2114.569	279.6506	1.175405	2.466508	0.923198	0.0768019	4.122452
41076	-1838.816	-2118.093	279.2767	1.028877	1.590659	0.970531	0.0294693	4.705663
41082	-1829.316	-2109.09	279.7741	1.309366	4.340323	0.794777	0.205223	3.553149
41088	-1826.465	-2107.456	280.9917	1.467268	3.326014	0.892251	0.107749	2.949839
41094	-1831.761	-2112.808	281.047	1.507624	4.751825	0.976868	0.023132	2.598695
41100	-1850.217	-2130.034	279.817	1.174926	2.261868	0.871937	0.128063	4.087912
41106	-1837.156	-2116.454	279.2974	1.318086	3.062629	0.740011	0.259989	4.087912
41112	-1815.769	-2097.892	282.123	1.337402	2.169124	0.898922	0.101078	2.664825
41118	-1819.58	-2101.942	282.3616	1.328537	1.287617	0.948282	0.0517178	2.883658
41124	-1832.361	-2112.5	280.1388	1.353343	3.53591	0.734036	0.265964	3.475198
41130	-1837.078	-2117.591	280.5136	1.421805	3.70424	0.906153	0.0938472	3.178149
41136	-1830.086	-2110.758	280.6715	1.277966	2.924079	0.70978	0.29022	3.351041
41142	-1831.547	-2111.932	280.385	1.272994	2.924079	0.771001	0.228999	3.52159
41148	-1821.514	-2102.127	280.613	1.403235	2.644749	0.94988	0.0501196	3.385858
41154	-1823.434	-2104.927	281.4935	1.396893	2.916063	0.907953	0.0920467	2.790887
41160	-1822.696	-2104.355	281.6596	1.34864	3.506853	0.988248	0.0117516	2.572109
41166	-1828.917	-2110.23	281.3128	1.34864	3.422226	0.879331	0.120669	2.804807
41172	-1827.634	-2110.452	282.818	1.51718	1.808811	0.951641	0.0483587	2.248949
41178	-1804.352	-2087.125	282.7728	1.481959	2.407024	0.934589	0.065411	2.081267
41184	-1818.311	-2101.343	283.0311	1.609345	1.892311	0.943293	0.0567069	2.015486
41190	-1817.847	-2099.527	281.6799	1.470786	4.015481	0.941398	0.058602	2.369795
41196	-1824.167	-2106.08	281.9129	1.606237	5.214719	0.673897	0.326103	1.892899
41202	-1829	-2111.833	282.833	1.906648	4.11483	0.889775	0.110225	1.231498
41208	-1834.268	-2116.657	282.3896	1.718915	2.934892	0.831232	0.168768	2.014814
41214	-1813.042	-2094.066	281.0237	1.294107	2.636565	0.874324	0.125676	3.210388
41220	-1822.348	-2103.303	280.9549	1.36078	2.641084	0.831253	0.168747	3.210388
41226	-1823.471	-2104.898	281.4272	1.393549	2.683291	0.78139	0.21861	2.896581
41232	-1817.08	-2098.494	281.4142	1.434791	2.721459	0.960332	0.0396681	2.868833
41238	-1816.475	-2098.65	282.1747	1.309003	1.710111	0.975054	0.0249461	2.819804
41244	-1810.737	-2091.776	281.039	1.278715	2.535829	0.827437	0.172563	3.238978
41250	-1818.871	-2100.718	281.847	1.444554	2.886706	0.897437	0.102563	2.551952
41256	-1823.337	-2104.915	281.5773	1.310019	3.400835	0.913086	0.0869141	2.671661
41262	-1829.119	-2110.605	281.4866	1.398735	3.773098	0.720236	0.279764	2.588258
41268	-1827.435	-2107.987	280.5525	1.479692	3.933163	0.839538	0.160462	3.072859
41274	-1827.296	-2110.058	282.7615	1.450666	2.75499	0.778442	0.221558	1.998918
41280	-1821.04	-2103.679	282.6387	1.59638	3.662724	0.923272	0.0767275	1.732351
41286	-1814.081	-2096.331	282.2506	1.554881	3.861198	0.834239	0.165761	1.978481
41292	-1818.547	-2100.912	282.3656	1.668407	3.861198	0.757966	0.242034	1.82336
41298	-1819.172	-2101.496	282.3239	1.688344	3.385226	0.712461	0.287539	1.95637
41304	-1821.609	-2103.95	282.3409	1.70831	3.634966	0.933465	0.0665347	1.868009
41310	-1829.165	-2108.145	278.9805	1.205326	3.411722	0.740104	0.259896	4.252733
41316	-1838.219	-2117.03	278.8114	1.170339	3.912351	0.853313	0.146687	4.265648
41322	-1841.443	-2120.8	279.3566	1.054366	2.627171	0.873834	0.126166	4.313752
41328	-1845.147	-2124.675	279.5283	1.107168	2.570297	0.732464	0.267536	4.20191
41334	-1824.688	-2104.76	280.0723	1.222493	2.687831	0.821336	0.178664	3.793363
41340	-1835.603	-2116.352	280.7491	1.329447	2.721754	0.823202	0.176798	3.328279
41346	-1833.254	-2113.729	280.4752	1.138286	2.433183	0.919867	0.0801333	3.68034
41352	-1826.83	-2107.073	280.2437	1.338064	4.493331	0.767861	0.232139	3.233033
41358	-1814.55	-2095.764	281.2134	1.502404	4.151846	0.849509	0.150491	2.613613
41364	-1808.087	-2089.742	281.6553	1.340906	2.736184	0.855405	0.144595	2.775247
41370	-1825.742	-2106.38	280.638	1.262553	1.997843	0.898891	0.101109	3.650816
41376	-1814.057	-2095.436	281.3792	1.432192	3.136636	0.92241	0.07759	2.782288
41382	-1839.223	-2119.895	280.6717	1.338798	3.872823	0.982536	0.0174641	3.098174
41388	-1836.479	-2117.555	281.0753	1.493754	3.733933	0.769114	0.230886	2.791091
41394	-1816.324	-2097.024	280.6996	1.34575	3.033925	0.819344	0.180656	3.266923
41400	-1838.159	-2118.681	280.5222	1.400266	3.337349	0.867712	0.132288	3.266923
41406	-1826.504	-2106.329	279.8251	1.4663	4.725676	0.768997	0.231003	3.363069
41412	-1821.288	-2102.205	280.9166	1.647215	2.899535	0.926364	0.0736355	2.99265
41418	-1818.613	-2098.981	280.3678	1.596471	3.198875	0.952102	0.0478979	3.27464
41424	-1823.475	-2104.44	280.965	1.533577	3.198875	0.882702	0.117298	2.956406
41430	-1835.298	-2116.986	281.6875	1.447621	3.54761	0.881107	0.118893	2.483516
41436	-1828.055	-2109.807	281.7518	1.454209	2.654795	0.821669	0.178331	2.669847
41442	-1819.258	-2100.75	281.492	1.416785	3.352791	0.901307	0.0986932	2.669847
41448	-1822.544	-2104.605	282.0607	1.403026	2.976043	0.96364	0.0363596	2.419951
41454	-1823.074	-2103.953	280.8793	1.114449	1.799706	0.889025	0.110975	3.667037
41460	-1835.216	-2116.332	281.1159	1.47883	2.973051	0.804037	0.195963	2.954969
41466	-1834.077	-2111.929	277.8518	1.190482	2.782852	0.892491	0.107509	5.039965
41472	-1823.068	-2100.845	277.7771	0.9855385	2.305087	0.74181	0.25819	5.323164
41478	-1818.498	-2099.168	280.6698	0.9263743	1.988944	0.922331	0.0776693	3.829557
41484	-1821.841	-2101.391	279.5507	1.163543	3.094372	0.724953	0.275047	4.024109
41490	-1818.482	-2098.4	279.9178	1.067556	2.916056	0.809832	0.190168	3.912254
41496	-1818.211	-2097.678	279.4669	1.036517	2.962627	0.946806	0.0531936	4.175803
41502	-1815.963	-2095.727	279.7638	1.295596	3.750829	0.862932	0.137068	3.681309
41508	-1814.67	-2094.729	280.0589	1.387306	4.795973	0.81829	0.18171	3.259829
41514	-1807.529	-2088.517	280.9878	1.259133	2.18203	0.984224	0.0157762	3.388088
41520	-1796.675	-2076.157	279.4823	1.117482	2.560044	0.914284	0.0857157	4.224984
41526	-1813.967	-2093.906	279.9393	1.227345	3.738857	0.718104	0.281896	3.621648
41532	-1818.555	-2098.551	279.996	1.299134	3.391472	0.803709	0.196291	3.621648
41538	-1808.851	-2090.888	282.0373	1.265398	2.353961	0.804176	0.195824	2.701226
41544	-1804.16	-2084.81	280.6503	1.265398	3.548116	0.916694	0.0833063	3.223546
41550	-1800.221	-2079.929	279.7085	1.331891	3.556955	0.907849	0.0921508	3.732925
41556	-1816.742	-2098.279	281.5367	1.450698	1.708262	0.83176	0.16824	3.118984
41562	-1807.936	-2088.241	280.3056	1.450698	3.081432	0.748314	0.251686	3.425192
41568	-1803.965	-2082.958	278.9928	1.269833	3.518284	0.926711	0.0732889	4.186284
41574	-1813.447	-2091.139	277.6916	1.224211	4.379694	0.758571	0.241429	4.778976
41580	-1817.894	-2097.653	279.7588	1.278973	3.532349	0.825021	0.174979	3.739672
41586	-1809.101	-2087.823	278.7217	1.3173	4.297069	0.726405	0.273595	4.161196
41592	-1803.254	-2083.131	279.8777	1.329649	2.602055	0.885798	0.114202	3.86683
41598	-1813.891	-2093.668	279.7774	1.329649	3.207813	0.94034	0.0596601	3.772174
41604	-1812.327	-2092.914	280.5866	1.395913	3.068495	0.815853	0.184147	3.295459
41610	-1810.991	-2090.577	279.5858	1.241288	4.143712	0.628698	0.371302	3.738278
41616	-1812.245	-2092.909	280.664	1.36347	2.997144	0.839666	0.160334	3.286639
41622	-1816.229	-2097.555	281.3262	1.31188	3.385434	0.957011	0.0429892	2.82759
41628	-1819.971	-2102.108	282.1365	1.750527	3.135846	0.893575	0.106425	2.105221
41634	-1831.117	-2112.807	281.69	1.59646	3.446372	0.917555	0.0824455	2.412308
41640	-1849.183	-2130.416	281.2333	1.446564	3.584686	0.805813	0.194187	2.756459
41646	-1824.018	-2106.119	282.1011	1.442962	2.367842	0.934248	0.0657524	2.547763
41652	-1831.356	-2112.847	281.4907	1.379939	1.992028	0.797948	0.202052	3.082941
41658	-1832.19	-2114.695	282.5046	1.349943	1.334396	0.931435	0.0685651	2.760613
41664	-1824.847	-2107.286	282.4395	1.364364	1.388019	0.885638	0.114362	2.765648
41670	-1817.104	-2098.127	281.0231	1.353216	2.659383	0.954768	0.0452316	3.169346
41676	-1824.858	-2106.267	281.4091	1.392764	1.91891	0.901284	0.0987156	3.149922
41682	-1833.585	-2114.176	280.5906	1.430811	3.73477	0.883056	0.116944	3.120541
41688	-1845.252	-2126.769	281.5174	1.453115	4.000544	0.882762	0.117238	2.486433
41694	-1841.689	-2123.569	281.8796	1.329451	2.43154	0.771378	0.228622	2.734429
41700	-1834.457	-2115.392	280.9351	1.293937	3.33714	0.901002	0.0989983	3.085051
41706	-1827.978	-2109.946	281.9686	1.35001	2.177059	0.869086	0.130914	2.749092
41712	-1833.043	-2114.348	281.3049	1.477281	2.814884	0.87895	0.12105	2.8836
41718	-1827.744	-2109.036	281.2918	1.451545	4.023021	0.85817	0.14183	2.622975
41724	-1824.256	-2105.823	281.5668	1.173682	2.693845	0.848334	0.151666	2.942039
41730	-1840.567	-2120.802	280.2342	1.164478	4.154715	0.748013	0.251987	3.40383
41736	-1843.825	-2122.753	278.9274	1.245006	2.490715	0.950897	0.049103	4.485471
41742	-1833.737	-2113.612	279.8752	1.231118	2.783198	0.931244	0.0687559	3.876628
41748	-1838.454	-2120.41	281.956	1.135017	1.555673	0.941493	0.0585072	3.119834
41754	-1824.009	-2106.039	282.0303	1.407469	1.880333	0.889511	0.110489	2.781608
41760	-1822.049	-2103.253	281.2046	1.407469	3.351214	0.903275	0.0967246	2.851411
41766	-1809.627	-2090.772	281.1449	1.43299	3.440065	0.769257	0.230743	2.851411
41772	-1826.288	-2107.267	280.9796	1.436948	4.469929	0.891743	0.108257	2.735713
41778	-1822.67	-2103.626	280.9554	1.461102	4.469929	0.876258	0.123742	2.735713
41784	-1804.54	-2085.928	281.3884	1.398741	3.23452	0.740095	0.259905	2.772941
41790	-1822.241	-2103.666	281.4251	1.542696	3.512937	0.678345	0.321655	2.595731
41796	-1819.134	-2100.209	281.0752	1.259264	3.218195	0.638808	0.361192	3.05017
41802	-1806.986	-2088.135	281.1489	1.267286	3.019903	0.797858	0.202142	3.05017
41808	-1809.905	-2091.279	281.3739	1.166401	2.558539	0.917585	0.0824149	3.100312
41814	-1819.963	-2100.403	280.4401	1.343471	3.023613	0.878288	0.121712	3.423358
41820	-1829.534	-2109.639	280.1048	1.297784	3.714019	0.804542	0.195458	3.489534
41826	-1821.124	-2102.583	281.4594	1.414148	3.454003	0.769213	0.230787	2.667604
41832	-1811.749	-2093.242	281.4926	1.528827	3.973521	0.798384	0.201616	2.460234
41838	-1819.159	-2099.756	280.5969	1.542819	3.144114	0.870827	0.129173	3.184033
41844	-1821.221	-2102.319	281.0975	1.355865	3.702611	0.836088	0.163912	2.86814
41850	-1820.48	-2102.417	281.9369	1.384313	3.82716	0.784492	0.215508	2.302302
41856	-1829.623	-2110.88	281.257	1.15627	3.056318	0.751699	0.248301	3.042726
41862	-1814.62	-2095.179	280.5589	1.428676	3.317717	0.542288	0.457712	3.232965
41868	-1815.763	-2094.805	279.0424	1.094072	5.428829	0.597053	0.402947	3.919599
41874	-1815.458	-2095.551	280.0935	1.294163	3.623561	0.709972	0.290028	3.517267
41880	-1823.202	-2103.46	280.2581	1.194507	3.449168	0.865702	0.134298	3.517267
41886	-1813.348	-2093.424	280.0768	1.235301	3.530048	0.808139	0.191861	3.581314
41892	-1804.256	-2084.21	279.9537	1.311821	3.121781	0.804364	0.195636	3.700917
41898	-1814.164	-2094.142	279.9783	1.059496	3.259925	0.527363	0.472637	3.80006
41904	-1807.12	-2087.659	280.5386	1.569567	4.997049	0.835043	0.164957	2.829354
41910	-1812.642	-2092.499	279.8569	1.356633	4.186041	0.738818	0.261182	3.506089
41916	-1814.839	-2095.186	280.347	1.357951	3.209792	0.803131	0.196869	3.424473
41922	-1811.956	-2092.504	280.548	1.411688	4.694324	0.876516	0.123484	2.971687
41928	-1815.203	-2096.23	281.0274	1.210258	3.82712	0.757083	0.242917	2.971687
41934	-1819.069	-2098.197	279.1275	1.224357	3.358113	0.721943	0.278057	4.170246
41940	-1806.628	-2088.32	281.6923	1.437635	3.189154	0.866002	0.133998	2.57327
41946	-1824.558	-2105.985	281.4269	1.437635	3.90226	0.889511	0.110489	2.57327
41952	-1813.35	-2094.75	281.4	1.426578	4.014157	0.900023	0.0999767	2.57327
41958	-1802.384	-2084.702	282.3173	1.259681	2.815173	0.794016	0.205984	2.39287
41964	-1801.255	-2082.846	281.5909	1.495178	2.555695	0.741185	0.258815	2.772193
41970	-1794.344	-2075.568	281.2245	1.377487	4.399363	0.657528	0.342472	2.635205
41976	-1813.986	-2095.181	281.1945	1.229482	2.918457	0.597797	0.402203	3.071434
41982	-1797.303	-2077.78	280.4775	1.211159	3.234214	0.849171	0.150829	3.428289
41988	-1798.341	-2079.454	281.1133	1.229499	3.052049	0.886838	0.113162	3.085877
41994	-1806.524	-2086.572	280.0475	1.388118	3.81487	0.930844	0.0691561	3.449382
42000	-1803.51	-2083.86	280.3497	1.25428	3.905421	0.828968	0.171032	3.332222
42006	-1803.364	-2084.023	280.6591	1.25428	3.084532	0.938366	0.061634	3.332222
42012	-1821.707	-2102.974	281.267	1.350389	2.991123	0.763718	0.236282	2.936707
42018	-1829.349	-2109.488	280.1394	1.350389	4.232898	0.820146	0.179854	3.335445
42024	-1819.676	-2100.554	280.8774	1.277194	3.321302	0.874654	0.125346	3.133095
42030	-1819.621	-2100.34	280.7187	1.031225	2.218437	0.781572	0.218428	3.666126
42036	-1822.167	-2102.326	280.1594	1.133415	3.627918	0.824739	0.175261	3.571547
42042	-1830.333	-2109.23	278.8973	1.003002	2.845378	0.740582	0.259418	4.545325
42048	-1821.8	-2100.485	278.6852	1.05725	4.384815	0.770763	0.229237	4.313612
42054	-1814.312	-2093.985	279.673	1.06365	2.006609	0.95316	0.0468397	4.313612
42060	-1823.254	-2102.644	279.3901	1.025129	2.006609	0.97441	0.0255899	4.494943
42066	-1815.32	-2094.026	278.7061	1.247272	3.090932	0.838879	0.161121	4.45626
42072	-1820.014	-2099.829	279.8147	1.051331	2.504539	0.906256	0.0937441	4.088979
42078	-1835.657	-2115.227	279.5706	1.162599	2.589403	0.865637	0.134363	4.141202
42084	-1828.814	-2109.587	280.7732	1.38142	3.279465	0.931429	0.0685714	3.142873
42090	-1821.105	-2101.295	280.1903	1.240371	2.847118	0.735971	0.264029	3.673244
42096	-1822.045	-2102.382	280.3367	1.180354	3.532664	0.604071	0.395929	3.461335
42102	-1827.597	-2108.086	280.4894	1.309202	2.052703	0.891259	0.108741	3.691372
42108	-1825.088	-2105.669	280.5811	1.34865	3.206474	0.920885	0.0791155	3.293213
42114	-1829.322	-2108.864	279.5426	1.309628	3.014339	0.889526	0.110474	3.964371
42120	-1822.864	-2101.835	278.9716	1.067437	2.848221	0.845651	0.154349	4.466563
42126	-1829.952	-2109.684	279.7312	1.329723	3.095925	0.757725	0.242275	3.825063
42132	-1830.408	-2110.617	280.2097	1.155703	2.532562	0.896704	0.103296	3.79519
42138	-1822.997	-2103.835	280.8375	1.137011	1.828146	0.918534	0.0814656	3.667733
42144	-1828.913	-2108.908	279.995	1.271143	2.273605	0.91176	0.0882396	3.927732
42150	-1818.613	-2100.133	281.5201	1.235381	3.027506	0.773833	0.226167	2.84389
42156	-1813.794	-2095.075	281.2816	1.523659	3.012104	0.878304	0.121696	2.817588
42162	-1841.954	-2121.993	280.0391	1.333041	3.218163	0.997246	0.00275378	3.616504
42168	-1831.923	-2112.567	280.6441	1.262667	3.332681	0.898204	0.101796	3.277241
42174	-1816.861	-2097.512	280.651	1.254477	2.865902	0.830452	0.169548	3.391821
42180	-1820.795	-2102.045	281.2501	1.617364	3.514378	0.72717	0.27283	2.65739
42186	-1838.571	-2119.346	280.7756	1.381667	4.11269	0.894228	0.105772	2.961837
42192	-1824.064	-2103.222	279.1581	1.168426	3.3749	0.851934	0.148066	4.180945
42198	-1823.163	-2104.351	281.1877	1.432286	1.969398	0.953565	0.0464354	3.239765
42204	-1823.371	-2102.64	279.269	1.115141	2.42034	0.761865	0.238135	4.38593
42210	-1814.799	-2094.843	280.0435	1.144853	1.954023	0.898974	0.101026	4.074836
42216	-1822.539	-2103.844	281.3052	1.143616	2.311059	0.971542	0.0284583	3.228487
42222	-1831.779	-2114.036	282.2573	1.379537	2.027296	0.895951	0.104049	2.6054
42228	-1839.731	-2120.93	281.1988	1.267789	3.000123	0.80789	0.19211	3.024967
42234	-1822.097	-2104.193	282.096	1.276416	2.423262	0.972528	0.0274724	2.636586
42240	-1847.091	-2128.283	281.1925	1.244516	2.204595	0.888785	0.111215	3.269019
42246	-1839.23	-2120.048	280.818	1.438742	3.373312	0.700118	0.299882	3.060079
42252	-1835.002	-2117.674	282.6722	1.441927	2.233417	0.715935	0.284065	2.231852
42258	-1822.285	-2103.122	280.8367	1.321722	2.678863	0.880496	0.119504	3.292863
42264	-1831.402	-2112.583	281.1803	1.391846	3.176703	0.80633	0.19367	2.917437
42270	-1833.822	-2115.263	281.4405	1.336273	2.111068	0.969499	0.0305012	3.098099
42276	-1833.957	-2114.181	280.2238	1.222234	4.169596	0.944325	0.0556747	3.373167
42282	-1824.97	-2105.843	280.8727	1.533315	3.002584	0.798407	0.201593	3.060622
42288	-1830.46	-2110.853	280.3922	1.31996	3.274453	0.762123	0.237877	3.40516
42294	-1822.218	-2103.368	281.1495	1.281768	3.621439	0.855693	0.144307	2.899252
42300	-1837.404	-2118.103	280.6989	1.299872	3.406247	0.878794	0.121206	3.206027
42306	-1833.269	-2114.103	280.8339	1.272563	2.81859	0.901933	0.0980669	3.285954
42312	-1826.361	-2104.988	278.6274	1.05759	2.450554	0.866159	0.133841	4.769916
42318	-1833.472	-2112.45	278.978	1.137324	1.700814	0.820888	0.179112	4.769916
42324	-1838.33	-2120.378	282.0482	1.436051	2.1135	0.742357	0.257643	2.669179
42330	-1820.999	-2101.908	280.9092	1.462498	3.169702	0.828738	0.171262	3.039612
42336	-1825.944	-2106.397	280.4525	1.362437	3.231962	0.949244	0.0507563	3.354754
42342	-1833.614	-2113.649	280.0349	1.231393	3.231962	0.978664	0.0213356	3.674642
42348	-1810.622	-2089.572	278.9496	1.160658	2.752893	0.84736	0.15264	4.450575
42354	-1833.724	-2113.406	279.6822	1.434491	3.226186	0.715156	0.284844	3.762374
42360	-1809.895	-2091.144	281.2486	1.39532	3.340438	0.905457	0.0945435	2.834611
42366	-1814.618	-2095.178	280.5604	1.106982	3.247107	0.85678	0.14322	3.437724
42372	-1817.004	-2096.799	279.7947	1.222529	2.261008	0.877992	0.122008	4.073792
42378	-1820.17	-2100.23	280.06	1.130155	2.261008	0.98117	0.0188298	3.975037
42384	-1829.472	-2108.993	279.5208	1.028994	2.160924	0.751311	0.248689	4.369687
42390	-1824.97	-2103.995	279.0254	0.9518114	2.392119	0.874637	0.125363	4.622877
42396	-1810.038	-2088.695	278.6574	1.154572	2.670303	0.893363	0.106637	4.639532
42402	-1820.726	-2099.621	278.895	1.100538	2.912365	0.953932	0.0460675	4.475202
42408	-1825.461	-2104.091	278.6299	1.00219	3.30617	0.842262	0.157738	4.587986
42414	-1809.547	-2090.449	280.902	1.20438	2.607256	0.819449	0.180551	3.343365
42420	-1808.461	-2088.185	279.7233	1.20438	3.697173	0.87851	0.12149	3.768443
42426	-1799.399	-2079.294	279.8958	1.377065	2.831203	0.90169	0.0983102	3.768443
42432	-1796.305	-2077.015	280.71	1.381764	3.018052	0.894838	0.105162	3.243465
42438	-1808.699	-2087.773	279.0739	1.176082	3.587249	0.913891	0.0861093	4.178982
42444	-1824.573	-2104.321	279.7479	1.108632	4.393411	0.990932	0.00906761	3.675159
42450	-1828.734	-2108.913	280.1785	1.042962	3.070774	0.709095	0.290905	3.738591
42456	-1817.367	-2099.109	281.7417	1.295025	2.208725	0.907173	0.0928275	2.909828
42462	-1815.581	-2096.773	281.1926	1.300683	2.208725	0.960335	0.0396648	3.234418
42468	-1824.993	-2106.359	281.3663	1.246553	1.99685	0.863005	0.136995	3.234418
42474	-1821.497	-2101.489	279.9923	1.229114	2.859562	0.773106	0.226894	3.790831
42480	-1818.934	-2100.51	281.5757	1.17111	1.69584	0.907781	0.0922186	3.26652
42486	-1824.565	-2104.245	279.6796	1.137968	3.155192	0.915028	0.084972	3.950719
42492	-1806.389	-2086.818	280.4296	1.140561	3.194061	0.804907	0.195093	3.506962
42498	-1816.906	-2095.152	278.246	1.077006	2.754923	0.841701	0.158299	4.890887
42504	-1823.467	-2102.705	279.2377	0.999854	2.382287	0.676411	0.323589	4.479446
42510	-1823.056	-2103.525	280.4696	1.097971	2.745426	0.877848	0.122152	3.620393
42516	-1814.076	-2094.602	280.5252	1.175422	2.465793	0.852635	0.147365	3.620393
42522	-1828.386	-2110.481	282.095	1.242482	2.576871	0.888151	0.111849	2.611533
42528	-1831.702	-2112.929	281.2274	1.288989	2.988891	0.862936	0.137064	2.997981
42534	-1827.732	-2107.083	279.3515	1.104461	2.988891	0.871484	0.128516	4.196322
42540	-1844.43	-2125.929	281.4996	1.607519	4.078501	0.842992	0.157008	2.384106
42546	-1819.476	-2101.339	281.8627	1.76638	3.257278	0.928001	0.0719995	2.240861
42552	-1820.045	-2101.055	281.0099	1.422379	3.410855	0.936384	0.0636164	2.946105
42558	-1819.624	-2099.86	280.2352	1.529913	3.933025	0.73737	0.26263	3.231639
42564	-1808.93	-2089.609	280.6793	1.542766	2.651287	0.97371	0.0262904	3.262941
42570	-1827.419	-2106.854	279.4351	1.301318	3.184025	0.918264	0.0817356	3.990425
42576	-1816.496	-2095.742	279.2462	1.148224	2.635643	0.742321	0.257679	4.320868
42582	-1830.093	-2112.391	282.2974	1.573977	2.295678	0.897111	0.102889	2.365806
42588	-1816.981	-2097.916	280.9342	1.301232	2.664584	0.909252	0.0907483	3.251376
42594	-1814.34	-2095.62	281.2801	1.200039	2.180211	0.887296	0.112704	3.251376
42600	-1835.898	-2114.945	279.0479	1.016239	2.597114	0.883232	0.116768	4.517361
42606	-1819.658	-2099.36	279.7021	1.130329	3.289377	0.803992	0.196008	3.911369
42612	-1805.805	-2085.446	279.6409	1.202088	3.26272	0.927384	0.0726163	3.911369
42618	-1821.516	-2100.534	279.0182	1.000828	3.456776	0.868611	0.131389	4.337429
42624	-1824.805	-2105.601	280.7964	1.185203	3.938463	0.874421	0.125579	3.101974
42630	-1816.784	-2098.053	281.2692	1.283992	2.526226	0.704337	0.295663	3.101974
42636	-1817.576	-2098.394	280.8181	1.336188	2.764819	0.950972	0.0490281	3.272045
42642	-1815.311	-2096.171	280.8597	1.239803	2.464094	0.896543	0.103457	3.388236
42648	-1828.774	-2109.241	280.4662	1.170678	3.576663	0.962916	0.0370842	3.381628
42654	-1821.936	-2101.517	279.5817	1.170305	3.704811	0.939707	0.0602933	3.867923
42660	-1821.811	-2102.095	280.2834	1.348971	3.041451	0.912864	0.0871359	3.507362
42666	-1832.715	-2113.694	280.9786	1.38604	4.339879	0.722965	0.277035	2.792079
42672	-1838.622	-2120.352	281.7295	1.410325	3.069664	0.836429	0.163571	2.597585
42678	-1832.561	-2114.597	282.0365	1.410325	2.855304	0.876551	0.123449	2.463597
42684	-1843.356	-2121.569	278.2135	1.108284	3.527113	0.912739	0.087261	4.714484
42690	-1864.051	-2144.925	280.8744	1.297527	3.04284	0.810434	0.189566	3.189857
42696	-1844.328	-2125.55	281.2221	1.317279	2.496563	0.925173	0.074827	3.118868
42702	-1841.37	-2122.209	280.8396	1.193252	2.214028	0.826061	0.173939	3.50311
42708	-1832.519	-2114.629	282.1093	1.509155	2.173435	0.971819	0.028181	2.565629
42714	-1838.825	-2121.019	282.1935	1.361045	2.205204	0.897438	0.102562	2.594562
42720	-1828.657	-2110.509	281.8526	1.505057	2.592048	0.950229	0.0497709	2.594562
42726	-1827.93	-2109.798	281.8683	1.558526	4.024927	0.91179	0.0882101	2.190919
42732	-1828.727	-2109.057	280.3305	1.456575	3.303644	0.853379	0.146621	3.35442
42738	-1825.853	-2107.15	281.2969	1.45953	3.507724	0.959351	0.0406489	2.727067
42744	-1822.253	-2101.845	279.5913	1.255158	2.248457	0.900799	0.099201	4.174725
42750	-1829.322	-2108.611	279.289	1.391454	2.688767	0.953657	0.0463425	4.144595
42756	-1825.343	-2107.035	281.6922	1.482012	2.688767	0.855141	0.144859	2.679665
42762	-1832.509	-2114.326	281.8171	1.429418	2.609796	0.878222	0.121778	2.657975
42768	-1845.815	-2126.985	281.1694	1.253465	2.126026	0.963787	0.0362129	3.302855
42774	-1827.709	-2106.376	278.6669	1.05923	2.616183	0.850294	0.149706	4.701846
42780	-1835.717	-2114.725	279.0074	1.151938	3.495613	0.908422	0.0915778	4.249684
42786	-1825.723	-2106.773	281.0502	1.269618	3.037575	0.868184	0.131816	3.10324
42792	-1824.01	-2104.255	280.2443	1.064187	3.139549	0.802262	0.197738	3.671846
42798	-1828.733	-2106.817	278.0839	1.054288	5.293375	0.902688	0.0973123	4.506481
42804	-1824.662	-2104.807	280.145	1.204163	2.911433	0.780419	0.219581	3.704049
42810	-1805.651	-2086.274	280.6234	1.410619	3.451066	0.894503	0.105497	3.175024
42816	-1815.109	-2095.693	280.5835	1.441862	3.473755	0.79429	0.20571	3.175024
42822	-1819.092	-2098.643	279.5504	1.100601	3.473755	0.96319	0.0368105	3.974499
42828	-1822.825	-2101.763	278.9386	1.015706	2.446013	0.755504	0.244496	4.620434
42834	-1828.974	-2108.078	279.1041	1.086099	2.009164	0.773641	0.226359	4.620434
42840	-1841.007	-2122.046	281.0387	1.300341	2.366131	0.855012	0.144988	3.276497
42846	-1829.609	-2110.431	280.8214	1.300341	2.147501	0.98873	0.0112697	3.472523
42852	-1809.927	-2090.546	280.6184	1.34133	2.479539	0.938477	0.0615233	3.465586
42858	-1821.725	-2101.881	280.1564	1.350956	3.799985	0.864461	0.135539	3.410436
42864	-1832.25	-2112.714	280.4631	1.241897	3.534957	0.817918	0.182082	3.350691
42870	-1819.099	-2098.95	279.8503	1.344304	4.259754	0.62241	0.37759	3.503299
42876	-1818.051	-2097.749	279.6976	1.194856	4.526219	0.92757	0.0724302	3.63067
42882	-1819.093	-2098.403	279.3095	1.163497	2.762818	0.795336	0.204664	4.243068
42888	-1818.349	-2097.925	279.5758	1.233252	3.694083	0.837503	0.162497	3.83738
42894	-1829.951	-2111.659	281.7083	1.439315	2.143995	0.962841	0.0371587	2.864236
42900	-1846.328	-2127.444	281.1159	1.664929	4.137726	0.975322	0.0246776	2.576199
42906	-1839.577	-2121.246	281.6692	1.743626	4.137726	0.837995	0.162005	2.175776
42912	-1824.017	-2106.27	282.2533	1.647123	3.857838	0.855716	0.144284	1.915364
42918	-1819.222	-2100.631	281.4086	1.257549	3.173682	0.918462	0.0815378	2.861365
42924	-1815.416	-2094.652	279.2353	1.215075	3.002553	0.827574	0.172426	4.196193
42930	-1820.739	-2101.475	280.7357	1.093378	1.828876	0.876913	0.123087	3.751512
42936	-1811.552	-2092.787	281.2353	1.217981	1.961879	0.832581	0.167419	3.340732
42942	-1819.349	-2099.682	280.3328	1.217981	2.29662	0.799304	0.200696	3.757125
42948	-1809.77	-2090.695	280.9253	1.317939	2.411261	0.915248	0.084752	3.319361
42954	-1827.885	-2110.129	282.2439	1.306851	2.102914	0.814202	0.185798	2.631863
42960	-1825.122	-2107.024	281.9025	1.309114	4.006978	0.756278	0.243722	2.332942
42966	-1829.734	-2109.312	279.5782	0.9924126	2.51994	0.884339	0.115661	4.252523
42972	-1830.918	-2111.877	280.9595	1.416988	2.787708	0.929456	0.0705442	3.134228
42978	-1831.595	-2109.911	278.3164	1.21197	3.263834	0.914228	0.0857717	4.655522
42984	-1826.47	-2104.88	278.4095	1.084285	2.963301	0.915006	0.0849944	4.744294
42990	-1810.039	-2089.521	279.4813	1.024246	2.764485	0.805939	0.194061	4.224206
42996	-1824.332	-2104.845	280.5123	1.178287	2.735206	0.900797	0.0992033	3.551648
43002	-1827.362	-2108.162	280.8	1.398021	3.485625	0.79107	0.20893	3.069618
43008	-1829.796	-2109.988	280.1921	1.20154	3.444861	0.847083	0.152917	3.552563
43014	-1829.328	-2109.744	280.4163	1.21105	3.26948	0.908673	0.0913266	3.455948
43020	-1830.577	-2110.581	280.0041	1.295409	3.26948	0.947378	0.052622	3.646741
43026	-1836.254	-2116.8	280.5457	1.358027	2.932011	0.928354	0.0716464	3.375892
43032	-1823.435	-2104.637	281.2026	1.423225	3.087861	0.949101	0.0508992	2.907046
43038	-1817.101	-2096.775	279.6743	1.163901	4.068354	0.924303	0.0756972	3.746186
43044	-1816.999	-2097.425	280.4257	1.163901	4.375432	0.805105	0.194895	3.24997
43050	-1824.034	-2104.596	280.5624	1.260002	2.836029	0.939214	0.060786	3.448211
43056	-1816.644	-2096.945	280.3007	1.228879	4.68244	0.909956	0.0900439	3.23023
43062	-1833.861	-2114.329	280.4674	1.282507	3.402979	0.876598	0.123402	3.353621
43068	-1822.243	-2101.564	279.3204	1.236516	4.675522	0.907394	0.092606	3.798601
43074	-1820.622	-2101.48	280.8581	1.328351	3.724649	0.840992	0.159008	3.024123
43080	-1831.454	-2111.221	279.7676	1.340824	3.513314	0.952598	0.0474015	3.703016
43086	-1845.524	-2125.633	280.1089	1.308457	2.761887	0.960267	0.0397332	3.703016
43092	-1830.34	-2109.958	279.6179	1.264254	4.749325	0.910648	0.0893516	3.597973
43098	-1838.024	-2119.15	281.1257	1.490691	4.238971	0.864936	0.135064	2.657549
43104	-1832.088	-2113.406	281.3178	1.495047	4.052295	0.859501	0.140499	2.573873
43110	-1821.147	-2102.768	281.6211	1.495047	3.860528	0.752438	0.247562	2.425014
43116	-1829.633	-2111.426	281.7932	1.450308	3.838108	0.768696	0.231304	2.349351
43122	-1838.174	-2119.852	281.6776	1.584189	3.524778	0.902456	0.0975436	2.409264
43128	-1847.906	-2128.904	280.998	1.46746	3.383905	0.844798	0.155202	2.932389
43134	-1825.372	-2106.429	281.0571	1.251604	3.810735	0.827108	0.172892	2.932389
43140	-1841.368	-2122.893	281.5245	1.414645	2.427048	0.909695	0.0903049	2.899879
43146	-1821.282	-2100.129	278.8477	0.9889684	3.39842	0.795894	0.204106	4.45287
43152	-1836.731	-2116.559	279.8275	1.270025	2.623927	0.772428	0.227572	3.923851
43158	-1816.788	-2097.361	280.5734	1.262886	2.623927	0.656504	0.343496	3.496897
43164	-1808.477	-2090.347	281.8695	1.442847	3.011914	0.717471	0.282529	2.505367
43170	-1810.263	-2092.795	282.5321	1.514807	1.904568	0.78232	0.21768	2.394693
43176	-1817.338	-2100.203	282.8652	1.635332	2.043335	0.838531	0.161469	2.048717
43182	-1830.204	-2112.474	282.2706	1.724892	3.966177	0.591438	0.408562	1.82515
43188	-1829.502	-2112.717	283.2145	1.660209	1.970562	0.666548	0.333452	1.82515
43194	-1816.793	-2097.743	280.9503	1.393076	2.769295	0.659583	0.340417	3.158889
43200	-1826.106	-2106.301	280.1956	1.169317	2.558994	0.89436	0.10564	3.788091
43206	-1824.329	-2106.146	281.8175	1.298441	1.569823	0.800479	0.199521	3.098986
43212	-1821.024	-2101.243	280.2193	1.162749	3.68024	0.792858	0.207142	3.508597
43218	-1823.986	-2104.316	280.3296	0.9858301	1.978601	0.730541	0.269459	3.993963
43224	-1808.913	-2087.505	278.5917	1.148783	2.745938	0.941274	0.0587261	4.660051
43230	-1812.87	-2091.469	278.5999	1.070566	2.912567	0.896426	0.103574	4.657698
43236	-1819.191	-2100.695	281.5041	1.205619	1.919363	0.979607	0.0203925	3.204452
43242	-1822.431	-2103.571	281.1407	1.205589	3.0234	0.845521	0.154479	3.090992
43248	-1826.288	-2107.174	280.8856	1.28207	2.100313	0.78899	0.21101	3.46111
43254	-1817.123	-2098.479	281.3562	1.151875	1.954156	0.745129	0.254871	3.31116
43260	-1823.924	-2103.553	279.6294	1.069065	3.129703	0.778062	0.221938	4.024745
43266	-1816.608	-2097.814	281.2058	1.300688	2.445382	0.981557	0.0184433	3.153564
43272	-1825.585	-2106.684	281.0995	1.419807	2.445382	0.823958	0.176042	3.145925
43278	-1825.156	-2105.926	280.77	1.366655	2.948251	0.933634	0.0663655	3.234558
43284	-1814.756	-2095.181	280.4249	1.361543	3.420826	0.76101	0.23899	3.328125
43290	-1826.546	-2106.956	280.4102	1.514091	3.675687	0.835494	0.164506	3.190822
43296	-1827.702	-2108.311	280.6086	1.462345	2.83541	0.898356	0.101644	3.302476
43302	-1817.272	-2098.759	281.4869	1.558204	2.580365	0.921178	0.0788224	2.789933
43308	-1842.214	-2122.833	280.6186	1.584213	2.924462	0.982066	0.0179341	3.201473
43314	-1840.1	-2121.366	281.2666	1.364031	3.214883	0.873491	0.126509	2.872808
43320	-1834.602	-2115.272	280.6694	1.536113	2.574384	0.7649	0.2351	3.294224
43326	-1831.247	-2110.708	279.4612	1.216546	3.115527	0.806994	0.193006	4.039926
43332	-1820.846	-2101.555	280.7091	1.406824	3.429195	0.806017	0.193983	3.131253
43338	-1825.121	-2105.283	280.1623	1.369852	3.768473	0.812072	0.187928	3.402414
43344	-1824.501	-2104.195	279.6944	1.432571	3.768473	0.878153	0.121847	3.638579
43350	-1839.664	-2119.539	279.8749	1.350355	4.662422	0.867694	0.132306	3.412813
43356	-1844.928	-2125.797	280.8692	1.236537	2.368887	0.786482	0.213518	3.412813
43362	-1839.52	-2119.27	279.7494	1.150745	3.781962	0.954819	0.0451807	3.766958
43368	-1838.529	-2116.345	277.8157	1.235391	3.387728	0.712744	0.287256	4.895032
43374	-1826.049	-2104.814	278.7652	1.100332	2.984115	0.822492	0.177508	4.530962
43380	-1842.927	-2122.638	279.7116	1.13699	2.308938	0.762144	0.237856	4.155357
43386	-1846.451	-2125.748	279.2966	1.15472	4.231079	0.697318	0.302682	3.938019
43392	-1816.473	-2095.606	279.1333	1.1839	3.215838	0.853782	0.146218	4.221824
43398	-1811.838	-2091.129	279.2909	1.332248	3.215214	0.822058	0.177942	4.047913
43404	-1834.436	-2114.275	279.8396	1.320474	4.633061	0.705737	0.294263	3.456082
43410	-1834.271	-2114.786	280.5149	1.477057	3.691988	0.720823	0.279177	3.147156
43416	-1818.855	-2099.031	280.1761	1.346885	2.135133	0.901537	0.0984626	3.823461
43422	-1819.208	-2098.65	279.4417	1.303467	3.268863	0.932375	0.0676247	3.965977
43428	-1814.63	-2094.926	280.2961	1.220563	3.335228	0.815504	0.184496	3.5055
43434	-1811.078	-2090.934	279.8557	1.179545	2.330864	0.905442	0.0945577	4.04255
43440	-1813.026	-2092.599	279.5733	1.291615	3.535915	0.785331	0.214669	3.838525
43446	-1817.17	-2098.408	281.2378	1.231245	1.79798	0.859734	0.140266	3.39074
43452	-1809.501	-2090.294	280.7931	1.269337	2.381657	0.843543	0.156457	3.434309
43458	-1814.396	-2094.877	280.4808	1.238522	3.667532	0.838207	0.161793	3.313628
43464	-1816.05	-2097.171	281.12	1.133831	2.274545	0.768502	0.231498	3.354756
43470	-1824.987	-2104.418	279.4307	1.129988	2.818136	0.681481	0.318519	4.17916
43476	-1822.852	-2100.521	277.669	1.06253	2.502926	0.958087	0.0419127	5.284933
43482	-1814.551	-2093.757	279.2053	1.142082	3.287352	0.90562	0.0943802	4.188532
43488	-1819.955	-2099.445	279.4906	1.163898	4.16398	0.918759	0.0812408	3.833858
43494	-1820.009	-2098.9	278.8911	1.254622	3.444521	0.799782	0.200218	4.268383
43500	-1820.196	-2100.394	280.1975	1.414801	2.469103	0.844559	0.155441	3.670649
43506	-1797.39	-2079.656	282.266	1.499837	3.325307	0.910585	0.0894147	2.134882
43512	-1811.286	-2092.309	281.0231	1.398486	3.125361	0.854243	0.145757	3.02058
43518	-1814.587	-2095.72	281.1326	1.438959	3.71977	0.761917	0.238083	2.79264
43524	-1826.245	-2107.321	281.0767	1.507151	3.71977	0.952336	0.0476636	2.785118
43530	-1816.398	-2098.308	281.9099	1.472735	3.413132	0.913374	0.0866262	2.359506
43536	-1817.975	-2099.715	281.7399	1.407419	2.602438	0.873132	0.126868	2.721038
43542	-1812.459	-2094.459	281.9997	1.33485	3.024721	0.838871	0.161129	2.4881
43548	-1815.929	-2098.261	282.3325	1.3753	2.106235	0.849431	0.150569	2.533341
43554	-1820.459	-2100.862	280.4024	1.3753	3.566448	0.784363	0.215637	3.301027
43560	-1855.3	-2134.148	278.8482	1.038512	2.723703	0.816232	0.183768	4.583736
43566	-1827.968	-2106.671	278.7032	1.038512	3.942295	0.911718	0.0882824	4.395539
43572	-1828.21	-2108.573	280.3628	1.234577	3.723937	0.937981	0.0620186	3.37344
43578	-1820.518	-2099.418	278.8998	1.082139	3.060431	0.862816	0.137184	4.447304
43584	-1834.628	-2114.111	279.4834	1.122993	2.851903	0.807982	0.192018	4.144661
43590	-1839.247	-2118.273	279.0254	1.141452	3.664488	0.804506	0.195494	4.210187
43596	-1828.381	-2109.065	280.6839	1.200285	3.110633	0.803273	0.196727	3.343052
43602	-1832.189	-2113.265	281.0763	1.200285	2.269302	0.827833	0.172167	3.343052
43608	-1833.099	-2113.318	280.2196	1.079949	2.481258	0.970769	0.029231	3.84756
43614	-1835.302	-2114.525	279.2229	1.366576	2.963855	0.911028	0.088972	4.126564
43620	-1829.786	-2109.868	280.0811	1.162707	2.532263	0.906052	0.0939483	3.865177
43626	-1842.148	-2119.628	277.4801	0.9585794	3.04147	0.783238	0.216762	5.311706
43632	-1826.509	-2105.734	279.2245	1.318058	3.279175	0.920548	0.079452	4.079335
43638	-1825.123	-2106.711	281.5881	1.553003	3.30033	0.756314	0.243686	2.538797
43644	-1819.505	-2101.562	282.0571	1.550703	3.138956	0.726983	0.273017	2.285194
43650	-1831.288	-2110.972	279.6848	1.083295	3.504775	0.814288	0.185712	3.900762
43656	-1832.921	-2112.713	279.7927	1.107258	3.167073	0.930633	0.0693668	3.900762
43662	-1810.832	-2090.607	279.7751	1.074541	2.191544	0.874918	0.125082	4.190412
43668	-1816.77	-2096.949	280.1785	1.195181	3.109286	0.872299	0.127701	3.641325
43674	-1807.482	-2088.032	280.5498	1.298122	3.447679	0.636168	0.363832	3.285864
43680	-1803.427	-2083.026	279.5999	1.327389	3.447679	0.872948	0.127052	3.821702
43686	-1810.793	-2091.85	281.0565	1.314248	4.402685	0.878304	0.121696	2.776351
43692	-1811.29	-2090.666	279.376	1.176831	3.599639	0.766875	0.233125	4.003848
43698	-1813.226	-2094.338	281.1122	1.367776	3.072928	0.90652	0.0934795	2.998571
43704	-1829.948	-2110.119	280.1705	1.21691	3.081666	0.702749	0.297251	3.639973
43710	-1822.574	-2101.306	278.7324	1.007305	2.342001	0.93079	0.0692103	4.770149
43716	-1822.743	-2104.394	281.6511	1.571542	2.715642	0.765002	0.234998	2.642173
43722	-1844.147	-2125.853	281.7059	1.700087	3.083615	0.916926	0.0830744	2.427782
43728	-1836.493	-2117.883	281.3894	1.365798	3.625152	0.913901	0.0860986	2.701232
43734	-1825.054	-2106.4	281.3455	1.485557	3.450905	0.939044	0.0609562	2.694433
43740	-1828.411	-2110.225	281.8138	1.488384	2.355246	0.828757	0.171243	2.701177
43746	-1817.312	-2098.549	281.2371	1.337632	3.230165	0.834716	0.165284	2.902921
43752	-1821.507	-2101.245	279.7375	1.394549	4.305403	0.654639	0.345361	3.53125
43758	-1826.88	-2107.212	280.3319	1.443353	3.370586	0.807069	0.192931	3.346054
43764	-1838.977	-2119.193	280.2164	1.124795	1.314443	0.928738	0.0712615	4.239907
43770	-1836.123	-2115.533	279.4106	1.154872	2.576694	0.807684	0.192316	4.239907
43776	-1839.314	-2118.077	278.7633	1.272825	2.576694	0.893707	0.106293	4.538573
43782	-1824.898	-2106.8	281.9024	1.526111	5.178957	0.847396	0.152604	1.960603
43788	-1819.556	-2102.192	282.6353	1.561005	3.874733	0.743792	0.256208	1.706858
43794	-1821.29	-2101.186	279.8963	1.229051	2.834983	0.860115	0.139885	3.852411
43800	-1829.31	-2108.5	279.1896	1.18932	3.599203	0.936959	0.0630412	4.103162
43806	-1835.458	-2115.279	279.8213	1.393928	4.252382	0.704714	0.295286	3.492635
43812	-1824.75	-2106.024	281.274	1.538338	4.305963	0.82878	0.17122	2.522883
43818	-1832.587	-2112.575	279.9873	1.433415	3.925306	0.742077	0.257923	3.43578
43824	-1822.579	-2104.307	281.7286	1.47227	3.58397	0.866972	0.133028	2.433808
43830	-1838.85	-2119.93	281.0799	1.47227	5.401404	0.841206	0.158794	2.488138
43836	-1830.675	-2111.205	280.5299	1.464682	2.891252	0.739323	0.260677	3.332926
43842	-1837.109	-2118.722	281.6137	1.324786	2.436744	0.912654	0.0873458	2.897367
43848	-1821.303	-2102.062	280.7584	1.35829	3.205273	0.806305	0.193695	3.182957
43854	-1830.831	-2110.728	279.8969	1.244122	3.182789	0.865028	0.134972	3.758406
43860	-1834.309	-2114.358	280.0485	1.092572	3.182789	0.853009	0.146991	3.758406
43866	-1827.728	-2108.777	281.0491	1.370539	3.182789	0.884639	0.115361	3.00774
43872	-1839.49	-2120.636	281.146	1.163083	3.215332	0.874578	0.125422	3.066014
43878	-1831.135	-2110.84	279.7049	1.087085	2.223952	0.862544	0.137456	4.213127
43884	-1824.705	-2103.73	279.0243	1.042018	3.219431	0.789872	0.210128	4.362969
43890	-1840.734	-2121.361	280.6276	1.278819	4.137026	0.765958	0.234042	3.107264
43896	-1829.963	-2110.57	280.6074	1.291536	3.620246	0.889909	0.110091	3.217775
43902	-1822.637	-2105.188	282.5512	1.548686	4.015084	0.891112	0.108888	1.741145
43908	-1811.196	-2093.281	282.0849	1.557874	3.043185	0.88236	0.11764	2.288267
43914	-1809.522	-2091.227	281.7055	1.446413	3.898329	0.896928	0.103072	2.394227
43920	-1814.278	-2095.492	281.2143	1.46493	3.925661	0.859989	0.140011	2.682775
43926	-1805.988	-2086.868	280.88	1.46493	4.352662	0.720358	0.279642	2.801666
43932	-1813.482	-2093.735	280.2537	1.263152	3.26766	0.738986	0.261014	3.520888
43938	-1826.998	-2107.65	280.6522	1.1555	3.491971	0.808214	0.191786	3.29968
43944	-1817.223	-2097.193	279.9705	1.146112	2.934362	0.790941	0.209059	3.832342
43950	-1818.332	-2097.393	279.0604	1.277215	4.058228	0.870428	0.129572	4.035342
43956	-1826.187	-2106.453	280.2657	1.249982	3.539248	0.835435	0.164565	3.46071
43962	-1827.87	-2109.205	281.335	1.599632	3.985618	0.838086	0.161914	2.511998
43968	-1813.317	-2094.964	281.6466	1.408756	2.709617	0.795698	0.204302	2.746617
43974	-1836.569	-2117.394	280.8256	1.226757	2.609112	0.866042	0.133958	3.374584
43980	-1836.192	-2117.095	280.9036	1.26857	3.472766	0.772382	0.227618	3.087933
43986	-1844.102	-2124.444	280.3417	1.317125	3.472766	0.877913	0.122087	3.391481
43992	-1844.279	-2125.898	281.6189	1.450218	3.261536	0.793934	0.206066	2.592975
43998	-1830.984	-2111.972	280.9884	1.301072	5.236764	0.793753	0.206247	2.678266
44004	-1824.493	-2105.494	281.0009	1.379933	3.009547	0.81731	0.18269	3.073885
44010	-1831.86	-2111.776	279.916	1.332058	3.979615	0.69476	0.30524	3.525824
44016	-1838.422	-2118.528	280.1058	1.232756	3.979615	0.839634	0.160366	3.473007
44022	-1828.542	-2109.949	281.4069	1.25494	4.187794	0.692978	0.307022	2.639717
44028	-1836.352	-2117.252	280.9007	1.356387	3.096583	0.864375	0.135625	3.125929
44034	-1838.483	-2119.668	281.186	1.19896	2.800025	0.779851	0.220149	3.125929
44040	-1839.977	-2120.466	280.4899	1.169969	1.803463	0.837209	0.162791	3.858166
44046	-1828.57	-2108.806	280.2359	1.12082	2.331951	0.887561	0.112439	3.858166
44052	-1821.737	-2102.909	281.1724	1.37206	2.475353	0.881163	0.118837	3.122061
44058	-1830.982	-2111.139	280.1568	1.438149	3.339407	0.571513	0.428487	3.458797
44064	-1817.313	-2098.419	281.1062	1.299359	1.936923	0.817955	0.182045	3.377498
44070	-1803.779	-2084.54	280.7612	1.21905	2.753408	0.858976	0.141024	3.377498
44076	-1815.795	-2095.469	279.674	1.177304	2.695936	0.787747	0.212253	4.045409
44082	-1813.39	-2094.292	280.9022	1.278447	2.701378	0.896914	0.103086	3.273639
44088	-1812.194	-2093.696	281.5025	1.327467	3.007744	0.846368	0.153632	2.803704
44094	-1812.03	-2093.694	281.6641	1.386058	3.136655	0.843497	0.156503	2.635875
44100	-1810.984	-2089.669	278.685	1.332418	4.202284	0.908438	0.091562	4.190674
44106	-1819.412	-2100.899	281.4864	1.406112	2.990963	0.837023	0.162977	2.769926
44112	-1817.783	-2098.37	280.587	1.417399	3.703735	0.869647	0.130353	3.13726
44118	-1829.981	-2110.534	280.5527	1.547193	4.777979	0.783265	0.216735	2.87229
