Iteration	Posterior	Likelihood	Prior	rate_log_sd	rate_loss	root_freqs[1]	root_freqs[2]	tree_length
0	-1827.901	-2107.851	279.9499	1.200181	3.289233	0.859641	0.140359	3.728635
6	-1817.091	-2097.75	280.6587	1.128164	1.809927	0.903873	0.096127	3.782775
12	-1824.202	-2105.162	280.9602	1.116553	1.84464	0.929829	0.0701705	3.602476
18	-1835.253	-2113.918	278.6649	1.089984	3.423194	0.990896	0.00910403	4.493518
24	-1820.131	-2099.612	279.4814	1.034994	1.843491	0.888798	0.111202	4.493518
30	-1824.179	-2103.389	279.2104	1.20045	2.547108	0.928799	0.0712009	4.335479
36	-1827.171	-2106.64	279.4686	1.269674	2.547108	0.888354	0.111646	4.149864
42	-1833.714	-2114.437	280.7222	1.245761	2.547108	0.877837	0.122163	3.441423
48	-1825.928	-2107.193	281.2643	1.294949	2.20492	0.964435	0.0355648	3.196592
54	-1813.836	-2095.021	281.1847	1.339116	2.20492	0.878318	0.121682	3.217579
60	-1819.106	-2099.681	280.575	1.336501	2.178028	0.898505	0.101495	3.585142
66	-1816.222	-2098.262	282.0405	1.44129	2.207617	0.931001	0.0689994	2.638694
72	-1816.32	-2096.471	280.151	1.498385	5.081456	0.830547	0.169453	3.091226
78	-1816.629	-2098.532	281.9026	1.734928	2.403126	0.937077	0.0629229	2.478192
84	-1822.015	-2103.268	281.2531	1.279754	2.837703	0.919802	0.0801985	3.027569
90	-1821.906	-2102.48	280.5733	1.33486	1.899117	0.919802	0.0801985	3.680684
96	-1808.914	-2089.123	280.2088	1.110402	1.599238	0.919802	0.0801985	4.130695
102	-1819.522	-2100.138	280.6165	1.133131	2.285355	0.897663	0.102337	3.645565
108	-1827.55	-2107.291	279.7415	1.27975	4.041187	0.911021	0.0889793	3.645565
114	-1835.548	-2116.182	280.6343	1.258018	3.903833	0.899388	0.100612	3.162135
120	-1836.033	-2117.39	281.3573	1.26795	2.623588	0.893197	0.106803	3.03102
126	-1827.792	-2108.549	280.7566	1.314971	2.537891	0.904263	0.0957368	3.383349
132	-1824.841	-2103.682	278.8406	1.101506	3.460264	0.776263	0.223737	4.380106
138	-1828.992	-2110.22	281.2282	1.257845	2.521954	0.776263	0.223737	3.143212
144	-1830.209	-2109.949	279.7399	1.185571	2.521954	0.88717	0.11283	4.050236
150	-1832.567	-2111.258	278.6916	0.9918671	2.521954	0.945825	0.054175	4.751028
156	-1819.278	-2099.6	280.3223	1.112674	2.077888	0.94177	0.05823	3.892509
162	-1819.202	-2098.728	279.5259	1.053399	2.938973	0.949706	0.0502944	4.138419
168	-1832.499	-2111.06	278.561	0.9446721	1.909556	0.963079	0.0369207	5.035419
174	-1820.099	-2098.034	277.9349	0.8945081	1.947427	0.956706	0.0432935	5.396796
180	-1841.531	-2118.941	277.4098	1.157999	2.449053	0.953816	0.0461842	5.389976
186	-1818.909	-2098.741	279.8325	1.035506	2.732053	0.917952	0.0820475	4.026389
192	-1817.45	-2094.313	276.8628	0.9949873	2.92038	0.850954	0.149046	5.659751
198	-1828.784	-2107.168	278.3839	1.097309	2.245763	0.692594	0.307406	4.942496
204	-1823.881	-2104.274	280.3935	1.159296	2.682331	0.805053	0.194947	3.645826
210	-1832.857	-2110.625	277.7683	0.9510781	2.167829	0.738866	0.261134	5.387677
216	-1837.287	-2117.01	279.7232	1.183178	3.757095	0.675462	0.324538	3.76842
222	-1831.458	-2109.735	278.2767	0.9855719	3.762268	0.754273	0.245727	4.699992
228	-1824.396	-2103.57	279.1736	1.243709	1.920592	0.797972	0.202028	4.52256
234	-1835.032	-2115.499	280.4664	1.203637	2.637012	0.741271	0.258729	3.590079
240	-1840.437	-2121.225	280.7881	1.249371	1.943572	0.673008	0.326992	3.590079
246	-1834.905	-2115.728	280.8227	1.250016	3.144302	0.821287	0.178713	3.223694
252	-1829.887	-2110.612	280.7254	1.347342	3.323683	0.836434	0.163566	3.181147
258	-1837.147	-2118.024	280.8772	1.520092	3.295299	0.836434	0.163566	2.994138
264	-1819.035	-2101.195	282.1607	1.60586	2.570187	0.8143	0.1857	2.344711
270	-1805.937	-2086.532	280.5948	1.601876	4.271737	0.737578	0.262422	2.907051
276	-1815.853	-2096.631	280.7776	1.2309	3.197012	0.783624	0.216376	3.248969
282	-1812.915	-2094.196	281.2803	1.485274	3.210657	0.641315	0.358685	2.791914
288	-1820.558	-2100.884	280.3262	1.211366	4.981572	0.641315	0.358685	3.174336
294	-1812.735	-2094.45	281.7151	1.438375	4.55039	0.854172	0.145828	2.259285
300	-1818.521	-2099.876	281.3551	1.547912	4.616909	0.749529	0.250471	2.405964
306	-1829.008	-2111.416	282.4087	1.867761	4.52083	0.83525	0.16475	1.496237
312	-1819.449	-2101.058	281.6084	1.538379	3.620355	0.930814	0.0691864	2.459404
318	-1815.106	-2097.086	281.9797	1.538379	2.199052	0.930814	0.0691864	2.619144
324	-1819.666	-2101.734	282.0679	1.538379	3.066758	0.936451	0.0635485	2.305263
330	-1829.042	-2111.163	282.1215	1.532066	3.156382	0.76293	0.23707	2.251291
336	-1830.269	-2112.379	282.1096	1.269592	1.92486	0.76293	0.23707	2.800702
342	-1827.551	-2108.328	280.7772	1.444082	3.505695	0.71149	0.28851	3.051155
348	-1814.849	-2093.639	278.7893	1.258862	2.729947	0.925775	0.0742253	4.491425
354	-1821.384	-2100.649	279.2651	1.096215	2.729947	0.951562	0.0484382	4.314807
360	-1811.026	-2090.597	279.5715	1.260696	2.74267	0.951562	0.0484382	4.044014
366	-1818.536	-2098.781	280.2449	1.318508	2.792472	0.938272	0.0617283	3.610435
372	-1815.615	-2095.899	280.2838	1.36279	3.734428	0.865551	0.134449	3.342367
378	-1820.39	-2100.741	280.351	1.139576	2.517715	0.968791	0.0312087	3.727161
384	-1807.805	-2089.257	281.4516	1.16349	2.517715	0.852895	0.147105	3.067533
390	-1819.48	-2099.509	280.0296	1.304694	2.342029	0.803135	0.196865	3.868025
396	-1822.679	-2102.591	279.9118	1.138383	2.944498	0.83073	0.16927	3.868025
402	-1823.631	-2104.825	281.1933	1.286121	3.483243	0.788663	0.211337	2.901118
408	-1829.665	-2110.983	281.317	1.476018	2.892062	0.788663	0.211337	2.85639
414	-1824.961	-2106.735	281.7742	1.476018	3.187693	0.788663	0.211337	2.498755
420	-1820.577	-2102.121	281.5444	1.324826	3.213033	0.777855	0.222145	2.728026
426	-1819.711	-2098.678	278.9673	1.096545	3.940837	0.822346	0.177654	4.213611
432	-1824.4	-2105.699	281.2984	1.370712	3.958875	0.748199	0.251801	2.682043
438	-1812.731	-2094.167	281.4367	1.474852	3.342863	0.907309	0.0926908	2.670517
444	-1817.339	-2098.331	280.9922	1.669542	4.02258	0.907309	0.0926908	2.67333
450	-1831.925	-2112.544	280.6194	1.385258	4.857033	0.799657	0.200343	2.916037
456	-1842.641	-2123.744	281.1028	1.516219	2.739975	0.852567	0.147433	3.00229
462	-1836.425	-2115.042	278.6165	1.142551	4.751716	0.870952	0.129048	4.241467
468	-1826.249	-2104.658	278.4094	1.280136	2.768081	0.852984	0.147016	4.682899
474	-1823.434	-2102.539	279.1052	1.162316	2.986227	0.77998	0.22002	4.303791
480	-1825.622	-2104.4	278.7782	1.334689	4.146838	0.796786	0.203214	4.146703
486	-1833.22	-2112.776	279.5569	1.161171	4.108953	0.828521	0.171479	3.807675
492	-1829.507	-2109.381	279.8739	1.14607	3.598182	0.873041	0.126959	3.735935
498	-1830.376	-2110.253	279.8766	1.081281	3.770634	0.873041	0.126959	3.735935
504	-1826.558	-2106.676	280.1176	1.091329	3.112045	0.830886	0.169114	3.735935
510	-1817.955	-2098.139	280.1834	1.129749	2.467785	0.885526	0.114474	3.843573
516	-1825.596	-2105.339	279.7427	1.221217	3.270721	0.885526	0.114474	3.840094
522	-1840.036	-2120.489	280.4527	1.39713	4.517054	0.830377	0.169623	3.069397
528	-1825.817	-2106.188	280.3709	1.391524	4.381476	0.765433	0.234567	3.146385
534	-1817.682	-2099.399	281.7177	1.636001	4.036596	0.885679	0.114321	2.235587
540	-1829.08	-2111.262	282.1828	1.671783	4.440546	0.797203	0.202797	1.816481
546	-1819.229	-2100.51	281.2816	1.450028	3.891534	0.797203	0.202797	2.657711
552	-1840.999	-2123.728	282.7287	1.775874	3.200288	0.776319	0.223681	1.666484
558	-1819.86	-2102.032	282.1723	1.596337	4.098581	0.891924	0.108076	1.949347
564	-1834.368	-2116.151	281.7824	1.794618	5.031687	0.896249	0.103751	1.887703
570	-1830.726	-2113.293	282.5676	1.507588	3.486879	0.851281	0.148719	1.887703
576	-1829.147	-2110.023	280.8763	1.383203	3.508294	0.669713	0.330287	3.027716
582	-1832.814	-2114.855	282.0404	1.421434	3.032999	0.898151	0.101849	2.405953
588	-1836.547	-2118.269	281.7212	1.3701	4.021939	0.905427	0.0945727	2.405953
594	-1822.878	-2105.421	282.5434	1.351489	2.354166	0.881161	0.118839	2.331514
600	-1814.065	-2096.175	282.1104	1.318415	2.892028	0.885458	0.114542	2.464791
606	-1813.061	-2094.109	281.0477	1.386384	4.202267	0.822628	0.177372	2.776511
612	-1820.255	-2102.354	282.0991	1.439119	2.63245	0.965867	0.0341333	2.470085
618	-1826.575	-2107.86	281.2856	1.35571	3.656301	0.814341	0.185659	2.764027
624	-1826.566	-2107.46	280.8931	1.281181	2.557725	0.814341	0.185659	3.317344
630	-1834.012	-2113.862	279.8499	1.115249	3.631366	0.826124	0.173876	3.760564
636	-1827.43	-2106.858	279.4274	1.209046	3.695104	0.826124	0.173876	3.936193
642	-1823.712	-2104.815	281.1029	1.325016	2.975761	0.852479	0.147521	3.054375
648	-1819.896	-2099.202	279.3064	1.272837	3.240364	0.771803	0.228197	4.067205
654	-1811.369	-2091.699	280.3302	1.235826	2.851912	0.799243	0.200757	3.593499
660	-1804.779	-2085.576	280.7972	1.257621	2.60308	0.702277	0.297723	3.374811
666	-1806.397	-2086.172	279.775	1.103521	4.102857	0.889738	0.110262	3.716313
672	-1820.017	-2100.258	280.241	1.086166	2.913187	0.888919	0.111081	3.716313
678	-1814.476	-2094.622	280.1461	1.145772	2.650676	0.950306	0.0496943	3.805032
684	-1815.746	-2096.106	280.3599	1.106283	2.299407	0.811325	0.188675	3.805032
690	-1813.548	-2093.929	280.3808	1.082951	3.307656	0.789275	0.210725	3.542583
696	-1814.829	-2096.201	281.3718	1.155219	2.249004	0.754291	0.245709	3.20159
702	-1835.01	-2116.01	280.9995	1.138529	2.914596	0.791151	0.208849	3.242327
708	-1832.838	-2113.234	280.396	1.225701	3.94656	0.786922	0.213078	3.313514
714	-1841.751	-2123.019	281.268	1.247764	1.934702	0.819658	0.180342	3.313514
720	-1841.49	-2121.235	279.7449	1.223167	2.258523	0.842504	0.157496	4.10253
726	-1827.364	-2107.682	280.3185	1.014908	2.258523	0.890128	0.109872	3.893765
732	-1804.158	-2084.117	279.9587	1.207532	3.334487	0.776726	0.223274	3.70907
738	-1821.236	-2103.378	282.1418	1.273897	2.491954	0.94743	0.0525698	2.588678
744	-1826.547	-2106.956	280.4088	1.268684	3.494689	0.877949	0.122051	3.375694
750	-1825.749	-2104.54	278.7916	1.347222	3.656162	0.877949	0.122051	4.227778
756	-1819.354	-2096.99	277.636	1.140991	2.203857	0.869009	0.130991	5.345079
762	-1825.643	-2103.548	277.9055	0.8268071	2.030205	0.848291	0.151709	5.423408
768	-1816.781	-2097.462	280.6816	1.128763	2.144654	0.800628	0.199372	3.654511
774	-1815.457	-2095.251	279.794	1.148367	3.044453	0.703246	0.296754	3.905451
780	-1814.416	-2095.286	280.8693	1.126649	2.150663	0.729606	0.270394	3.544805
786	-1807.821	-2088.657	280.8355	1.326286	2.781722	0.863721	0.136279	3.26311
792	-1824.138	-2104.928	280.7898	1.089607	2.216289	0.953692	0.0463079	3.591728
798	-1833.981	-2115.176	281.1947	1.086175	1.363462	0.89276	0.10724	3.67951
804	-1812.549	-2092.601	280.0521	1.185557	2.110074	0.932775	0.0672253	3.995115
810	-1830.997	-2111.882	280.8848	1.292967	3.508638	0.874514	0.125486	3.076538
816	-1823.431	-2104.59	281.1588	1.400013	3.341295	0.759538	0.240462	2.885999
822	-1816.955	-2098.156	281.2004	1.431793	3.15718	0.927736	0.0722639	2.885999
828	-1812.028	-2093.814	281.786	1.39521	2.873534	0.943175	0.0568248	2.623918
834	-1814.446	-2096.146	281.7003	1.357394	3.253159	0.971215	0.0287847	2.602133
840	-1817.702	-2097.083	279.381	1.219242	1.772322	0.831676	0.168324	4.471737
846	-1819.885	-2099.762	279.8779	0.9953512	2.301649	0.902401	0.097599	4.143499
852	-1811.618	-2090.473	278.8547	0.9953512	2.644851	0.964246	0.0357545	4.624838
858	-1829.527	-2110.06	280.5335	1.079993	3.270091	0.982048	0.0179516	3.463903
864	-1819.337	-2100.547	281.2104	1.33791	2.294529	0.958948	0.0410519	3.174693
870	-1813.965	-2095.098	281.1324	1.236963	2.661603	0.927051	0.0729486	3.172898
876	-1825.012	-2106.571	281.5593	1.165648	2.164053	0.876065	0.123935	3.111405
882	-1830.649	-2112.053	281.4038	1.256678	3.118386	0.798531	0.201469	2.878516
888	-1819.348	-2100.596	281.2474	1.462744	3.193611	0.877385	0.122615	2.829756
894	-1815.351	-2096.771	281.4209	1.462744	3.246837	0.911662	0.0883377	2.710907
900	-1815.766	-2095.89	280.1245	1.22025	3.246837	0.845265	0.154735	3.625724
906	-1819.801	-2100.008	280.2077	1.22025	4.320393	0.588667	0.411333	3.355388
912	-1815.006	-2095.811	280.8048	1.27169	2.62716	0.666925	0.333075	3.355388
918	-1815.498	-2095.528	280.0295	1.244059	4.089862	0.779062	0.220938	3.48942
924	-1819.885	-2100.307	280.4222	1.167425	3.220497	0.797331	0.202669	3.48942
930	-1813.563	-2094.101	280.5381	1.319322	3.42297	0.894263	0.105737	3.285803
936	-1822.457	-2100.841	278.3834	1.038535	3.062302	0.807865	0.192135	4.760969
942	-1833.895	-2113.819	279.9241	1.160975	3.22328	0.732982	0.267018	3.781288
948	-1837.648	-2116.981	279.3324	1.112583	3.236388	0.873905	0.126095	4.144551
954	-1833.721	-2113.251	279.53	1.1366	3.965027	0.7562	0.2438	3.864937
960	-1834.678	-2114.358	279.6803	1.30981	3.272045	0.900631	0.0993692	3.824751
966	-1821.726	-2102.965	281.2398	1.308116	2.569503	0.857011	0.142989	3.092648
972	-1830.275	-2111.366	281.0915	1.337654	4.175428	0.850472	0.149528	2.784821
978	-1824.68	-2104.024	279.3434	1.2457	3.01517	0.787878	0.212122	4.114332
984	-1815.455	-2095.606	280.1505	1.329118	4.203547	0.773055	0.226945	3.346998
990	-1818.963	-2098.793	279.8302	1.249419	4.121304	0.858614	0.141386	3.596321
996	-1813.05	-2093.117	280.0672	1.200575	4.694748	0.828268	0.171732	3.382285
1002	-1828.128	-2107.539	279.4104	1.203676	3.710358	0.8854	0.1146	3.945907
1008	-1828.354	-2108.234	279.8801	1.352296	3.35701	0.790068	0.209932	3.665716
1014	-1830.057	-2109.139	279.0823	1.113692	3.157619	0.868277	0.131723	4.303796
1020	-1829.863	-2109.334	279.4709	1.424638	4.553778	0.888118	0.111882	3.624012
1026	-1819.572	-2100.888	281.316	1.410556	2.992696	0.939939	0.0600615	2.870372
1032	-1821.428	-2102.282	280.8545	1.273883	2.992696	0.939939	0.0600615	3.228194
1038	-1829.248	-2108.668	279.4199	1.171407	2.992696	0.895932	0.104068	4.11848
1044	-1825.286	-2106.233	280.9474	1.419879	3.297119	0.852819	0.147181	3.011744
1050	-1824.473	-2107.313	282.8397	1.459985	2.564354	0.927853	0.0721466	2.000062
1056	-1834.11	-2115.132	281.0218	1.420142	4.922454	0.927853	0.0721466	2.637935
1062	-1830.027	-2109.565	279.5383	1.443158	4.273503	0.872904	0.127096	3.624664
1068	-1824.116	-2104.486	280.3694	1.202729	3.110422	0.692754	0.307246	3.525711
1074	-1827.242	-2108.102	280.86	1.340181	5.223087	0.783512	0.216488	2.735296
1080	-1825.909	-2107.054	281.1453	1.493677	4.540165	0.815995	0.184005	2.585536
1086	-1818.364	-2099.836	281.4724	1.445007	4.540165	0.832995	0.167005	2.411481
1092	-1815.298	-2094.542	279.2437	1.24469	3.632136	0.905679	0.0943212	4.03389
1098	-1835.521	-2114.718	279.1971	1.064384	2.277894	0.869751	0.130249	4.496548
1104	-1833.994	-2113.735	279.7409	1.238627	4.324523	0.893344	0.106656	3.616387
1110	-1816.251	-2096.102	279.8513	1.097939	3.201496	0.855094	0.144906	3.864465
1116	-1810.985	-2089.501	278.5161	1.106975	3.270122	0.843974	0.156026	4.60103
1122	-1805.423	-2084.609	279.1854	1.252888	2.861493	0.90731	0.09269	4.237687
1128	-1809.275	-2089.49	280.2143	1.20032	3.120804	0.832856	0.167144	3.614832
1134	-1809.999	-2090.861	280.8622	1.216297	2.484411	0.940505	0.0594952	3.394683
1140	-1814.121	-2095.106	280.9849	1.186297	2.946864	0.769988	0.230012	3.214482
1146	-1825.301	-2108.451	283.1501	1.544715	2.576393	0.850354	0.149646	1.725903
1152	-1814.566	-2095.252	280.6852	1.529818	2.576393	0.850354	0.149646	3.288046
1158	-1811.256	-2091.9	280.6436	1.291108	3.649939	0.811898	0.188102	3.190143
1164	-1823.071	-2102.931	279.8594	1.377769	3.934231	0.946844	0.0531563	3.541119
1170	-1824.195	-2103.334	279.1386	1.065917	3.934231	0.62888	0.37112	4.134965
1176	-1815.023	-2093.9	278.8777	1.065917	2.566032	0.646066	0.353934	4.593416
1182	-1819.273	-2098.777	279.5047	1.280129	4.106566	0.920438	0.0795618	3.76967
1188	-1815.617	-2094.738	279.1204	1.146931	4.133246	0.910692	0.0893078	4.061314
1194	-1817.347	-2097.535	280.1881	1.200171	3.655311	0.884913	0.115087	3.510189
1200	-1819.861	-2101.13	281.2697	1.542249	2.537718	0.804646	0.195354	2.943608
1206	-1818.429	-2100.349	281.9196	1.425938	2.042671	0.879533	0.120467	2.778824
1212	-1816.749	-2097.55	280.8012	1.513489	3.050058	0.917141	0.0828589	3.103176
1218	-1821.677	-2103.38	281.7036	1.570456	4.566918	0.917141	0.0828589	2.178252
1224	-1815.243	-2096.742	281.4983	1.2599	3.089272	0.767991	0.232009	2.826519
1230	-1821.141	-2102.859	281.7177	1.483765	3.181742	0.767991	0.232009	2.53065
1236	-1817.772	-2098.643	280.8711	1.353581	3.654608	0.943349	0.0566508	3.016286
1242	-1840.909	-2119.327	278.4183	1.176861	4.519682	0.899963	0.100037	4.373376
1248	-1828.59	-2107.999	279.409	1.139521	2.637686	0.854718	0.145282	4.233029
1254	-1813.163	-2092.57	279.407	1.131152	2.736282	0.782742	0.217258	4.212961
1260	-1821.13	-2100.441	279.3109	1.109125	3.11927	0.498454	0.501546	4.185732
1266	-1812.343	-2092.007	279.6636	1.126726	2.930745	0.866826	0.133174	4.020238
1272	-1823.929	-2103.388	279.4592	1.396622	3.282116	0.839688	0.160312	3.899584
1278	-1825.456	-2105.424	279.9688	1.132314	2.673625	0.829249	0.170751	3.908458
1284	-1814.19	-2093.108	278.9186	1.276559	3.240887	0.785752	0.214248	4.285277
1290	-1818.09	-2097.767	279.6765	1.221448	3.277315	0.907498	0.0925021	3.876537
1296	-1829.956	-2109.488	279.5316	1.344821	3.958198	0.94357	0.0564298	3.745452
1302	-1825.029	-2104.82	279.7905	1.180136	3.688471	0.756477	0.243523	3.745452
1308	-1819.467	-2100.251	280.7843	1.335224	2.793425	0.756477	0.243523	3.284941
1314	-1821.588	-2100.329	278.741	1.195246	3.93788	0.835898	0.164102	4.286488
1320	-1804.152	-2086.076	281.9245	1.670723	3.93788	0.908739	0.0912611	2.10029
1326	-1817.227	-2099.696	282.4696	1.699541	3.520519	0.824842	0.175158	1.814634
1332	-1813.213	-2095.054	281.8416	1.82399	3.931644	0.87933	0.12067	2.055337
1338	-1820.393	-2102.339	281.9458	1.661595	4.613281	0.872755	0.127245	1.948977
1344	-1803.729	-2084.956	281.228	1.384926	3.713659	0.925364	0.0746361	2.768754
1350	-1815.448	-2096.975	281.5266	1.525059	2.651062	0.922153	0.0778472	2.765503
1356	-1822.649	-2103.485	280.8361	1.399287	3.152793	0.789088	0.210912	3.125069
1362	-1808.026	-2089.745	281.7196	1.542178	3.635253	0.974106	0.025894	2.383568
1368	-1821.625	-2101.809	280.1845	1.3396	2.435733	0.912174	0.0878264	3.731272
1374	-1823.996	-2104.412	280.4155	1.336604	2.460505	0.905955	0.094045	3.592064
1380	-1831.208	-2110.551	279.3428	1.32783	2.390883	0.866791	0.133209	4.232345
1386	-1814.658	-2094.818	280.1601	1.129961	3.109217	0.945283	0.0547172	3.689716
1392	-1812.025	-2092.407	280.3822	1.339884	3.354695	0.838156	0.161844	3.380907
1398	-1820.269	-2100.841	280.5714	1.283544	3.861571	0.812229	0.187771	3.192998
1404	-1823.871	-2103.387	279.5156	1.150438	3.2606	0.796319	0.203681	4.013072
1410	-1822.492	-2102.327	279.8348	1.163529	3.965151	0.759918	0.240082	3.673669
1416	-1826.298	-2107.254	280.9566	1.514154	3.965151	0.759918	0.240082	2.802002
1422	-1808.629	-2087.659	279.0299	1.230458	4.387518	0.814795	0.185205	4.01888
1428	-1831.919	-2112.546	280.6262	1.396504	3.673533	0.815878	0.184122	3.132807
1434	-1819.874	-2101.41	281.5366	1.368913	3.673533	0.815878	0.184122	2.597772
1440	-1820.708	-2101.724	281.0161	1.42317	3.36519	0.820714	0.179286	2.952504
1446	-1827.691	-2109.143	281.452	1.268405	3.317376	0.903792	0.0962078	2.793609
1452	-1829.313	-2110.478	281.1646	1.268405	3.042386	0.888135	0.111865	3.034384
1458	-1838.085	-2119.88	281.7944	1.615411	2.917678	0.846697	0.153303	2.469689
1464	-1832.332	-2115.235	282.9033	1.576709	2.649148	0.727191	0.272809	1.851022
1470	-1833.597	-2113.034	279.4371	1.201216	2.609178	0.814887	0.185113	4.189766
1476	-1831.827	-2112.221	280.3948	1.196018	3.354666	0.902842	0.0971579	3.457742
1482	-1827.836	-2108.735	280.8984	1.27499	3.524124	0.838148	0.161852	3.075661
1488	-1821.116	-2101.7	280.5837	1.269238	3.524124	0.759717	0.240283	3.2659
1494	-1826.631	-2107.212	280.5806	1.372456	3.438128	0.743914	0.256086	3.225894
1500	-1826.156	-2103.937	277.7811	1.016055	2.671442	0.890535	0.109465	5.204075
1506	-1818.85	-2098.237	279.3866	1.198993	2.671442	0.930072	0.0699285	4.203026
1512	-1820.316	-2100.595	280.2791	1.168856	2.870229	0.83309	0.16691	3.65729
1518	-1815.839	-2096.936	281.096	1.289233	2.784663	0.76246	0.23754	3.129832
1524	-1819.267	-2100.456	281.1891	1.285598	4.062659	0.906913	0.093087	2.779658
1530	-1802.486	-2084.651	282.1653	1.479475	2.557791	0.85286	0.14714	2.425535
1536	-1813.789	-2096.02	282.2306	1.403005	2.207987	0.867616	0.132384	2.544492
1542	-1832.427	-2114.152	281.7253	1.549944	3.324338	0.927535	0.0724648	2.449013
1548	-1824.183	-2105.864	281.6804	1.409314	3.691602	0.947372	0.0526283	2.479055
1554	-1821.855	-2103.411	281.5561	1.319021	3.115041	0.945273	0.054727	2.748829
1560	-1822.85	-2103.522	280.6721	1.205812	3.373429	0.880866	0.119134	3.284922
1566	-1829.825	-2109.911	280.0857	1.178037	4.188653	0.783623	0.216377	3.476299
1572	-1832.214	-2111.736	279.5227	1.159263	3.798449	0.801664	0.198336	3.889104
1578	-1820.61	-2100.509	279.8997	1.122823	3.254523	0.748461	0.251539	3.810127
1584	-1830.35	-2109.257	278.9062	1.043582	2.592123	0.950999	0.0490015	4.582936
1590	-1826.738	-2104.948	278.2096	0.9791524	2.275454	0.877852	0.122148	5.096147
1596	-1825.516	-2104.796	279.2801	1.172903	4.555121	0.942421	0.0575791	3.879059
1602	-1818.279	-2099.559	281.2793	1.237973	2.938014	0.861588	0.138412	3.010584
1608	-1817.863	-2098.775	280.912	1.167265	4.103072	0.91396	0.0860398	3.010584
1614	-1820.818	-2100.863	280.045	1.152478	4.064696	0.910135	0.0898653	3.53863
1620	-1814.949	-2094.484	279.535	1.166196	2.743698	0.616243	0.383757	4.118438
1626	-1812.579	-2091.901	279.3211	1.142627	3.500004	0.710243	0.289757	4.075788
1632	-1834.139	-2113.7	279.5614	0.9656532	3.865469	0.769338	0.230662	3.964466
1638	-1813.938	-2094.122	280.1848	1.103868	2.533005	0.882984	0.117016	3.839207
1644	-1819.916	-2102.052	282.1355	1.51997	2.233176	0.91006	0.0899404	2.522443
1650	-1826.323	-2107.1	280.7762	1.337078	2.616365	0.88421	0.11579	3.336758
1656	-1823.97	-2104.872	280.9013	1.372751	3.490719	0.884831	0.115169	3.022967
1662	-1823.986	-2105.198	281.2121	1.393276	3.238768	0.84389	0.15611	2.882318
1668	-1818.229	-2098.593	280.3642	1.393276	3.081399	0.762596	0.237404	3.42449
1674	-1820.861	-2100.89	280.0284	1.313494	3.707463	0.778552	0.221448	3.526275
1680	-1813.301	-2093.167	279.8657	1.304938	3.567953	0.778552	0.221448	3.655219
1686	-1812.281	-2092.738	280.4572	1.313778	4.092052	0.632111	0.367889	3.196513
1692	-1818.363	-2098.548	280.185	1.110873	2.260802	0.855892	0.144108	3.914573
1698	-1821.068	-2101.429	280.3608	1.379135	3.274762	0.715201	0.284799	3.388774
1704	-1834.298	-2115.113	280.8148	1.461923	3.720371	0.697623	0.302377	2.970852
1710	-1820.889	-2102.109	281.2203	1.349826	2.969002	0.963536	0.0364635	2.970852
1716	-1836.694	-2117.032	280.338	1.295942	3.151428	0.946024	0.0539756	3.479843
1722	-1808.236	-2088.405	280.1687	1.292829	3.596962	0.836734	0.163266	3.479843
1728	-1822.578	-2102.567	279.9887	1.262212	1.857732	0.800423	0.199577	4.072637
1734	-1829.688	-2109.888	280.2005	1.272912	2.544372	0.893466	0.106534	3.729567
1740	-1811.772	-2093.135	281.3631	1.414158	2.663165	0.866081	0.133919	2.92851
1746	-1818.171	-2098.775	280.6037	1.277064	2.663165	0.814925	0.185075	3.460126
1752	-1832.611	-2113.27	280.6583	1.252625	2.69886	0.948311	0.0516888	3.432825
1758	-1834.613	-2116.287	281.674	1.295466	2.835803	0.901237	0.0987631	2.764144
1764	-1817.168	-2097.152	279.9849	1.409403	2.51713	0.80105	0.19895	3.782879
1770	-1815.751	-2096.275	280.5235	1.334506	3.308484	0.843844	0.156156	3.311569
1776	-1824.776	-2104.257	279.4809	1.102468	2.547962	0.950504	0.0494963	4.237607
1782	-1809.646	-2088.78	279.1343	1.29764	3.020666	0.868797	0.131203	4.202308
1788	-1831.273	-2110.119	278.8458	1.152161	2.769809	0.893306	0.106694	4.509464
1794	-1822.007	-2102.239	280.2321	1.249736	2.835142	0.837447	0.162553	3.646687
1800	-1818.827	-2099.221	280.3934	1.342107	3.786424	0.927172	0.0728285	3.279147
1806	-1811.894	-2091.788	279.8939	1.119227	3.538733	0.927172	0.0728285	3.752577
1812	-1825.822	-2106.221	280.3983	1.298483	3.424074	0.861502	0.138498	3.38004
1818	-1826.723	-2107.569	280.8458	1.285926	2.611593	0.963258	0.0367424	3.327201
1824	-1830.261	-2108.326	278.0649	1.24444	3.492546	0.711259	0.288741	4.728668
1830	-1830.028	-2109.331	279.3031	1.003689	3.167033	0.668692	0.331308	4.238904
1836	-1829.859	-2109.149	279.2905	1.155829	2.928288	0.783825	0.216175	4.216603
1842	-1821.074	-2100.858	279.7847	1.139137	3.287017	0.817511	0.182489	3.859471
1848	-1819.626	-2100.813	281.1868	1.307276	3.287017	0.75203	0.24797	2.937928
1854	-1813.435	-2093.619	280.1839	1.294741	4.821731	0.782405	0.217595	3.236253
1860	-1810.012	-2089.96	279.9478	1.340642	3.03087	0.876371	0.123629	3.70955
1866	-1820.795	-2101.126	280.331	1.340642	3.03087	0.77986	0.22014	3.487057
1872	-1833.213	-2112.922	279.7086	0.9680021	3.67799	0.863545	0.136455	3.91671
1878	-1828.988	-2109.151	280.1633	1.197274	2.646542	0.912135	0.0878651	3.766577
1884	-1817.799	-2098.225	280.4254	1.046289	2.552592	0.822559	0.177441	3.728315
1890	-1813.939	-2094.648	280.7098	1.100112	2.1949	0.910921	0.0890791	3.638759
1896	-1803.534	-2084.234	280.6999	1.305712	2.845804	0.930933	0.069067	3.338246
1902	-1819.039	-2102.169	283.1301	1.571165	1.645694	0.981765	0.0182347	2.080723
1908	-1806.906	-2090.815	283.909	1.651936	1.603477	0.969748	0.0302518	1.502768
1914	-1819.989	-2103.715	283.7258	1.651936	1.762157	0.932857	0.0671429	1.559596
1920	-1820.734	-2103.375	282.6412	1.799832	4.086283	0.954737	0.045263	1.476165
1926	-1802.555	-2085.958	283.4035	1.630491	2.449913	0.942315	0.0576846	1.525601
1932	-1821.588	-2105.19	283.6019	1.678577	2.122757	0.847666	0.152334	1.470366
1938	-1824.119	-2107.636	283.5177	1.709333	2.219821	0.941002	0.0589984	1.470366
1944	-1831.382	-2115.246	283.8635	1.828081	2.029949	0.837641	0.162359	1.182118
1950	-1822.259	-2105.369	283.1093	1.858902	2.398555	0.879835	0.120165	1.593052
1956	-1820.139	-2103.57	283.4304	1.858902	2.646515	0.823886	0.176114	1.251147
1962	-1821.017	-2104.635	283.6173	1.918862	2.854086	0.686059	0.313941	0.9345364
1968	-1829.027	-2110.464	281.4371	1.620421	4.137902	0.787306	0.212694	2.403055
1974	-1820.159	-2101.511	281.3522	1.578253	4.137902	0.948375	0.0516251	2.48295
1980	-1825.121	-2104.613	279.4927	1.163224	3.651645	0.823837	0.176163	3.934056
1986	-1818.937	-2100.311	281.3743	1.163224	2.03773	0.776129	0.223871	3.264845
1992	-1814.072	-2094.968	280.896	1.319231	3.012247	0.765472	0.234528	3.171776
1998	-1811.524	-2093.688	282.1641	1.3605	2.269173	0.901093	0.0989075	2.591807
2004	-1820.572	-2100.971	280.3988	1.294758	2.638944	0.916359	0.0836405	3.575897
2010	-1814.771	-2095.946	281.1747	1.253405	3.332309	0.887627	0.112373	2.966905
2016	-1833.044	-2113.967	280.9226	1.239164	3.332309	0.74907	0.25093	3.126235
2022	-1835.808	-2116.036	280.2278	1.1846	3.332309	0.875997	0.124003	3.566865
2028	-1837.054	-2118.636	281.5815	1.353295	3.332309	0.824206	0.175794	2.658757
2034	-1826.298	-2104.861	278.5622	0.9745353	2.999396	0.917843	0.0821569	4.711633
2040	-1827.653	-2108.967	281.314	1.290235	3.254986	0.908481	0.0915186	2.879081
2046	-1827.668	-2108.642	280.9734	1.207426	3.361227	0.716345	0.283655	3.108197
2052	-1825.905	-2106.933	281.0276	1.207426	3.714795	0.818889	0.181111	2.99712
2058	-1828.555	-2109.665	281.1098	1.368356	4.686265	0.824912	0.175088	2.657809
2064	-1816.8	-2097.456	280.6562	1.489382	3.660288	0.791485	0.208515	3.062438
2070	-1819.458	-2100.644	281.186	1.58382	4.444586	0.900439	0.0995606	2.522354
2076	-1842.971	-2124.38	281.4091	1.416325	3.460267	0.903871	0.0961291	2.695718
2082	-1826.411	-2107.403	280.9922	1.373243	2.829816	0.779379	0.220621	3.129617
2088	-1814.909	-2096.251	281.3423	1.512222	2.829816	0.84643	0.15357	2.835788
2094	-1810.186	-2091.981	281.7954	1.671611	3.587623	0.856651	0.143349	2.26392
2100	-1821.54	-2102.013	280.4729	1.26084	3.1064	0.798136	0.201864	3.432305
2106	-1805.432	-2084.678	279.246	1.13806	3.041571	0.712741	0.287259	4.224492
2112	-1814.551	-2094.082	279.5314	1.095393	2.561109	0.758355	0.241645	4.209374
2118	-1824.511	-2103.85	279.3387	1.046295	3.162458	0.896186	0.103814	4.195605
2124	-1831.811	-2112.586	280.7742	1.445468	3.984737	0.789757	0.210243	2.949963
2130	-1822.185	-2101.711	279.5261	1.054707	2.850259	0.898307	0.101693	4.159619
2136	-1821.841	-2101.95	280.1088	1.197817	4.592206	0.796613	0.203387	3.377442
2142	-1810.164	-2087.024	276.8602	1.045966	4.592206	0.912919	0.0870808	5.303282
2148	-1812.23	-2090.719	278.4895	1.138219	4.592206	0.616093	0.383907	4.342556
2154	-1824.231	-2105.074	280.8438	1.218487	3.977214	0.828311	0.171689	3.045923
2160	-1841.272	-2119.721	278.4486	0.9745957	3.310995	0.896999	0.103001	4.703968
2166	-1850.046	-2127.072	277.0266	1.309035	3.310995	0.77412	0.22588	5.308186
2172	-1845.819	-2125.825	280.0065	1.259795	3.680408	0.723666	0.276334	3.575917
2178	-1831.718	-2112.93	281.2122	1.354936	3.595598	0.882657	0.117343	2.822669
2184	-1821.087	-2100.379	279.2919	1.261958	3.744555	0.693466	0.306534	3.973403
2190	-1818.784	-2099.32	280.5356	1.206207	3.747133	0.853386	0.146614	3.283601
2196	-1818.312	-2099.277	280.9658	1.375521	3.826911	0.764049	0.235951	2.909281
2202	-1824.403	-2105.457	281.0539	1.379931	3.03266	0.916717	0.0832833	3.036389
2208	-1819.726	-2100.019	280.2934	1.379931	3.902248	0.668638	0.331362	3.292059
2214	-1833.876	-2115.25	281.3733	1.286865	3.902248	0.797275	0.202725	2.699375
2220	-1831.394	-2111.532	280.138	1.335167	4.915662	0.788381	0.211619	3.223582
2226	-1830.552	-2111.576	281.0231	1.142306	2.693216	0.683298	0.316702	3.284853
2232	-1831.458	-2112.791	281.3333	1.190859	3.574916	0.922367	0.0776329	2.853371
2238	-1827.625	-2107.658	280.0328	1.422857	3.933343	0.899958	0.100042	3.41372
2244	-1831.678	-2113.034	281.3569	1.699436	5.462855	0.872422	0.127578	2.156494
2250	-1837.476	-2119.073	281.5965	1.540311	3.65741	0.560379	0.439621	2.457256
2256	-1826.069	-2107.553	281.4843	1.451302	3.65741	0.959538	0.0404617	2.58277
2262	-1827.17	-2106.816	279.6459	1.285017	2.41772	0.862845	0.137155	4.076678
2268	-1822.744	-2102.577	279.8336	1.182127	2.118052	0.862404	0.137596	4.119101
2274	-1822.699	-2103.297	280.5973	1.4369	2.323966	0.864987	0.135013	3.468267
2280	-1826.363	-2107.507	281.1441	1.394991	3.997376	0.783139	0.216861	2.753728
2286	-1819.022	-2100.941	281.9192	1.269502	2.578252	0.788707	0.211293	2.702763
2292	-1815.5	-2095.815	280.3146	1.141969	2.421594	0.873568	0.126432	3.77432
2298	-1821.802	-2102.517	280.7147	1.164967	2.288446	0.83749	0.16251	3.569128
2304	-1824.418	-2103.333	278.9151	1.186445	4.704728	0.713095	0.286905	4.054586
2310	-1812.808	-2092.277	279.4685	1.11956	2.90597	0.764389	0.235611	4.141612
2316	-1819.669	-2099.282	279.6136	1.270357	2.90597	0.800359	0.199641	3.972855
2322	-1828.627	-2108.328	279.7005	1.195506	3.372201	0.718401	0.281599	3.856339
2328	-1841.607	-2119.889	278.2825	1.130259	4.614678	0.674888	0.325112	4.460007
2334	-1824.484	-2103.776	279.2916	1.194025	2.442742	0.970195	0.0298053	4.322262
2340	-1828.43	-2108.907	280.4771	1.217931	1.516821	0.955924	0.0440757	3.94976
2346	-1826.522	-2106.791	280.269	1.2244	2.937326	0.891349	0.108651	3.613998
2352	-1827.144	-2107.859	280.7155	1.316747	2.533235	0.891349	0.108651	3.407771
2358	-1823.073	-2102.822	279.7499	1.307403	3.295168	0.980375	0.0196254	3.78084
2364	-1812.301	-2093.074	280.7735	1.21994	3.713118	0.730288	0.269712	3.141775
2370	-1815.621	-2096.845	281.2241	1.314133	2.720153	0.862854	0.137146	3.056151
2376	-1826.033	-2106.696	280.6627	1.233072	2.506824	0.901201	0.098799	3.495112
2382	-1825.986	-2105.974	279.9883	1.115162	3.493658	0.892064	0.107936	3.710099
2388	-1822.694	-2103.438	280.7434	1.438163	2.722082	0.890647	0.109353	3.267476
2394	-1817.189	-2098.795	281.6063	1.465662	3.102024	0.974318	0.0256823	2.631199
2400	-1830.647	-2111.223	280.5755	1.18475	2.351026	0.730053	0.269947	3.619577
2406	-1831.857	-2111.134	279.2774	1.270676	2.554578	0.670087	0.329913	4.255758
2412	-1829.597	-2109.962	280.3656	1.269484	3.046594	0.854406	0.145594	3.504513
2418	-1835.808	-2114.003	278.1954	1.061461	3.399564	0.775755	0.224245	4.777734
2424	-1846.692	-2127.156	280.4637	1.345477	3.005546	0.970967	0.0290327	3.412853
2430	-1826.806	-2107.54	280.7338	1.426986	2.680132	0.943328	0.0566716	3.291157
2436	-1828.262	-2109.365	281.1025	1.423259	2.668659	0.950648	0.049352	3.077805
2442	-1819.704	-2099.97	280.2661	1.20494	3.092609	0.890469	0.109531	3.588808
2448	-1810.706	-2091.391	280.6851	1.20494	2.205906	0.904741	0.0952586	3.588808
2454	-1827.58	-2107.828	280.2487	1.157227	2.092124	0.897867	0.102133	3.904553
2460	-1817.045	-2097.141	280.0958	1.256675	2.51928	0.722154	0.277846	3.806341
2466	-1828.142	-2108.376	280.2347	1.148441	2.65769	0.701779	0.298221	3.750554
2472	-1828.156	-2107.478	279.3227	1.306484	3.606116	0.866386	0.133614	3.958857
2478	-1815.874	-2095.056	279.1822	1.17554	2.599738	0.828128	0.171872	4.351218
2484	-1812.498	-2091.792	279.2944	1.251738	2.949384	0.912707	0.0872933	4.154764
2490	-1825.249	-2106.452	281.2027	1.384484	3.330298	0.953426	0.0465739	2.871415
2496	-1825.759	-2106.11	280.352	1.365286	4.063016	0.891288	0.108712	3.234041
2502	-1837.335	-2118.532	281.1973	1.434056	3.31058	0.858648	0.141352	2.849334
2508	-1823.515	-2104.607	281.0912	1.350524	2.290992	0.918772	0.0812281	3.238915
2514	-1824.53	-2105.784	281.2537	1.100599	2.957729	0.766005	0.233995	3.102925
2520	-1832.535	-2113.859	281.324	1.307859	3.528157	0.847858	0.152142	2.798483
2526	-1830.245	-2111.498	281.2524	1.516347	3.266714	0.920489	0.0795109	2.776328
2532	-1836.339	-2116.282	279.9436	1.282609	3.958047	0.927696	0.0723035	3.5428
2538	-1827.355	-2106.646	279.2909	1.146966	2.719598	0.868012	0.131988	4.274158
2544	-1821.63	-2101.723	280.0927	1.227921	2.79153	0.874582	0.125418	3.751159
2550	-1824.632	-2104.306	279.6737	1.275332	3.633517	0.743645	0.256355	3.769428
2556	-1826.548	-2106.481	279.9337	1.295498	3.49271	0.711761	0.288239	3.637569
2562	-1826.002	-2106.604	280.602	1.072618	2.10671	0.838993	0.161007	3.745254
2568	-1840.376	-2121.365	280.9889	1.267593	2.116348	0.898012	0.101988	3.403851
2574	-1829.161	-2110.688	281.5267	1.330499	3.271911	0.835888	0.164112	2.720998
2580	-1827.962	-2110.052	282.0894	1.528486	2.024817	0.934155	0.0658446	2.618005
2586	-1823.617	-2105.207	281.5895	1.254681	2.461479	0.896073	0.103927	2.946741
2592	-1830.818	-2112.827	282.0091	1.273137	1.697508	0.882398	0.117602	2.946741
2598	-1817.443	-2097.62	280.1773	1.264634	2.489965	0.794404	0.205596	3.763122
2604	-1826.44	-2107.267	280.8266	1.27497	3.271541	0.913368	0.0866324	3.176241
2610	-1832.538	-2112.091	279.5531	1.249352	3.360129	0.969002	0.030998	3.912662
2616	-1829.878	-2108.941	279.0629	1.286833	2.491172	0.969002	0.030998	4.3854
2622	-1840.831	-2121.337	280.5059	1.283175	3.316216	0.79348	0.20652	3.350359
2628	-1832.232	-2114.333	282.1015	1.192341	2.400573	0.865084	0.134916	2.692025
2634	-1837.472	-2120.798	283.3258	1.394219	2.042039	0.865084	0.134916	1.902272
2640	-1821.323	-2102.14	280.817	1.472428	3.211421	0.843955	0.156045	3.078706
2646	-1824.735	-2106.197	281.4618	1.380934	2.859798	0.871997	0.128003	2.834869
2652	-1819.067	-2100.293	281.2265	1.375449	3.448582	0.879773	0.120227	2.834869
2658	-1810.928	-2091.252	280.3245	1.176707	3.201622	0.922207	0.077793	3.54535
2664	-1804.469	-2084.847	280.3781	1.233527	2.53911	0.940141	0.0598593	3.651148
2670	-1817.539	-2097.071	279.5322	1.22092	3.037618	0.959113	0.0408873	4.015408
2676	-1817.379	-2097.765	280.3857	1.339963	3.82834	0.941783	0.0582167	3.276249
2682	-1817.09	-2097.681	280.5915	1.258091	3.908336	0.895861	0.104139	3.186604
2688	-1815.894	-2097.599	281.7044	1.568725	3.348361	0.937166	0.0628342	2.44445
2694	-1813.35	-2094.997	281.6463	1.346647	2.507071	0.910892	0.0891084	2.843239
2700	-1828.03	-2109.106	281.0755	1.264355	2.507071	0.932795	0.0672051	3.234214
2706	-1820.915	-2101.292	280.3769	1.245409	2.689155	0.965354	0.0346462	3.603653
2712	-1821.13	-2100.817	279.6869	1.050694	2.984171	0.931593	0.0684069	4.037205
2718	-1807.246	-2087.105	279.8597	1.127628	2.984171	0.794983	0.205017	3.894311
2724	-1808.664	-2089.76	281.096	1.414946	2.984171	0.687032	0.312968	3.002462
2730	-1796.807	-2076.36	279.5537	1.215739	3.787245	0.834556	0.165444	3.841093
2736	-1807.488	-2086.815	279.3271	1.134859	3.145555	0.836239	0.163761	4.155783
2742	-1817.776	-2096.321	278.5445	1.12277	3.229224	0.871277	0.128723	4.585385
2748	-1798.06	-2077.495	279.4347	0.979582	1.747288	0.955696	0.0443042	4.585385
2754	-1801.376	-2079.751	278.375	1.011073	1.747288	0.892275	0.107725	5.158392
2760	-1810.721	-2089.21	278.4885	1.011073	2.269132	0.892275	0.107725	4.92534
2766	-1807.274	-2086.538	279.2638	0.9083246	2.035386	0.870402	0.129598	4.622047
2772	-1823.612	-2102.702	279.0897	1.302021	2.039968	0.870402	0.129598	4.497248
2778	-1819.114	-2101.138	282.0239	1.323688	1.811531	0.880373	0.119627	2.862519
2784	-1820.896	-2101.515	280.6192	1.152171	2.43824	0.981198	0.0188023	3.587307
2790	-1823.335	-2106.171	282.8352	1.420536	1.58127	0.98362	0.0163796	2.396481
2796	-1827.362	-2108.117	280.7547	1.279878	3.344315	0.946354	0.0536459	3.198985
2802	-1819.609	-2100.896	281.2867	1.549571	3.966912	0.843524	0.156476	2.577131
2808	-1824.618	-2104.418	279.8003	1.363769	4.023148	0.87736	0.12264	3.566154
2814	-1825.577	-2105.801	280.2247	1.151742	4.247336	0.710138	0.289862	3.399268
2820	-1830.252	-2110.853	280.6009	1.391925	4.557628	0.934963	0.0650371	2.976362
2826	-1842.28	-2123.741	281.4619	1.312969	3.445206	0.934963	0.0650371	2.730257
2832	-1830.209	-2111.47	281.261	1.373783	3.025446	0.726091	0.273909	2.917458
2838	-1826.538	-2106.785	280.247	1.19912	3.440252	0.945116	0.0548835	3.523001
2844	-1823.698	-2104.471	280.773	1.294823	3.062227	0.959053	0.0409468	3.246645
2850	-1830.712	-2112.096	281.384	1.501416	3.072173	0.970746	0.0292544	2.753362
2856	-1842.616	-2123.33	280.7147	1.20805	3.072173	0.861311	0.138689	3.329715
2862	-1842.531	-2122.888	280.357	1.12872	3.072173	0.861311	0.138689	3.58522
2868	-1833.841	-2114.304	280.463	1.224199	3.072173	0.822555	0.177445	3.467822
2874	-1814.083	-2095.48	281.397	1.274642	3.016422	0.849643	0.150357	2.897455
2880	-1816.596	-2096.687	280.0907	1.308405	3.192448	0.776726	0.223274	3.606865
2886	-1820.205	-2100.751	280.5455	1.211966	3.192448	0.956973	0.0430267	3.39781
2892	-1818.483	-2098.244	279.7619	1.212742	3.480036	0.725581	0.274419	3.787413
2898	-1811.57	-2092.826	281.256	1.15626	3.4192	0.814104	0.185896	2.956234
2904	-1809.279	-2091.072	281.794	1.475224	2.400248	0.939075	0.0609249	2.707271
2910	-1821.328	-2102.997	281.6689	1.367972	2.14007	0.954188	0.0458116	2.932492
2916	-1817.583	-2098.129	280.5455	1.183242	2.797792	0.761672	0.238328	3.512899
2922	-1813.609	-2095.319	281.7102	1.442607	2.290213	0.786671	0.213329	2.813113
2928	-1803.658	-2085.475	281.8174	1.480559	3.569989	0.914067	0.0859335	2.375769
2934	-1816.581	-2096.779	280.1979	1.38162	5.164578	0.839345	0.160655	3.119226
2940	-1817.274	-2098.318	281.0435	1.294576	3.505227	0.883424	0.116576	2.981292
2946	-1843.16	-2122.846	279.6863	1.187017	3.242416	0.92169	0.0783105	3.898617
2952	-1837.474	-2118.653	281.1786	1.215559	1.771777	0.756836	0.243164	3.444489
2958	-1838.739	-2117.344	278.6048	1.178312	2.906552	0.835848	0.164152	4.596012
2964	-1846.171	-2125.017	278.8469	1.080637	3.577553	0.860947	0.139053	4.363605
2970	-1825.926	-2105.531	279.6053	1.242011	3.641848	0.81403	0.18597	3.826208
2976	-1817.124	-2097.322	280.1981	1.208766	3.418351	0.827153	0.172847	3.550714
2982	-1832.874	-2111.779	278.9047	1.22653	2.909236	0.822231	0.177769	4.399519
2988	-1832.031	-2110.607	278.5765	1.172232	3.426331	0.912451	0.0875493	4.496338
2994	-1837.659	-2117.647	279.9876	1.381638	3.426331	0.945723	0.0542768	3.570871
3000	-1834.169	-2115.016	280.8464	1.177387	2.320869	0.881442	0.118558	3.475246
3006	-1839.677	-2118.538	278.8607	1.139931	3.916751	0.69824	0.30176	4.254092
3012	-1828.528	-2107.651	279.1233	1.194917	3.488052	0.687707	0.312293	4.161143
3018	-1818.243	-2100.423	282.1801	1.409452	3.174562	0.731492	0.268508	2.287588
3024	-1834.921	-2117.327	282.4067	1.531259	2.551254	0.881937	0.118063	2.240931
3030	-1834.618	-2115.18	280.5623	1.270439	3.586218	0.71508	0.28492	3.264267
3036	-1841.14	-2122.38	281.2406	1.569544	2.638675	0.648146	0.351854	2.915574
3042	-1833.566	-2113.115	279.5486	1.264691	3.109756	0.861883	0.138117	3.963838
3048	-1838.538	-2119.912	281.3741	1.195522	2.047688	0.843223	0.156777	3.242487
3054	-1836.245	-2116.693	280.4482	1.203764	2.649356	0.916061	0.0839391	3.597227
3060	-1832.868	-2112.592	279.7244	1.300729	4.285101	0.858329	0.141671	3.597227
3066	-1831.194	-2111.096	279.9017	1.300729	3.75663	0.823434	0.176566	3.597227
3072	-1836.696	-2117.711	281.0147	1.434264	3.815315	0.869255	0.130745	2.846618
3078	-1831.482	-2112.399	280.9177	1.348942	3.815315	0.839661	0.160339	2.95676
3084	-1824.256	-2105.25	280.9933	1.138197	4.217915	0.806973	0.193027	2.95676
3090	-1820.584	-2101.187	280.603	1.157121	2.287459	0.970635	0.0293645	3.638845
3096	-1817.577	-2097.308	279.7305	1.149205	3.389497	0.888565	0.111435	3.86184
3102	-1812.961	-2092.759	279.7979	1.250547	2.973664	0.921939	0.0780611	3.86184
3108	-1807.002	-2086.831	279.8289	1.110201	2.973664	0.809374	0.190626	3.924518
3114	-1815.183	-2093.088	277.905	1.037433	3.333681	0.809374	0.190626	4.967154
3120	-1815.339	-2093.705	278.3652	1.12793	2.573288	0.93019	0.0698098	4.843389
3126	-1819.504	-2100.125	280.6216	1.303286	1.939548	0.915244	0.0847564	3.656764
3132	-1828.597	-2108.757	280.1605	1.27623	3.132766	0.892142	0.107858	3.599146
3138	-1815.161	-2096.375	281.2144	1.352497	2.314592	0.89571	0.10429	3.157366
3144	-1806.882	-2088.806	281.9248	1.433905	3.218598	0.752463	0.247537	2.422857
3150	-1812.433	-2094.49	282.0571	1.510753	3.308789	0.64664	0.35336	2.267128
3156	-1824.73	-2106.789	282.0585	1.514841	4.047259	0.980462	0.0195377	2.090435
3162	-1825.533	-2107.433	281.9005	1.448598	3.045911	0.903134	0.0968665	2.473428
3168	-1823.315	-2103.568	280.2528	1.229996	3.045911	0.742508	0.257492	3.593313
3174	-1822.733	-2104.618	281.8845	1.55256	2.592809	0.723654	0.276346	2.545049
3180	-1824.475	-2104.944	280.4696	1.297495	2.996865	0.908451	0.0915493	3.439666
3186	-1808.281	-2088.959	280.6782	1.094621	1.804199	0.908451	0.0915493	3.792935
3192	-1815.902	-2096.03	280.1282	1.08789	3.068694	0.925637	0.0743627	3.74216
3198	-1813.397	-2093.219	279.8214	1.13262	2.904741	0.779993	0.220007	3.933041
3204	-1833.16	-2114.91	281.7504	1.312428	1.559991	0.863481	0.136519	3.134777
3210	-1817.151	-2098.413	281.2618	1.193629	3.622898	0.887609	0.112391	2.884339
3216	-1813.913	-2094.287	280.3741	1.448694	3.622898	0.900217	0.0997827	3.262223
3222	-1821.717	-2102.081	280.3643	1.478471	3.568446	0.833152	0.166848	3.262223
3228	-1828.276	-2110.177	281.9011	1.492013	3.568446	0.728312	0.271688	2.315654
3234	-1822.766	-2104.391	281.6245	1.557675	3.581266	0.886922	0.113078	2.44621
3240	-1831.183	-2112.749	281.5663	1.478864	3.354106	0.901208	0.0987922	2.585318
3246	-1827.412	-2107.346	279.9339	1.192855	3.30524	0.857042	0.142958	3.738459
3252	-1825.639	-2105.987	280.3487	1.192855	3.104653	0.837325	0.162675	3.544892
3258	-1845.24	-2126.132	280.8922	1.087213	2.133202	0.778159	0.221841	3.56007
3264	-1837.725	-2117.245	279.5205	1.194546	2.602032	0.711301	0.288699	4.148121
3270	-1834.671	-2116.653	281.9826	1.497965	2.665378	0.893248	0.106752	2.496516
3276	-1834.95	-2114.664	279.7136	1.230499	2.670097	0.894544	0.105456	3.99929
3282	-1826.523	-2106.319	279.7966	1.153956	2.656279	0.754118	0.245882	3.99929
3288	-1825.811	-2105.589	279.7779	1.182655	2.586933	0.93347	0.0665297	4.012309
3294	-1818.321	-2096.076	277.7556	0.9212635	3.08688	0.803815	0.196185	5.169578
3300	-1820.278	-2098.443	278.1658	1.079655	2.50322	0.892028	0.107972	5.000175
3306	-1809.884	-2090.388	280.5044	1.03921	2.617904	0.699945	0.300055	3.668622
3312	-1822.905	-2102.602	279.6963	1.292401	3.538892	0.876479	0.123521	3.766575
3318	-1828.048	-2109.448	281.4	1.308876	3.667534	0.876479	0.123521	2.720182
3324	-1812.742	-2094.588	281.8462	1.543442	4.423052	0.914951	0.0850495	2.131658
3330	-1820.785	-2102.94	282.1548	1.565872	3.630292	0.840861	0.159139	2.089072
3336	-1819.048	-2099.061	280.0138	1.204907	2.863614	0.753058	0.246942	3.791413
3342	-1808.391	-2088.367	279.9764	1.118182	3.156317	0.879997	0.120003	3.791413
3348	-1821.572	-2101.298	279.7254	1.304001	3.592955	0.842402	0.157598	3.731565
3354	-1809.138	-2090.509	281.371	1.359841	3.011403	0.807012	0.192988	2.862962
3360	-1813.204	-2094.497	281.293	1.323797	3.011403	0.830278	0.169722	2.931857
3366	-1809.726	-2090.11	280.3841	1.323797	2.703849	0.888266	0.111734	3.54993
3372	-1816.319	-2097.221	280.9023	1.42428	3.353809	0.700598	0.299402	3.022862
3378	-1825.781	-2108.352	282.5717	1.617098	3.853861	0.700598	0.299402	1.717298
3384	-1823.77	-2104.64	280.87	1.617098	3.053425	0.863219	0.136781	2.999225
3390	-1816.182	-2096.025	279.8426	1.366114	4.007566	0.936054	0.0639459	3.54323
3396	-1820.591	-2100.739	280.1479	1.224548	2.699993	0.791261	0.208739	3.745331
3402	-1821.141	-2101.399	280.2583	1.114173	2.699993	0.738012	0.261988	3.745331
3408	-1813.938	-2093.209	279.2712	1.107624	3.042465	0.707415	0.292585	4.227258
3414	-1821.92	-2101.971	280.0506	1.263945	4.267112	0.63142	0.36858	3.431826
3420	-1828.506	-2106.247	277.7413	1.046932	3.024009	0.829291	0.170709	5.122461
3426	-1827.04	-2105.941	278.9008	1.1341	4.254362	0.749308	0.250692	4.171231
3432	-1838.668	-2118.213	279.5451	1.485976	4.584115	0.683486	0.316514	3.539911
3438	-1833.2	-2113.122	279.9226	1.403775	3.685408	0.606187	0.393813	3.539911
3444	-1842.106	-2124.468	282.362	1.57603	2.547777	0.712314	0.287686	2.242014
3450	-1846.895	-2128.308	281.4129	1.531105	3.034999	0.787815	0.212185	2.727081
3456	-1834.209	-2115.651	281.4422	1.674894	5.103837	0.762288	0.237712	2.179566
3462	-1824.318	-2106.453	282.1351	1.743781	3.771847	0.935543	0.0644574	1.950202
3468	-1825.603	-2108.041	282.4378	1.577452	2.884926	0.935543	0.0644574	2.090861
3474	-1822.9	-2105.475	282.5752	1.778866	2.92607	0.935543	0.0644574	1.851748
3480	-1813.28	-2095.934	282.6544	1.573149	3.229967	0.711972	0.288028	1.851748
3486	-1830.981	-2113.583	282.6013	1.647566	3.083488	0.827875	0.172125	1.877953
3492	-1826.531	-2108.564	282.0332	1.73643	3.199195	0.844077	0.155923	2.16505
3498	-1823.377	-2104.85	281.4724	1.600869	4.062332	0.879135	0.120865	2.408838
3504	-1826.422	-2108.734	282.3121	1.600869	3.118001	0.616187	0.383813	2.092967
3510	-1821.822	-2102.57	280.7482	1.435073	3.118001	0.850083	0.149917	3.164574
3516	-1825.78	-2107.562	281.7823	1.309024	2.744765	0.950791	0.0492088	2.714717
3522	-1830.798	-2111.113	280.3152	1.413654	5.117064	0.851414	0.148586	3.037886
3528	-1830.709	-2110.852	280.1427	1.270839	4.263728	0.913614	0.0863857	3.374413
3534	-1826.661	-2107.488	280.8271	1.307902	2.711257	0.926991	0.0730086	3.297832
3540	-1824.729	-2105.679	280.9496	1.254065	1.757073	0.96466	0.0353405	3.561113
3546	-1828.115	-2108.153	280.0375	1.211769	2.050888	0.903019	0.096981	4.007701
3552	-1824.625	-2103.416	278.7908	1.318742	3.848817	0.793084	0.206916	4.205653
3558	-1822.204	-2101.54	279.3356	1.183873	3.91721	0.932492	0.0675081	3.958589
3564	-1810.723	-2091.754	281.031	1.311368	2.655265	0.793259	0.206741	3.190669
3570	-1815.359	-2096.664	281.3043	1.187673	2.268358	0.759095	0.240905	3.216288
3576	-1828.047	-2109.253	281.2057	1.278924	2.967864	0.8351	0.1649	3.022457
3582	-1819.126	-2100.526	281.4	1.242254	2.73697	0.932082	0.0679179	2.989202
3588	-1832.669	-2112.847	280.1782	1.183642	3.170481	0.937885	0.0621153	3.63364
3594	-1812.421	-2092.921	280.5002	1.362496	3.239186	0.865836	0.134164	3.324984
3600	-1804.976	-2085.37	280.3942	1.209396	2.308459	0.896352	0.103648	3.723021
3606	-1813.224	-2093.754	280.5298	1.461604	3.961112	0.896352	0.103648	3.091515
3612	-1807.761	-2088.923	281.1628	1.23801	3.896064	0.912525	0.0874752	2.858811
3618	-1819.778	-2101.053	281.2751	1.332395	3.922842	0.896666	0.103334	2.727353
3624	-1819.781	-2101.477	281.6964	1.531699	3.740504	0.864783	0.135217	2.380935
3630	-1826.912	-2109.282	282.3707	1.474859	2.214395	0.806212	0.193788	2.409575
3636	-1812.381	-2092.861	280.4803	1.52303	2.562076	0.873921	0.126079	3.416527
3642	-1812.021	-2093.046	281.0252	1.518705	3.638831	0.818974	0.181026	2.827154
3648	-1822.949	-2103.39	280.4417	1.350097	4.264244	0.937488	0.0625125	3.15098
3654	-1822.808	-2104.808	282	1.513601	2.929118	0.945955	0.0540451	2.40127
3660	-1837.745	-2118.245	280.5002	1.647715	3.830314	0.814548	0.185452	3.024883
3666	-1826.178	-2106.454	280.2768	1.211379	3.830314	0.830736	0.169264	3.415493
3672	-1820.682	-2100.233	279.5504	1.245396	4.200783	0.830736	0.169264	3.745598
3678	-1832.242	-2111.518	279.2754	1.181789	3.500503	0.904259	0.095741	4.079423
3684	-1821.068	-2100.377	279.3086	1.102052	2.454142	0.912025	0.0879752	4.361407
3690	-1819.252	-2097.56	278.3078	0.8951033	1.975038	0.868284	0.131716	5.181442
3696	-1815.094	-2094.069	278.9751	1.176723	2.216194	0.910985	0.0890151	4.576691
3702	-1803.458	-2083.23	279.7718	1.068463	2.800559	0.889329	0.110671	4.024451
3708	-1807.877	-2086.84	278.9625	1.035475	3.024063	0.726786	0.273214	4.446876
3714	-1810.98	-2089.329	278.3492	1.099218	3.702315	0.744747	0.255253	4.607683
3720	-1805.932	-2086.588	280.6557	1.281659	2.782286	0.8334	0.1666	3.394999
3726	-1805.194	-2086.383	281.1886	1.284878	2.980184	0.889427	0.110573	3.025936
3732	-1802.158	-2082.925	280.7674	1.284878	2.875139	0.898634	0.101366	3.303133
3738	-1797.927	-2078.813	280.8861	1.227816	3.018247	0.916792	0.0832077	3.23033
3744	-1809.784	-2091.528	281.7438	1.236794	2.458522	0.860607	0.139393	2.865278
3750	-1808.734	-2088.389	279.6551	1.038288	3.585799	0.838633	0.161367	3.926377
3756	-1817.518	-2097.104	279.5861	1.415737	3.812843	0.869641	0.130359	3.701978
3762	-1817.673	-2098.468	280.7954	1.208336	3.812843	0.866261	0.133739	3.114652
3768	-1809.95	-2090.597	280.6469	1.239262	3.037965	0.901682	0.0983181	3.359661
3774	-1817.301	-2098.951	281.6492	1.351704	2.843345	0.828429	0.171571	2.742926
3780	-1819.64	-2100.721	281.0814	1.387924	2.786798	0.828429	0.171571	3.079141
3786	-1823.285	-2104.514	281.2296	1.373439	3.895475	0.885788	0.114212	2.735803
3792	-1810.731	-2091.729	280.998	1.373439	2.643058	0.9187	0.0812999	3.17678
3798	-1820.538	-2100.844	280.3061	1.332448	5.017941	0.676839	0.323161	3.108228
3804	-1826.831	-2107.895	281.0642	1.328201	4.786261	0.92074	0.07926	2.692513
3810	-1805.027	-2085.227	280.2002	1.39551	3.942469	0.837548	0.162452	3.329649
3816	-1803.877	-2083.556	279.6787	1.294309	3.911439	0.913345	0.0866554	3.698898
3822	-1807.985	-2088.37	280.3853	1.140616	2.330984	0.829904	0.170096	3.761081
3828	-1819.789	-2102.158	282.3689	1.462786	3.782777	0.829904	0.170096	1.979243
3834	-1821.559	-2102.969	281.4109	1.593825	4.413867	0.877563	0.122437	2.380818
3840	-1824.971	-2107.073	282.1012	1.534845	4.413867	0.83137	0.16863	1.970602
3846	-1814.656	-2095.888	281.2325	1.253367	3.109258	0.866742	0.133258	2.986034
3852	-1823.65	-2103.244	279.5932	1.165382	3.109258	0.712968	0.287032	3.995228
3858	-1814.339	-2093.757	279.4171	1.153263	3.610157	0.834585	0.165415	3.991615
3864	-1813.362	-2092.877	279.5147	0.8919678	3.610157	0.777054	0.222946	4.085048
3870	-1825.927	-2105.111	279.1844	0.9845157	2.980678	0.910951	0.0890486	4.360851
3876	-1811.18	-2091.067	279.8873	1.240866	3.151639	0.886895	0.113105	3.773141
3882	-1813.184	-2091.907	278.7231	1.075274	4.802958	0.725558	0.274442	4.21068
3888	-1817.057	-2096.195	279.1378	0.9528371	2.619451	0.85706	0.14294	4.496477
3894	-1824.721	-2103.636	278.9153	1.005671	2.619451	0.95086	0.0491399	4.59179
3900	-1838.36	-2117.784	279.4244	1.323082	4.069188	0.827174	0.172826	3.798288
3906	-1827.245	-2106.095	278.8495	1.065611	2.46258	0.827174	0.172826	4.637787
3912	-1826.578	-2106.888	280.3095	1.346453	2.822905	0.840619	0.159381	3.548743
3918	-1829.367	-2110.517	281.1508	1.411581	2.30665	0.874426	0.125574	3.16255
3924	-1819.748	-2098.443	278.6955	1.116831	3.559407	0.78884	0.21116	4.432343
3930	-1841.155	-2122.105	280.9502	1.119457	2.46586	0.948642	0.0513581	3.405254
3936	-1841.046	-2122.769	281.7234	1.20094	3.417214	0.730652	0.269348	2.644985
3942	-1828.967	-2111.535	282.5688	1.364613	2.225173	0.979622	0.0203777	2.350233
3948	-1822.815	-2105.161	282.3459	1.436954	2.225173	0.891725	0.108275	2.445391
3954	-1823.967	-2106.186	282.219	1.314927	1.734179	0.916992	0.083008	2.779544
3960	-1817.137	-2098.574	281.4368	1.357582	3.189568	0.911781	0.0882194	2.779544
3966	-1819.722	-2100.146	280.4238	1.359163	3.801703	0.801329	0.198671	3.247927
3972	-1820.227	-2102.441	282.2147	1.278389	2.078328	0.837731	0.162269	2.675993
3978	-1820.488	-2102.094	281.606	1.278389	2.597511	0.841087	0.158913	2.882494
3984	-1800.153	-2081.693	281.5396	1.384417	2.178027	0.841087	0.158913	2.987792
3990	-1808.935	-2089.77	280.8349	1.459982	2.446813	0.710185	0.289815	3.278393
3996	-1814.092	-2096.666	282.5732	1.313146	1.611935	0.940088	0.0599116	2.613907
4002	-1822.885	-2104.037	281.1519	1.276073	3.036201	0.906769	0.0932313	3.039008
4008	-1829.068	-2109.941	280.8726	1.295474	4.134247	0.784881	0.215119	2.951079
4014	-1849.514	-2130.973	281.4595	1.295474	2.272422	0.811548	0.188452	3.05855
4020	-1838.716	-2119.681	280.9658	1.295474	2.867963	0.957825	0.0421745	3.181447
4026	-1840.775	-2119.737	278.9623	1.173583	2.867963	0.912594	0.0874058	4.407088
4032	-1838.987	-2118.954	279.967	1.26432	2.332852	0.814928	0.185072	3.929821
4038	-1835.781	-2115.423	279.6419	1.22229	3.130331	0.780184	0.219816	3.929821
4044	-1844.098	-2123.434	279.336	1.279157	3.068724	0.780184	0.219816	4.086649
4050	-1837.342	-2118.242	280.9007	1.407822	3.598518	0.825485	0.174515	2.978271
4056	-1825.302	-2106.131	280.8291	1.276579	2.298886	0.718705	0.281295	3.434115
4062	-1825.344	-2108.017	282.6723	1.39174	1.807103	0.941773	0.0582272	2.422185
4068	-1826.644	-2107.627	280.9827	1.395405	2.944553	0.829376	0.170624	3.092087
4074	-1820.087	-2101.166	281.0793	1.372923	3.451072	0.825306	0.174694	2.924896
4080	-1839.205	-2122.627	283.4225	1.544693	2.420997	0.756474	0.243526	1.585523
4086	-1833.564	-2116.764	283.2001	1.671705	2.290076	0.88172	0.11828	1.702581
4092	-1835.891	-2119.389	283.4977	1.83946	2.768571	0.929723	0.0702775	1.162156
4098	-1821.169	-2104.816	283.6464	1.717304	2.616384	0.85137	0.14863	1.200343
4104	-1816.812	-2100.003	283.191	1.637678	2.258949	0.830046	0.169954	1.744582
4110	-1808.814	-2091.405	282.5913	1.403888	2.258949	0.970078	0.0299217	2.299357
4116	-1804.935	-2086.716	281.7819	1.205383	2.258949	0.759812	0.240188	2.923386
4122	-1810.735	-2092.493	281.7583	1.362662	3.084631	0.965153	0.0348473	2.605363
4128	-1822.273	-2103.64	281.3663	1.191632	3.332214	0.928728	0.0712717	2.888636
4134	-1806.822	-2087.697	280.8753	1.279607	3.553592	0.811196	0.188804	3.080182
4140	-1798.609	-2079.74	281.1314	1.30626	3.202074	0.937932	0.0620681	2.99225
4146	-1795.417	-2074.835	279.4186	1.113974	3.202074	0.92025	0.0797505	4.102569
4152	-1798.82	-2077.643	278.8225	1.005385	2.968004	0.96242	0.03758	4.555975
4158	-1799.299	-2079.848	280.549	1.217539	2.081002	0.83887	0.16113	3.700579
4164	-1797.493	-2079.272	281.7787	1.300452	2.975797	0.793995	0.206005	2.659481
4170	-1803.675	-2084.056	280.3805	1.115925	2.975797	0.793995	0.206005	3.602646
4176	-1809.028	-2088.21	279.182	1.262906	4.010809	0.697399	0.302601	3.98311
4182	-1828.815	-2109.197	280.382	1.428417	4.875425	0.752223	0.247777	3.029648
4188	-1824.985	-2104.062	279.077	1.403769	4.018374	0.752223	0.247777	3.961156
4194	-1825.451	-2105.019	279.5677	1.167152	3.727975	0.869193	0.130807	3.873065
4200	-1825.501	-2104.949	279.448	1.060309	2.458368	0.869193	0.130807	4.305038
4206	-1831.683	-2108.874	277.1915	0.959247	2.938304	0.776365	0.223635	5.494564
4212	-1825.228	-2105.307	280.079	1.246692	2.379302	0.801861	0.198139	3.861959
4218	-1810.766	-2092.021	281.2556	1.275214	2.963075	0.835355	0.164645	2.995949
4224	-1805.498	-2085.505	280.0075	1.162366	3.046045	0.844841	0.155159	3.774328
4230	-1817.954	-2098.063	280.1088	1.199444	2.341201	0.844011	0.155989	3.883273
4236	-1820.518	-2100.074	279.5557	1.304107	3.344542	0.913638	0.0863623	3.883273
4242	-1811.602	-2090.957	279.3556	1.136506	1.953036	0.899704	0.100296	4.469508
4248	-1805.527	-2084.473	278.9452	1.265301	2.60619	0.870768	0.129232	4.432516
4254	-1814.497	-2092.915	278.4187	1.070836	3.3342	0.783269	0.216731	4.661775
4260	-1816.641	-2097.56	280.9184	1.245451	2.221312	0.889757	0.110243	3.424248
4266	-1806.867	-2087.74	280.8728	1.393295	3.381569	0.924972	0.0750279	3.052629
4272	-1815.935	-2096.784	280.8484	1.372371	3.507198	0.895151	0.104849	3.051148
4278	-1821.213	-2101.803	280.5898	1.359059	3.493422	0.804113	0.195887	3.216006
4284	-1824.64	-2105.475	280.8343	1.448643	2.939142	0.801542	0.198458	3.150128
4290	-1822.751	-2103.846	281.095	1.504117	3.306694	0.827068	0.172932	2.869794
4296	-1821.928	-2101.021	279.0925	1.242895	3.615938	0.717426	0.282574	4.124446
4302	-1825.721	-2105.323	279.6019	1.42736	4.435198	0.658263	0.341737	3.567453
4308	-1823.163	-2104.851	281.6889	1.543657	2.532666	0.867619	0.132381	2.689337
4314	-1817.964	-2098.861	280.8969	1.501043	3.94041	0.797029	0.202971	2.851335
4320	-1819.671	-2101.72	282.0493	1.40696	1.958949	0.920715	0.0792851	2.741218
4326	-1844.354	-2125.272	280.9185	1.29411	4.601048	0.92717	0.07283	2.835725
4332	-1834.742	-2115.958	281.2154	1.622767	3.348064	0.821665	0.178335	2.714325
4338	-1821.005	-2100.576	279.5709	1.212955	4.037594	0.834373	0.165627	3.783409
4344	-1850.177	-2129.174	278.997	1.114054	2.177743	0.937616	0.0623841	4.611328
4350	-1848.337	-2130.427	282.0906	1.287898	2.456137	0.774548	0.225452	2.622676
4356	-1827.379	-2107.676	280.2975	1.302589	3.437141	0.925604	0.0743956	3.433807
4362	-1834.083	-2116.408	282.3251	1.473399	2.637865	0.831996	0.168004	2.303853
4368	-1832.541	-2113.403	280.8619	1.400034	3.742008	0.934878	0.0651217	2.975144
4374	-1842.447	-2123.327	280.8794	1.366899	2.873014	0.806747	0.193253	3.189016
4380	-1829.281	-2110.271	280.9897	1.366899	2.630839	0.874328	0.125672	3.189016
4386	-1834.963	-2116.412	281.4489	1.236462	2.198076	0.941298	0.0587024	3.123878
4392	-1836.19	-2117.651	281.4602	1.164322	2.312078	0.922061	0.0779388	3.123878
4398	-1821.056	-2101.515	280.4582	1.106058	2.576763	0.866257	0.133743	3.668033
4404	-1825.524	-2106.684	281.1599	1.08899	1.647495	0.914716	0.0852839	3.577215
4410	-1826.64	-2106.322	279.6823	1.183619	3.282257	0.915098	0.084902	3.893761
4416	-1809.861	-2087.722	277.8612	0.99899	2.532574	0.884814	0.115186	5.205818
4422	-1820.955	-2102.508	281.553	1.374267	2.188752	0.945891	0.054109	2.98229
4428	-1807.43	-2087.564	280.1346	1.179456	2.852118	0.9574	0.0426004	3.739344
4434	-1835.414	-2114.55	279.1355	1.130743	2.531586	0.957772	0.0422282	4.421364
4440	-1828.441	-2109.296	280.8547	1.128633	2.342892	0.944549	0.0554509	3.492173
4446	-1826.514	-2105.445	278.9305	1.090746	3.299174	0.92871	0.0712901	4.370549
4452	-1812.875	-2094.606	281.7308	1.366192	2.788186	0.866683	0.133317	2.699178
4458	-1819.673	-2099.776	280.1029	1.295519	3.633833	0.843245	0.156755	3.508837
4464	-1817.874	-2098.422	280.5479	1.389401	3.48285	0.841873	0.158127	3.225221
4470	-1823.353	-2101.778	278.4248	1.273497	3.48285	0.841873	0.158127	4.512636
4476	-1834.993	-2113.55	278.5573	1.166112	3.710219	0.815081	0.184919	4.451521
4482	-1827.816	-2107.143	279.3274	0.983314	2.336447	0.894361	0.105639	4.451521
4488	-1824.378	-2104.16	279.7812	1.24381	3.658201	0.941184	0.0588158	3.720408
4494	-1818.875	-2099.32	280.4454	1.119552	2.705645	0.89362	0.10638	3.632491
4500	-1819.105	-2097.571	278.4661	1.117619	3.285491	0.730234	0.269766	4.619719
4506	-1828.141	-2108.65	280.5082	1.112217	1.86494	0.725879	0.274121	3.858638
4512	-1826.231	-2107.212	280.981	1.235808	2.837174	0.864532	0.135468	3.215889
4518	-1835.719	-2117.494	281.775	1.181845	1.591176	0.864532	0.135468	3.184611
4524	-1829.338	-2110.175	280.8374	1.229263	2.08134	0.879531	0.120469	3.526299
4530	-1823.239	-2103.496	280.2575	1.176246	2.183459	0.910748	0.0892517	3.859403
4536	-1824.547	-2104.514	279.9677	1.172939	2.024057	0.910748	0.0892517	4.078493
4542	-1824.241	-2102.711	278.4696	1.01577	2.086307	0.804341	0.195659	4.989014
4548	-1826.867	-2105.202	278.3353	1.118255	2.143006	0.913643	0.0863568	4.989014
4554	-1824.369	-2103.355	278.9859	1.087336	2.633825	0.845979	0.154021	4.502433
4560	-1822.056	-2100.785	278.7283	1.181289	2.29431	0.885302	0.114698	4.68909
4566	-1818.702	-2098.171	279.4681	1.261863	3.099103	0.885302	0.114698	4.014017
4572	-1818.323	-2098.835	280.5126	1.276506	2.632015	0.890022	0.109978	3.522161
4578	-1823.731	-2104.572	280.8406	1.235084	2.987325	0.903373	0.0966268	3.26067
4584	-1833.592	-2114.147	280.5551	1.211731	3.004571	0.907148	0.0928516	3.437903
4590	-1831.927	-2111.543	279.616	1.250707	3.654614	0.842797	0.157203	3.812379
4596	-1811.075	-2091.006	279.931	1.078442	4.222976	0.864292	0.135708	3.61783
4602	-1808.562	-2086.626	278.064	0.978455	2.534769	0.884319	0.115681	5.104316
4608	-1817.803	-2096.162	278.3588	1.040434	2.467324	0.995669	0.0043305	4.924557
4614	-1821.479	-2101.474	279.9956	1.149295	2.819296	0.697115	0.302885	3.845167
4620	-1812.596	-2093.196	280.5996	1.167688	2.265294	0.846622	0.153378	3.641488
4626	-1821.397	-2103.236	281.8397	1.521899	2.622228	0.740569	0.259431	2.583218
4632	-1822.023	-2103.196	281.1728	1.408439	3.786424	0.740569	0.259431	2.772316
4638	-1808.14	-2088.095	279.9548	1.376212	3.019899	0.922537	0.0774634	3.687634
4644	-1819.13	-2098.143	279.0134	1.269219	3.019899	0.889299	0.110701	4.28714
4650	-1808.3	-2087.098	278.798	1.100275	2.95731	0.693709	0.306291	4.518978
4656	-1812.667	-2092.207	279.5402	1.16306	2.846277	0.871299	0.128701	4.090947
4662	-1821.239	-2100.329	279.0897	1.417577	4.10616	0.947834	0.0521658	3.92925
4668	-1808.563	-2090.101	281.5381	1.424868	1.817057	0.947834	0.0521658	3.091559
4674	-1806.154	-2086.976	280.8215	1.33471	3.041499	0.947834	0.0521658	3.199489
4680	-1808.629	-2090.371	281.7417	1.345939	3.041499	0.884575	0.115425	2.637089
4686	-1829.044	-2111.837	282.7939	1.628864	2.504685	0.701344	0.298656	1.937049
4692	-1820.296	-2103.364	283.0685	1.519873	2.501495	0.67138	0.32862	1.825319
4698	-1816.158	-2098.034	281.8756	1.22605	2.170634	0.833549	0.166451	2.88318
4704	-1820.091	-2102.545	282.4543	1.264365	2.209876	0.917741	0.0822586	2.490804
4710	-1817.916	-2098.89	280.9741	1.174872	2.943558	0.926399	0.0736008	3.228477
4716	-1815.533	-2096.889	281.3563	1.303225	3.004187	0.757512	0.242488	2.907916
4722	-1812.487	-2093.506	281.0189	1.212314	3.004187	0.800336	0.199664	3.164304
4728	-1815.352	-2095.963	280.6107	1.340443	2.943334	0.569826	0.430174	3.345157
4734	-1815.31	-2095.993	280.6828	1.327548	2.687779	0.807553	0.192447	3.377551
4740	-1808.367	-2089.381	281.0143	1.40513	3.605901	0.962444	0.0375564	2.909818
4746	-1808.04	-2086.294	278.2542	1.15721	3.287969	0.832419	0.167581	4.715663
4752	-1796.767	-2076.341	279.5743	1.188153	3.338603	0.656667	0.343333	3.940409
4758	-1800.848	-2080.599	279.7507	1.184143	3.541562	0.859506	0.140494	3.797032
4764	-1805.631	-2084.825	279.1935	1.135798	3.114676	0.811932	0.188068	4.238273
4770	-1814.161	-2092.929	278.7685	1.091121	3.99496	0.921227	0.0787729	4.318857
4776	-1819.795	-2100.807	281.0121	1.300828	3.330238	0.984649	0.0153509	3.036518
4782	-1821.112	-2102.386	281.2734	1.302796	3.330238	0.889258	0.110742	2.878087
4788	-1826.531	-2108.551	282.0194	1.477591	3.85987	0.945268	0.0547318	2.181838
4794	-1831.696	-2114.301	282.6045	1.493308	2.823859	0.933423	0.0665775	2.05427
4800	-1819.368	-2099.029	279.6612	1.344273	3.416761	0.756211	0.243789	3.783465
4806	-1827.896	-2109.064	281.1675	1.228086	2.834258	0.695545	0.304455	3.110485
4812	-1825.195	-2104.824	279.6284	1.072955	2.259753	0.881458	0.118542	4.253621
4818	-1831.017	-2110.309	279.2919	1.058837	3.725681	0.87083	0.12917	4.093146
4824	-1820.763	-2100.317	279.5536	1.229224	2.663107	0.933781	0.0662193	4.093146
4830	-1830.902	-2111.081	280.1791	1.081366	1.785638	0.919177	0.0808234	4.093146
4836	-1847.375	-2127.088	279.7128	1.231051	2.235635	0.861142	0.138858	4.123283
4842	-1823.74	-2103.731	279.9915	1.141246	2.631534	0.855735	0.144265	3.901606
4848	-1820.703	-2101.903	281.2005	1.273964	2.818046	0.895244	0.104756	3.067752
4854	-1828.953	-2109.962	281.0095	1.284769	3.757072	0.75456	0.24544	2.952487
4860	-1829.81	-2109.248	279.4379	1.20653	3.732654	0.902636	0.0973637	3.923923
4866	-1824.21	-2101.187	276.9773	1.065001	2.744561	0.872337	0.127663	5.601418
4872	-1832.59	-2113.103	280.5126	1.296877	3.429054	0.855458	0.144542	3.312687
4878	-1829.846	-2112.364	282.5184	1.47354	2.80134	0.855458	0.144542	2.130434
4884	-1846.971	-2129.43	282.4581	1.451236	2.636309	0.922687	0.0773127	2.233202
4890	-1840.544	-2120.72	280.1761	1.383859	3.58938	0.800593	0.199407	3.423938
4896	-1821.948	-2101.671	279.7225	1.229023	3.077775	0.800593	0.199407	3.892221
4902	-1823.594	-2103.277	279.6827	1.176012	2.950967	0.811494	0.188506	3.976143
4908	-1823.916	-2103.805	279.8883	1.143903	2.791862	0.877207	0.122793	3.916896
4914	-1820.475	-2100.519	280.0448	1.21036	2.80904	0.915716	0.0842842	3.784338
4920	-1822.599	-2103.818	281.2195	1.238318	2.428175	0.802761	0.197239	3.18755
4926	-1829.954	-2111.762	281.8085	1.45569	3.244064	0.85069	0.14931	2.475839
4932	-1822.52	-2102.95	280.4306	1.378914	3.833654	0.774365	0.225635	3.225611
4938	-1822.89	-2102.995	280.1045	1.487196	3.8249	0.838198	0.161802	3.355859
4944	-1812.308	-2091.972	279.6634	1.330823	5.355731	0.88169	0.11831	3.434277
4950	-1820.155	-2100.08	279.9246	1.164008	3.503526	0.811137	0.188863	3.716547
4956	-1826.727	-2106.522	279.7949	1.423615	3.741359	0.752423	0.247577	3.591053
4962	-1835.267	-2116.048	280.7807	1.233056	3.741359	0.715124	0.284876	3.123694
4968	-1835.844	-2117.203	281.3583	1.403919	2.859616	0.715124	0.284876	2.883661
4974	-1834.031	-2112.708	278.6772	1.171531	2.501037	0.867952	0.132048	4.664344
4980	-1814.65	-2095.437	280.7864	1.163228	2.12892	0.867952	0.132048	3.578812
4986	-1814.604	-2094.391	279.7869	1.183683	2.306861	0.961938	0.0380615	4.086556
4992	-1836.266	-2114.635	278.3691	1.276542	3.060109	0.908158	0.0918425	4.636333
4998	-1830.806	-2111.88	281.0739	1.308636	3.060109	0.90948	0.0905197	3.060165
5004	-1835.419	-2116.589	281.17	1.172893	3.060109	0.882093	0.117907	3.083833
5010	-1840.253	-2121.876	281.6232	1.448477	3.468173	0.811817	0.188183	2.541708
5016	-1828.565	-2108.858	280.2939	1.403567	3.349468	0.910984	0.089016	3.396531
5022	-1818.676	-2099.154	280.4781	1.282175	4.978253	0.897508	0.102492	3.04218
5028	-1820.025	-2101.144	281.1188	1.747126	5.183122	0.681454	0.318546	2.327044
5034	-1833.015	-2114.973	281.958	1.760488	3.276774	0.681454	0.318546	2.178134
5040	-1821.85	-2103.095	281.245	1.597077	3.582429	0.818203	0.181797	2.657429
5046	-1826.08	-2105.342	279.2624	1.251929	3.217514	0.923705	0.0762955	4.109437
5052	-1828.42	-2107.869	279.4492	1.106354	3.268085	0.885646	0.114354	4.074438
5058	-1809.482	-2089.686	280.2043	1.095935	2.794945	0.879747	0.120253	3.76205
5064	-1810.333	-2089.805	279.4722	1.23684	3.235963	0.834958	0.165042	3.994143
5070	-1819.025	-2099.304	280.2793	1.002995	2.034779	0.834958	0.165042	3.994143
5076	-1820.934	-2099.698	278.7636	1.01151	2.915829	0.907572	0.0924283	4.598233
5082	-1814.49	-2095.149	280.6597	1.240875	2.298657	0.748101	0.251899	3.553859
5088	-1813.311	-2092.858	279.5471	1.239449	3.538531	0.748101	0.251899	3.88298
5094	-1823.25	-2103.229	279.9781	1.163945	2.659435	0.941017	0.0589833	3.888753
5100	-1833.56	-2113.782	280.2224	1.212269	2.090112	0.861568	0.138432	3.888753
5106	-1821.117	-2101.422	280.3053	1.145315	2.953941	0.849241	0.150759	3.634638
5112	-1821.877	-2099.526	277.6485	1.220678	2.996537	0.882964	0.117036	5.084035
5118	-1808.352	-2088.436	280.0846	1.123047	2.883547	0.869869	0.130131	3.792704
5124	-1810.325	-2090.162	279.8373	1.076544	2.709714	0.963804	0.0361958	4.00607
5130	-1807.865	-2086.83	278.9647	1.048468	2.804718	0.890337	0.109663	4.492024
5136	-1820.197	-2099.268	279.0706	1.069769	2.852301	0.927342	0.0726577	4.40843
5142	-1804.33	-2083.927	279.5972	1.239387	2.640664	0.836096	0.163904	4.068498
5148	-1805.51	-2083.911	278.4018	0.9415318	2.473398	0.838269	0.161731	4.953972
5154	-1817.163	-2097.349	280.1858	1.021814	2.137844	0.913213	0.0867873	4.003364
5160	-1804.36	-2084.107	279.7465	1.147316	2.76385	0.913213	0.0867873	4.003364
5166	-1808.889	-2087.87	278.9813	0.9818881	3.593394	0.913213	0.0867873	4.340145
5172	-1810.93	-2091.787	280.857	1.268534	2.887954	0.904977	0.0950229	3.256592
5178	-1819.455	-2101.05	281.5956	1.227454	1.608588	0.920498	0.0795024	3.256592
5184	-1821.353	-2100.624	279.2713	1.332016	4.180774	0.901947	0.0980534	3.860178
5190	-1822.831	-2101.76	278.9295	0.9437102	2.876971	0.817712	0.182288	4.552684
5196	-1822.077	-2101.084	279.0072	1.13751	4.706486	0.804723	0.195277	4.029645
5202	-1813.881	-2093.944	280.0637	1.183151	3.019858	0.725824	0.274176	3.736263
5208	-1815.226	-2093.994	278.7684	0.9049264	2.035094	0.863945	0.136055	4.900806
5214	-1818.053	-2098.566	280.513	1.130521	1.843887	0.964433	0.0355671	3.852902
5220	-1811.204	-2091.898	280.6935	1.090334	1.721467	0.855027	0.144973	3.817435
5226	-1806.242	-2086.441	280.1986	1.152127	2.320782	0.912423	0.0875772	3.864974
5232	-1819.703	-2099.64	279.9372	1.376802	2.83693	0.830824	0.169176	3.743232
5238	-1812.243	-2093.265	281.0219	1.291766	3.386524	0.808075	0.191925	3.022966
5244	-1823.211	-2103.257	280.0461	1.22775	2.398494	0.617457	0.382543	3.886138
5250	-1821.255	-2103.025	281.7701	1.496057	2.839235	0.800271	0.199729	2.58073
5256	-1819.18	-2098.878	279.6973	1.365985	3.315129	0.748042	0.251958	3.772825
5262	-1811.408	-2092.321	280.9134	1.284231	3.315129	0.732179	0.267821	3.10889
5268	-1811.128	-2091.834	280.706	1.529522	3.21262	0.864243	0.135757	3.110566
5274	-1814.878	-2093.959	279.0807	1.143519	3.58979	0.802754	0.197246	4.193074
5280	-1813.738	-2092.365	278.6261	1.11663	2.720858	0.789754	0.210246	4.665217
5286	-1824.386	-2103.445	279.0589	1.226907	3.757358	0.83366	0.16634	4.123719
5292	-1828.087	-2108.986	280.8997	1.444534	3.101618	0.83366	0.16634	3.072693
5298	-1823.093	-2104.677	281.5833	1.583275	3.336062	0.879293	0.120707	2.514178
5304	-1823.032	-2104.575	281.5428	1.465728	2.343253	0.880532	0.119468	2.883812
5310	-1818.987	-2098.202	279.2146	1.270305	2.941044	0.780822	0.219178	4.191588
5316	-1822.31	-2102.235	279.9255	1.367519	2.525963	0.829077	0.170923	3.838692
5322	-1815.851	-2096.064	280.2129	1.347199	3.339528	0.886151	0.113849	3.479165
5328	-1821.209	-2102.659	281.4493	1.369438	2.594186	0.886151	0.113849	2.923131
5334	-1816.848	-2098.398	281.55	1.314773	3.703294	0.960835	0.0391648	2.616333
5340	-1815.508	-2097.104	281.5955	1.41019	3.326804	0.918539	0.0814614	2.616333
5346	-1825.194	-2107.346	282.1515	1.657372	2.870285	0.918539	0.0814614	2.229317
5352	-1835.848	-2118.617	282.7686	1.513335	2.870285	0.875831	0.124169	1.917461
5358	-1844.146	-2126.808	282.6613	1.552077	2.13254	0.860548	0.139452	2.203402
5364	-1819.907	-2101.51	281.6027	1.289964	2.261659	0.937279	0.0627207	2.979481
5370	-1827.91	-2108.043	280.1335	1.289964	2.820554	0.936878	0.063122	3.684254
5376	-1831.99	-2113.215	281.2247	0.941633	1.879076	0.789736	0.210264	3.537968
5382	-1827.93	-2107.422	279.492	1.068389	1.64427	0.728769	0.271231	4.541996
5388	-1824.419	-2102.887	278.4685	1.100178	3.163973	0.825909	0.174091	4.655424
5394	-1814.589	-2095.846	281.2575	1.387573	3.161591	0.825637	0.174363	2.877118
5400	-1817	-2098.546	281.5467	1.39504	1.892767	0.923492	0.0765076	3.076106
5406	-1822.64	-2103.545	280.904	1.246222	1.792103	0.852694	0.147306	3.579062
5412	-1813.625	-2092.013	278.3884	1.163962	3.322757	0.878221	0.121779	4.629094
5418	-1832.053	-2111.102	279.0486	1.195978	3.539018	0.763742	0.236258	4.192183
5424	-1840.908	-2121.068	280.1594	1.212871	3.539018	0.9061	0.0939002	3.544395
5430	-1845.486	-2125.877	280.3909	1.168777	2.753618	0.87727	0.12273	3.622822
5436	-1829.326	-2109.363	280.0377	1.274939	3.666337	0.922015	0.0779846	3.551943
5442	-1836.234	-2117.839	281.6046	1.498736	2.544324	0.97363	0.0263702	2.764989
5448	-1820.245	-2102.671	282.4262	1.461882	2.628543	0.879318	0.120682	2.24924
5454	-1815.32	-2097.157	281.8371	1.266501	2.029059	0.879318	0.120682	2.930281
5460	-1819.974	-2101.862	281.8876	1.443427	2.190016	0.908484	0.0915156	2.737162
5466	-1813.455	-2094.308	280.8525	1.399688	4.28555	0.908484	0.0915156	2.870803
5472	-1823.432	-2104.249	280.8171	1.440431	3.161956	0.820891	0.179109	3.109637
5478	-1806.037	-2086.058	280.0207	1.297662	3.161956	0.871683	0.128317	3.660845
5484	-1814.324	-2096.502	282.1779	1.580706	3.161956	0.944744	0.0552559	2.181994
5490	-1838.627	-2118.222	279.5951	1.096281	2.753506	0.828949	0.171051	4.121465
5496	-1835.421	-2116.514	281.0931	1.222391	2.818001	0.938477	0.0615233	3.162433
5502	-1833.845	-2115.104	281.259	1.335636	2.447234	0.756569	0.243431	3.100541
5508	-1825.047	-2105.548	280.5013	1.2696	2.905301	0.756569	0.243431	3.4605
5514	-1825.699	-2106.7	281.0005	1.135004	2.905301	0.70627	0.29373	3.246218
5520	-1817.467	-2096.793	279.3261	1.137986	3.813747	0.864558	0.135442	4.010768
5526	-1806.693	-2088.524	281.8311	1.484966	3.813747	0.844889	0.155111	2.308603
5532	-1814.074	-2094.172	280.098	1.168333	2.739696	0.944013	0.0559869	3.796012
5538	-1815.91	-2097.707	281.7975	1.565387	3.394265	0.831283	0.168717	2.376622
5544	-1824.666	-2105.811	281.1444	1.506305	4.38065	0.881587	0.118413	2.608672
5550	-1822.143	-2103.74	281.5965	1.496491	3.139453	0.881587	0.118413	2.608672
5556	-1817.381	-2097.313	279.9324	1.276178	3.733888	0.801742	0.198258	3.598314
5562	-1818.854	-2099.092	280.2381	1.136358	3.285958	0.883393	0.116607	3.599468
5568	-1822.778	-2102.486	279.7079	1.324968	3.946934	0.89101	0.10899	3.657214
5574	-1809.891	-2090.842	280.9509	1.200899	2.661874	0.92152	0.0784796	3.301469
5580	-1818.283	-2098.463	280.1797	1.148887	2.937134	0.951132	0.0488684	3.709503
5586	-1808.018	-2088.52	280.5021	1.283423	2.215169	0.906399	0.0936011	3.646531
5592	-1803.721	-2084.47	280.7482	1.277638	2.745321	0.931055	0.068945	3.352884
5598	-1809.568	-2089.549	279.9814	1.403775	2.270745	0.889284	0.110716	3.860303
5604	-1818.689	-2100.208	281.519	1.496033	2.620886	0.934032	0.0659675	2.796494
5610	-1823.33	-2104.551	281.2211	1.305113	4.136408	0.790406	0.209594	2.733367
5616	-1816.484	-2097.072	280.5873	1.367511	2.736028	0.806465	0.193535	3.397082
5622	-1824.596	-2105.353	280.757	1.302925	3.968062	0.815447	0.184553	3.049206
5628	-1811.035	-2091.796	280.7608	1.287308	2.906049	0.859623	0.140377	3.297624
5634	-1833.274	-2113.222	279.9475	1.235893	4.173773	0.919707	0.0802927	3.525986
5640	-1835.236	-2117.303	282.0662	1.51473	3.141862	0.764321	0.235679	2.301617
5646	-1835.816	-2118.499	282.6837	1.565639	3.307566	0.894644	0.105356	1.815595
5652	-1823.203	-2104.557	281.354	1.444189	4.340903	0.885303	0.114697	2.524879
5658	-1824.47	-2105.858	281.3882	1.439394	3.761276	0.893499	0.106501	2.626561
5664	-1816.81	-2098.145	281.3355	1.370765	2.910102	0.893499	0.106501	2.904152
5670	-1823.065	-2104.374	281.3081	1.47574	2.910102	0.863514	0.136486	2.857166
5676	-1818.323	-2100.178	281.8549	1.69619	2.824854	0.844659	0.155341	2.406534
5682	-1813.308	-2093.111	279.8027	1.434177	3.323128	0.783133	0.216867	3.670788
5688	-1825.59	-2105.035	279.4455	1.185201	2.582825	0.763143	0.236857	4.201211
5694	-1817.823	-2098.066	280.243	1.283784	4.481773	0.974494	0.0255059	3.267609
5700	-1816.922	-2097.8	280.8784	1.335544	2.651674	0.916535	0.0834655	3.267609
5706	-1821.117	-2099.527	278.4098	0.9446131	2.353726	0.861246	0.138754	4.981439
5712	-1806.864	-2087.917	281.0531	1.208629	3.053627	0.795913	0.204087	3.133796
5718	-1822.721	-2102.363	279.6429	1.310446	3.887337	0.656557	0.343443	3.715059
5724	-1818.835	-2100.7	281.8657	1.304053	2.314826	0.841485	0.158515	2.794955
5730	-1824.962	-2107.002	282.0394	1.476765	2.491148	0.935689	0.064311	2.526476
5736	-1835.466	-2116.971	281.505	1.493535	3.734247	0.990826	0.00917448	2.526476
5742	-1836.426	-2117.619	281.1925	1.324818	3.074864	0.73599	0.26401	2.975683
5748	-1850.345	-2130.441	280.0955	1.294923	2.330679	0.77137	0.22863	3.839193
5754	-1827.343	-2108.228	280.8857	1.372318	3.230275	0.75686	0.24314	3.092933
5760	-1829.402	-2108.545	279.1433	1.029236	2.391897	0.75686	0.24314	4.513287
5766	-1827.566	-2106.558	278.9915	1.008962	2.201163	0.75686	0.24314	4.666116
5772	-1833.156	-2111.713	278.5574	0.980948	2.109977	0.872988	0.127012	4.952142
5778	-1836.298	-2115.723	279.4257	1.405731	2.995991	0.891402	0.108598	3.980731
5784	-1822.428	-2104.32	281.8924	1.38368	2.316295	0.912267	0.0877332	2.729569
5790	-1812.962	-2094.349	281.3872	1.449375	2.963297	0.956668	0.0433317	2.81121
5796	-1819.487	-2101.581	282.0944	1.529999	3.954097	0.895707	0.104293	2.07745
5802	-1806.9	-2087.811	280.9109	1.463901	3.222643	0.923777	0.0762231	3.024943
5808	-1812.824	-2093.639	280.8153	1.275136	3.030805	0.749872	0.250128	3.241101
5814	-1812.303	-2092.893	280.5893	1.296108	3.549692	0.735224	0.264776	3.241101
5820	-1809.714	-2090.854	281.1404	1.368364	3.549692	0.808817	0.191183	2.868359
5826	-1814.253	-2095.277	281.0241	1.261009	3.017909	0.78381	0.21619	3.128832
5832	-1807.848	-2087.816	279.9684	1.088183	3.142098	0.763848	0.236152	3.816643
5838	-1819.632	-2100.88	281.2477	1.297206	2.696081	0.716487	0.283513	3.058751
5844	-1816.641	-2096.88	280.2387	1.362867	3.360975	0.782508	0.217492	3.450023
5850	-1833.236	-2114.79	281.554	1.311629	2.870125	0.807591	0.192409	2.818146
5856	-1824.204	-2104.614	280.4103	1.083221	1.89017	0.904269	0.0957312	3.922556
5862	-1821.489	-2101.389	279.9	0.9998873	2.669133	0.829206	0.170794	4.024798
5868	-1826.533	-2104.321	277.7877	0.8507551	2.517958	0.86474	0.13526	5.332238
5874	-1825.578	-2102.857	277.2785	1.063864	2.839726	0.832285	0.167715	5.412895
5880	-1813.926	-2092.09	278.1641	1.029426	3.719621	0.69868	0.30132	4.746899
5886	-1804.593	-2086.854	282.2608	1.321722	2.423549	0.902675	0.097325	2.506134
5892	-1816.394	-2099.785	283.3914	1.51878	2.031735	0.890303	0.109697	1.775776
5898	-1818.524	-2099.432	280.9074	1.175729	3.097975	0.789981	0.210019	3.228786
5904	-1804.359	-2085.387	281.0271	1.261709	3.384591	0.848358	0.151642	3.038292
5910	-1818.639	-2096.848	278.2091	1.045763	2.998007	0.848358	0.151642	4.869327
5916	-1822.762	-2100.165	277.4026	0.9666856	2.998007	0.813868	0.186132	5.360135
5922	-1818.627	-2096.618	277.9915	0.9612859	2.047206	0.665795	0.334205	5.296386
5928	-1815.343	-2093.23	277.887	1.066237	2.095182	0.844975	0.155025	5.281031
5934	-1833.502	-2113.857	280.3559	1.043192	2.317541	0.824379	0.175621	3.838127
5940	-1821.684	-2101.534	279.8495	0.9561193	2.317541	0.879356	0.120644	4.177208
5946	-1809.665	-2088.99	279.325	1.074213	2.221744	0.893489	0.106511	4.435901
5952	-1820.623	-2100.514	279.8902	1.259758	3.144109	0.842025	0.157975	3.762337
5958	-1815.331	-2095.614	280.2824	1.159006	3.144109	0.750914	0.249086	3.593711
5964	-1818.032	-2097.678	279.6463	1.260509	2.287694	0.784178	0.215822	4.128586
5970	-1821.076	-2099.702	278.626	1.041437	3.447815	0.744124	0.255876	4.53743
5976	-1823.951	-2103.416	279.4653	1.111095	2.178606	0.866782	0.133218	4.34914
5982	-1835.375	-2115.031	279.6562	1.126153	2.171814	0.812673	0.187327	4.23471
5988	-1842.035	-2121.497	279.4625	1.241718	2.799448	0.692962	0.307038	4.102333
5994	-1823.457	-2103.935	280.4775	1.272095	2.446018	0.866427	0.133573	3.597704
6000	-1809.374	-2090.352	280.9775	1.330317	3.539125	0.866427	0.133573	2.991834
6006	-1818.154	-2099.852	281.6986	1.188413	2.65028	0.866427	0.133573	2.865809
6012	-1814.226	-2094.813	280.5869	1.199755	3.996313	0.889261	0.110739	3.206188
6018	-1817.812	-2097.637	279.825	1.239888	3.486994	0.915437	0.0845632	3.733853
6024	-1823.168	-2102.646	279.4785	1.165097	3.324804	0.83963	0.16037	4.011448
6030	-1823.44	-2102.839	279.3986	1.424829	3.225951	0.86638	0.13362	3.930977
6036	-1816.079	-2097.662	281.5826	1.332123	2.753641	0.891361	0.108639	2.82001
6042	-1815.882	-2097.152	281.2704	1.334319	3.015418	0.891361	0.108639	2.938088
6048	-1814.94	-2096.866	281.9261	1.317599	2.342301	0.767216	0.232784	2.741089
6054	-1812.648	-2094.622	281.974	1.445994	3.138523	0.767216	0.232784	2.404657
6060	-1820.446	-2101.639	281.1926	1.401449	2.254831	0.639741	0.360259	3.160009
6066	-1830.578	-2112.292	281.7137	1.529031	3.427754	0.886502	0.113498	2.444292
6072	-1818.897	-2099.878	280.9803	1.372025	4.490051	0.939886	0.0601141	2.771148
6078	-1801.533	-2082.079	280.5461	1.2344	4.490051	0.908617	0.0913831	3.115641
6084	-1819.966	-2101.596	281.6306	1.551828	2.469219	0.939061	0.060939	2.73922
6090	-1811.275	-2092.048	280.7726	1.447522	4.202896	0.844988	0.155012	2.90624
6096	-1809.248	-2090.057	280.8095	1.232456	3.463127	0.852274	0.147726	3.167593
6102	-1805.277	-2085.406	280.1288	1.171412	3.463127	0.921793	0.0782071	3.602847
6108	-1821.493	-2102.335	280.8418	1.563657	2.738589	0.921793	0.0782071	3.130255
6114	-1814.867	-2096.512	281.6442	1.380103	3.471201	0.901961	0.0980389	2.570405
6120	-1821.544	-2102.577	281.0331	1.524996	3.276815	0.851303	0.148697	2.90172
6126	-1800.432	-2081.635	281.2034	1.336912	3.035446	0.91914	0.0808605	2.971807
6132	-1805.891	-2088.537	282.6456	1.573005	2.897919	0.942615	0.0573849	1.951961
6138	-1806.352	-2089.422	283.0695	1.573684	2.255997	0.985551	0.0144486	1.873829
6144	-1811.855	-2094.696	282.8411	1.414268	1.809973	0.94594	0.0540598	2.299627
6150	-1821.93	-2103.708	281.7773	1.366926	2.352086	0.856348	0.143652	2.798665
6156	-1814.289	-2095.417	281.1276	1.22365	3.479658	0.845032	0.154968	2.979135
6162	-1808.511	-2088.291	279.7802	1.099731	3.129524	0.889815	0.110185	3.921002
6168	-1813.19	-2093.192	280.002	1.122174	2.440584	0.912291	0.0877087	3.95973
6174	-1825.286	-2104.829	279.5433	1.198079	1.679296	0.879366	0.120634	4.426777
6180	-1814.531	-2096.246	281.7149	1.223214	2.713001	0.946182	0.0538176	2.817112
6186	-1824.132	-2104.652	280.5193	1.247354	2.713001	0.890199	0.109801	3.513286
6192	-1835.996	-2115.215	279.2194	1.172223	3.732015	0.87774	0.12226	4.068549
6198	-1830.901	-2110.282	279.3802	1.155456	4.01133	0.89543	0.10457	3.931054
6204	-1840.516	-2121.404	280.8879	1.17955	2.478448	0.717063	0.282937	3.402887
6210	-1829.901	-2110.757	280.8567	1.223895	3.711548	0.854541	0.145459	3.090184
6216	-1820.45	-2100.65	280.1993	1.33666	4.474201	0.807601	0.192399	3.263538
6222	-1810.036	-2091.281	281.2455	1.157084	2.286237	0.91086	0.0891397	3.263538
6228	-1815.034	-2096.832	281.7983	1.383113	2.865891	0.878686	0.121314	2.625847
6234	-1807.1	-2088.853	281.7528	1.383113	2.970625	0.878686	0.121314	2.625847
6240	-1808.275	-2089.613	281.3382	1.308296	2.249495	0.906223	0.0937769	3.130499
6246	-1819.368	-2100.273	280.9056	1.354678	3.070409	0.957539	0.0424605	3.130499
6252	-1804.759	-2085.533	280.7735	1.128765	3.161297	0.836977	0.163023	3.32018
6258	-1810.064	-2089.81	279.7464	1.092434	2.829908	0.80367	0.19633	4.01777
6264	-1811.546	-2091.552	280.0061	1.197711	2.972431	0.927949	0.0720508	3.772732
6270	-1827.874	-2110.257	282.3828	1.38743	2.038569	0.943838	0.0561618	2.518475
6276	-1826.73	-2109.19	282.4597	1.554396	1.995988	0.583755	0.416245	2.380884
6282	-1831.439	-2113.858	282.4187	1.533527	2.705933	0.811744	0.188256	2.184504
6288	-1824.344	-2105.266	280.9215	1.533527	2.705933	0.916966	0.0830338	3.109699
6294	-1822.67	-2102.207	279.5375	1.285624	3.525529	0.89548	0.10452	3.864712
6300	-1827.038	-2106.48	279.442	1.320043	2.858488	0.797011	0.202989	4.05439
6306	-1816.726	-2097.487	280.7605	1.268483	3.181457	0.88103	0.11897	3.240574
6312	-1820.959	-2101.326	280.3664	1.209861	3.181457	0.874063	0.125937	3.506398
6318	-1826.265	-2107.176	280.9114	1.313274	2.712438	0.795059	0.204941	3.244609
6324	-1825.619	-2105.046	279.4268	1.110605	2.804014	0.909843	0.0901573	4.195999
6330	-1813.969	-2092.776	278.8073	0.9756585	3.006523	0.690988	0.309012	4.571966
6336	-1826.614	-2105.764	279.1503	0.8538257	2.520108	0.84598	0.15402	4.571966
6342	-1825.434	-2104.053	278.6193	1.018832	2.297903	0.902305	0.0976946	4.839719
6348	-1817.137	-2095.156	278.0195	1.0723	3.26235	0.782703	0.217297	4.899695
6354	-1823.5	-2102.61	279.1096	1.230367	2.1309	0.686745	0.313255	4.497299
6360	-1831.203	-2112.953	281.7496	1.392805	2.162732	0.726756	0.273244	2.861144
6366	-1816.354	-2096.691	280.337	1.36179	3.631145	0.726756	0.273244	3.333521
6372	-1816.378	-2098.236	281.8575	1.456983	4.203627	0.896337	0.103663	2.225512
6378	-1800.36	-2081.181	280.8211	1.223509	2.528287	0.853857	0.146143	3.401921
6384	-1814.655	-2095.621	280.9653	1.228684	2.787903	0.806508	0.193492	3.242416
6390	-1814.023	-2093.032	279.0088	0.9532739	2.213922	0.776297	0.223703	4.683727
6396	-1819.89	-2100.985	281.0953	1.270915	3.11293	0.769024	0.230976	3.056797
6402	-1822.012	-2103.979	281.967	1.346859	1.760161	0.811792	0.188208	2.902835
6408	-1830.454	-2112.131	281.6772	1.284441	2.510399	0.859429	0.140571	2.861249
6414	-1825.379	-2105.638	280.2592	1.313143	3.621156	0.843219	0.156781	3.409851
6420	-1825.474	-2104.261	278.7869	1.064916	3.184858	0.842492	0.157508	4.491737
6426	-1828.498	-2107.339	278.8411	1.033178	4.455838	0.716896	0.283104	4.226513
6432	-1830.857	-2110.374	279.5169	1.09819	3.136114	0.889576	0.110424	4.070845
6438	-1831.315	-2110.496	279.181	1.257608	1.981383	0.90748	0.0925205	4.490103
6444	-1817.933	-2096.545	278.6118	1.111249	3.314977	0.90748	0.0925205	4.534979
6450	-1826.034	-2105.794	279.7601	1.080575	2.512288	0.800914	0.199086	4.1013
6456	-1812.351	-2092.968	280.6168	1.283907	2.870673	0.881385	0.118615	3.393359
6462	-1821.603	-2101.19	279.5868	1.347159	3.324073	0.919507	0.0804926	3.84529
6468	-1818.263	-2095.807	277.5437	1.24707	3.638376	0.902098	0.0979021	4.987659
6474	-1820.992	-2099.806	278.814	1.214322	4.904921	0.778871	0.221129	4.063232
6480	-1808.412	-2087.665	279.2526	1.063295	2.736172	0.65425	0.34575	4.338831
6486	-1813.962	-2092.88	278.9181	1.106645	3.43502	0.718874	0.281126	4.338831
6492	-1811.433	-2090.01	278.5769	1.003182	3.539451	0.718874	0.281126	4.56718
6498	-1818.337	-2097.815	279.4777	1.326355	4.307404	0.773075	0.226925	3.721142
6504	-1815.004	-2095.459	280.4543	1.404345	4.290785	0.723566	0.276434	3.10617
6510	-1808.561	-2088.357	279.7957	1.302908	4.082107	0.89767	0.10233	3.592767
6516	-1818.385	-2098.449	280.0637	1.284279	3.383522	0.719555	0.280445	3.592767
6522	-1821.722	-2102.331	280.6089	1.206364	3.383522	0.812923	0.187077	3.319546
6528	-1812.92	-2093.374	280.4541	1.250936	3.543207	0.962759	0.0372409	3.348858
6534	-1823.655	-2104.849	281.1931	1.24042	2.806208	0.926656	0.0733445	3.095326
6540	-1813.667	-2095.293	281.6253	1.623717	3.100679	0.844955	0.155045	2.521689
6546	-1821.308	-2102.408	281.0999	1.621411	4.09237	0.87437	0.12563	2.622303
6552	-1811.028	-2092.847	281.8191	1.357878	2.889103	0.868783	0.131217	2.622303
6558	-1810.816	-2092.642	281.8264	1.338284	2.91734	0.887515	0.112485	2.622303
6564	-1818.304	-2099.928	281.6237	1.442545	3.167556	0.834061	0.165939	2.618138
6570	-1811.671	-2092.653	280.9822	1.354123	2.48432	0.800615	0.199385	3.24292
6576	-1826.244	-2105.339	279.0946	1.104148	2.974023	0.927363	0.072637	4.345603
6582	-1825.18	-2106.279	281.099	1.344293	2.757509	0.844735	0.155265	3.102585
6588	-1822.706	-2104.448	281.7421	1.420051	2.423943	0.638852	0.361148	2.765436
6594	-1811.941	-2092.574	280.6337	1.252779	2.30724	0.942772	0.0572285	3.559439
6600	-1817.999	-2098.851	280.8522	1.279677	3.161113	0.890058	0.109942	3.184558
6606	-1808.491	-2088.04	279.5489	1.089212	2.647632	0.794942	0.205058	4.179554
6612	-1840.483	-2119.85	279.367	1.306256	3.414269	0.905887	0.0941128	3.974694
6618	-1833.817	-2114.687	280.8694	1.269474	2.757939	0.875375	0.124625	3.28298
6624	-1807.78	-2088.87	281.0898	1.409491	4.28182	0.750264	0.249736	2.721049
6630	-1815.26	-2095.729	280.4691	1.28048	3.698028	0.821555	0.178445	3.289362
6636	-1811.602	-2091.827	280.2256	1.174521	3.350593	0.896658	0.103342	3.56988
6642	-1817.122	-2097.568	280.4458	1.113188	3.245997	0.694017	0.305983	3.501295
6648	-1814.132	-2095.264	281.1314	1.297653	3.090737	0.84248	0.15752	3.024687
6654	-1796.123	-2078.011	281.888	1.425733	2.786961	0.738324	0.261676	2.565706
6660	-1805.105	-2085.847	280.7418	1.425733	2.807455	0.784845	0.215155	3.252837
6666	-1807.395	-2085.72	278.325	1.218715	4.405949	0.808142	0.191858	4.422103
6672	-1827.215	-2108.184	280.9691	1.276672	2.109788	0.808234	0.191766	3.412279
6678	-1824.631	-2104.437	279.806	1.101782	2.92519	0.808234	0.191766	3.954468
6684	-1822.821	-2104.532	281.711	1.302899	2.218935	0.833253	0.166747	2.920267
6690	-1827.628	-2108.997	281.3694	1.266814	2.76823	0.89225	0.10775	2.984292
6696	-1828.582	-2110.991	282.4085	1.266814	1.821735	0.852728	0.147272	2.65845
6702	-1821.968	-2104.44	282.4716	1.301113	2.01763	0.789365	0.210635	2.52449
6708	-1823.208	-2105.831	282.6238	1.320906	2.01763	0.734453	0.265547	2.416671
6714	-1824.802	-2107.73	282.9278	1.440199	2.405846	0.87327	0.12673	2.006705
6720	-1815.628	-2097.747	282.119	1.354269	2.371156	0.87327	0.12673	2.590664
6726	-1820.026	-2100.372	280.3466	1.435033	4.002493	0.760019	0.239981	3.207905
6732	-1809.166	-2090.7	281.5344	1.486452	4.646585	0.824108	0.175892	2.325591
6738	-1808.234	-2089.436	281.2026	1.500876	3.585906	0.804922	0.195078	2.741755
6744	-1821.121	-2102.838	281.7164	1.373733	3.2328	0.873702	0.126298	2.587052
6750	-1849.641	-2129.895	280.2541	1.479826	4.620545	0.888332	0.111668	3.119881
6756	-1839.413	-2120.575	281.1613	1.44405	3.704929	0.904777	0.0952232	2.775285
6762	-1827.971	-2107.688	279.7171	1.397335	4.232202	0.938146	0.0618542	3.555112
6768	-1833.483	-2114.463	280.9807	1.465838	3.447386	0.839637	0.160363	2.929117
6774	-1823.991	-2104.108	280.1173	1.129789	2.90994	0.888687	0.111313	3.76335
6780	-1839.727	-2118.062	278.3352	0.949432	4.039951	0.861874	0.138126	4.634044
6786	-1835.389	-2115.795	280.4061	1.221672	4.039951	0.909667	0.090333	3.291429
6792	-1833.514	-2113.057	279.5435	1.174682	2.800373	0.819584	0.180416	4.094158
6798	-1831.78	-2111.176	279.3959	1.174682	4.007885	0.841716	0.158284	3.911699
6804	-1834.706	-2115.701	280.9958	1.251009	3.676936	0.960713	0.0392868	2.998186
6810	-1832.322	-2113.795	281.4731	1.443227	3.979044	0.894849	0.105151	2.524781
6816	-1827.244	-2109.158	281.9138	1.373302	2.404715	0.856272	0.143728	2.694862
6822	-1811.428	-2093.522	282.0935	1.297391	2.11403	0.872054	0.127946	2.726288
6828	-1820.824	-2099.883	279.0589	1.277216	4.132206	0.831424	0.168576	4.022256
6834	-1809.63	-2089.486	279.8563	0.9408747	2.107961	0.938147	0.0618527	4.246443
6840	-1815.211	-2094.326	279.1147	1.042148	2.522801	0.744477	0.255523	4.485369
6846	-1823.807	-2105.086	281.2792	1.210405	3.614568	0.92324	0.0767599	2.865475
6852	-1820.587	-2103.019	282.4323	1.518169	2.676476	0.874621	0.125379	2.194499
6858	-1818.067	-2100.627	282.56	1.490633	2.468155	0.829659	0.170341	2.194499
6864	-1828.424	-2110.702	282.2778	1.579659	3.223088	0.837089	0.162911	2.101372
6870	-1827.291	-2110.173	282.8824	1.463889	2.218803	0.808092	0.191908	2.085832
6876	-1824.456	-2107.41	282.9544	1.503065	1.861149	0.793324	0.206676	2.148524
6882	-1825.222	-2107.856	282.6342	1.405014	1.861149	0.889017	0.110983	2.416419
6888	-1822.338	-2104.351	282.0124	1.452024	2.987648	0.889017	0.110983	2.416419
6894	-1816.245	-2098.852	282.6069	1.57134	3.388717	0.787147	0.212853	1.842795
6900	-1819.869	-2101.108	281.2395	1.417428	3.074752	0.91463	0.0853702	2.891572
6906	-1835.145	-2116.08	280.9348	1.35426	2.506122	0.780805	0.219195	3.26447
6912	-1829.982	-2110.138	280.1564	1.273296	4.832923	0.730243	0.269757	3.263241
6918	-1820.729	-2100.348	279.6191	1.230375	2.838952	0.779364	0.220636	4.009425
6924	-1824.259	-2105.017	280.7576	1.397304	4.072656	0.727634	0.272366	2.971224
6930	-1839.522	-2119.781	280.2595	1.397304	3.281876	0.764896	0.235104	3.435851
6936	-1831.846	-2112.475	280.6287	1.410589	4.443798	0.755879	0.244121	2.969342
6942	-1830.499	-2110.413	279.9139	1.363382	2.722861	0.726345	0.273655	3.794147
6948	-1836.09	-2116.747	280.6566	1.120413	3.230844	0.804622	0.195378	3.377279
6954	-1826.761	-2106.19	279.4299	1.024522	2.082896	0.882705	0.117295	4.448092
6960	-1827.435	-2107.286	279.8513	1.024522	3.57025	0.778553	0.221447	3.824905
6966	-1819.449	-2100.227	280.7781	1.229537	3.736842	0.778553	0.221447	3.128303
6972	-1821.174	-2102.044	280.8699	1.532424	3.736842	0.827994	0.172006	2.891623
6978	-1832.722	-2114.316	281.5933	1.52055	3.736842	0.920785	0.0792148	2.453741
6984	-1833.297	-2112.461	279.1635	1.114218	3.278476	0.692784	0.307216	4.230052
6990	-1831.051	-2111.585	280.5339	1.221527	2.745027	0.821443	0.178557	3.51122
6996	-1833.173	-2114.02	280.8467	1.271093	2.594745	0.71755	0.28245	3.340153
7002	-1823.198	-2103.592	280.3935	1.296647	3.521186	0.856627	0.143373	3.362429
7008	-1816.792	-2097.24	280.4479	1.096086	3.068649	0.863921	0.136079	3.552224
7014	-1827.915	-2108.613	280.6977	1.278197	3.969767	0.73071	0.26929	3.099039
7020	-1821.768	-2102.712	280.9442	1.236843	3.009675	0.73071	0.26929	3.192708
7026	-1816.794	-2097.273	280.4799	1.173655	1.604298	0.963392	0.0366079	3.937807
7032	-1820.099	-2101.901	281.802	1.211858	2.196047	0.911874	0.088126	2.927767
7038	-1820.865	-2101.034	280.169	1.343425	2.945588	0.936186	0.0638142	3.600877
7044	-1813.176	-2094.732	281.556	1.448098	3.842348	0.911832	0.0881684	2.499232
7050	-1809.384	-2090.839	281.455	1.430203	2.871258	0.904576	0.0954236	2.805963
7056	-1813.773	-2094.326	280.5526	1.340827	3.05941	0.893476	0.106524	3.350125
7062	-1823.99	-2105.812	281.822	1.206128	2.139699	0.924035	0.0759646	2.937878
7068	-1823.49	-2104.68	281.1901	1.293167	3.219917	0.888099	0.111901	2.96049
7074	-1818.854	-2097.297	278.4424	1.202496	4.041271	0.775246	0.224754	4.431297
7080	-1830.299	-2109.015	278.7167	1.102008	2.56183	0.918696	0.0813045	4.664548
7086	-1833.271	-2112.29	279.0197	1.237125	3.730899	0.871502	0.128498	4.145519
7092	-1820.111	-2099.288	279.1776	1.097859	3.678833	0.854218	0.145782	4.145519
7098	-1823.067	-2102.333	279.2661	1.236225	3.241825	0.804853	0.195147	4.110715
7104	-1818.001	-2098.05	280.0489	1.260331	2.824814	0.641705	0.358295	3.749137
7110	-1815.715	-2095.102	279.3867	1.189535	2.672261	0.893607	0.106393	4.208126
7116	-1824.556	-2101.728	277.1723	1.169772	2.913969	0.653984	0.346016	5.39508
7122	-1810.635	-2089.661	279.026	1.042374	1.730602	0.956284	0.0437163	4.78513
7128	-1821.99	-2101.643	279.6538	1.116767	2.641362	0.893099	0.106901	4.105941
7134	-1819.077	-2098.222	279.1449	1.066134	2.869438	0.862452	0.137548	4.364301
7140	-1816.627	-2095.616	278.9882	1.222884	2.869438	0.864458	0.135542	4.364301
7146	-1820.06	-2099.813	279.7521	1.343073	3.755347	0.827066	0.172934	3.659683
7152	-1828.133	-2109.021	280.8885	1.49229	2.88207	0.827066	0.172934	3.106702
7158	-1822.017	-2103.198	281.1812	1.326581	2.823471	0.851524	0.148476	3.04636
7164	-1817.408	-2098.083	280.6752	1.319047	2.585341	0.807085	0.192915	3.415266
7170	-1817.711	-2097.76	280.0495	1.183028	3.110713	0.762815	0.237185	3.722623
7176	-1816.97	-2095.819	278.8488	1.165758	3.401781	0.782169	0.217831	4.351773
7182	-1818.421	-2099.062	280.6409	1.186568	3.354741	0.706876	0.293124	3.318952
7188	-1819.612	-2099.06	279.4481	1.260284	3.884755	0.864399	0.135601	3.856694
7194	-1812.011	-2091.301	279.2904	1.16095	4.564054	0.828848	0.171152	3.878501
7200	-1814.53	-2094.076	279.5454	1.338209	3.304864	0.820898	0.179102	3.878501
7206	-1822.411	-2101.504	279.0927	1.020846	3.304864	0.966204	0.0337961	4.31712
7212	-1823.501	-2103.757	280.2555	1.266569	2.533368	0.966513	0.0334873	3.704584
7218	-1815.97	-2095.868	279.8985	1.377757	4.299854	0.802624	0.197376	3.448136
7224	-1816.91	-2097.265	280.3547	1.273907	3.689421	0.874546	0.125454	3.362345
7230	-1817.771	-2096.82	279.0491	1.022975	3.094948	0.916162	0.083838	4.388405
7236	-1825.41	-2104.3	278.8907	1.050353	3.878378	0.848812	0.151188	4.295277
7242	-1827.247	-2107.04	279.7933	1.305252	4.8122	0.904393	0.095607	3.461275
7248	-1826.831	-2109.58	282.7489	1.705957	3.270085	0.945789	0.0542113	1.682007
7254	-1823.948	-2105.367	281.4191	1.528043	4.327496	0.835761	0.164239	2.434213
7260	-1835.876	-2115.328	279.4514	1.26371	4.327496	0.688137	0.311863	3.768764
7266	-1843.74	-2123.109	279.3685	1.110057	2.720931	0.622442	0.377558	4.250754
7272	-1827.38	-2106.19	278.8106	1.138353	4.03575	0.803605	0.196395	4.260553
7278	-1836.691	-2115.024	278.3336	1.130885	3.812278	0.926675	0.0733247	4.576794
7284	-1823.297	-2101.737	278.44	1.183621	4.381314	0.90479	0.0952099	4.381361
7290	-1824.163	-2102.496	278.3326	1.01379	2.979596	0.854286	0.145714	4.822684
7296	-1827.797	-2106.688	278.8913	1.092985	2.934805	0.78255	0.21745	4.476075
7302	-1838.14	-2118.964	280.8242	1.184641	3.467895	0.609964	0.390036	3.186152
7308	-1833.486	-2113.279	279.7928	1.153256	3.118478	0.80472	0.19528	3.885687
7314	-1829.232	-2109.27	280.038	1.243033	3.397677	0.797321	0.202679	3.628419
7320	-1828.927	-2109.694	280.7665	1.275969	2.716008	0.931028	0.0689719	3.351012
7326	-1831.862	-2112.504	280.6414	1.167454	1.890447	0.783368	0.216632	3.741101
7332	-1814.707	-2095.94	281.2338	1.299046	3.755296	0.832963	0.167037	2.808499
7338	-1816.855	-2096.979	280.1237	1.216429	5.098486	0.747809	0.252191	3.271933
7344	-1835.027	-2114.778	279.751	1.366544	4.914664	0.829426	0.170574	3.432989
7350	-1816.429	-2096.697	280.2676	1.311421	4.134004	0.815383	0.184617	3.301817
7356	-1812.416	-2093.071	280.6548	1.319774	3.061634	0.813419	0.186581	3.301817
7362	-1811.588	-2093.455	281.8679	1.855173	3.061634	0.770901	0.229099	2.231751
7368	-1796.234	-2078.33	282.0957	1.632119	3.491817	0.808553	0.191447	2.117958
7374	-1793.382	-2074.751	281.3685	1.41282	2.724581	0.87605	0.12395	2.908864
7380	-1802.912	-2084.412	281.5007	1.392634	2.489123	0.887562	0.112438	2.908864
7386	-1815.029	-2095.608	280.5791	1.222547	3.608542	0.887562	0.112438	3.277793
7392	-1808.951	-2088.904	279.9527	1.252791	2.589271	0.924847	0.0751525	3.871417
7398	-1804.227	-2082.593	278.3657	1.023685	2.589271	0.876985	0.123015	4.89694
7404	-1805.554	-2085.482	279.9279	1.062927	2.471943	0.86719	0.13281	4.027012
7410	-1815.172	-2094.731	279.5592	1.111137	3.189208	0.885991	0.114009	4.027012
7416	-1825.591	-2106.001	280.4096	1.308807	2.553928	0.76736	0.23264	3.585034
7422	-1820.398	-2102.799	282.4017	1.551813	2.231653	0.924726	0.0752743	2.335224
7428	-1811.991	-2093.933	281.9415	1.416595	2.484637	0.816159	0.183841	2.626547
7434	-1827.778	-2107.747	279.9694	1.195991	2.461208	0.843927	0.156073	3.93021
7440	-1814.996	-2094.828	279.8317	1.136828	2.299887	0.843927	0.156073	4.089778
7446	-1825.709	-2105.642	279.9327	1.065432	2.060466	0.901993	0.0980068	4.147655
7452	-1821.068	-2102.247	281.1784	1.384019	2.866027	0.869065	0.130935	3.00234
7458	-1843.999	-2125.473	281.4739	1.427057	2.175817	0.869065	0.130935	3.00234
7464	-1835.08	-2114.617	279.5364	1.277164	2.993834	0.665989	0.334011	3.991487
7470	-1832.636	-2110.412	277.7766	1.102797	2.834127	0.868168	0.131832	5.117527
7476	-1812.79	-2091.455	278.6656	1.084083	3.110019	0.868168	0.131832	4.56635
7482	-1812.304	-2092.719	280.415	1.30122	2.146237	0.908205	0.0917954	3.708476
7488	-1809.375	-2090.472	281.0969	1.302826	2.894755	0.916731	0.083269	3.092077
7494	-1810.819	-2091.442	280.6232	1.249027	2.927015	0.95428	0.0457196	3.395622
7500	-1815.176	-2096.51	281.3344	1.29721	3.586884	0.946273	0.0537272	2.785395
7506	-1811.894	-2091.871	279.9771	1.33262	4.086662	0.759255	0.240745	3.46894
7512	-1808.834	-2089.919	281.0847	1.293815	3.479937	0.843394	0.156606	2.962704
7518	-1819.259	-2099.753	280.4938	1.170171	3.346877	0.849043	0.150957	3.416732
7524	-1822.407	-2101.465	279.0588	1.071312	2.523251	0.852224	0.147776	4.500286
7530	-1826.261	-2103.847	277.5862	1.021848	2.523251	0.951903	0.0480967	5.347578
7536	-1824.089	-2102.687	278.5976	1.138175	2.548535	0.963204	0.036796	4.714596
7542	-1817.658	-2096.312	278.6545	1.081266	2.548535	0.849448	0.150552	4.714596
7548	-1822.49	-2100.963	278.473	1.233513	4.104575	0.73506	0.26494	4.384715
7554	-1821.018	-2100.953	279.9343	1.309929	4.270434	0.955993	0.0440072	3.472306
7560	-1813.644	-2094.578	280.9334	1.223765	3.187734	0.882467	0.117533	3.163155
7566	-1800.977	-2080.119	279.1419	1.149697	2.814293	0.855389	0.144611	4.332628
7572	-1801.963	-2080.466	278.5024	1.033943	3.836535	0.855389	0.144611	4.531678
7578	-1809.083	-2090.502	281.4186	1.38634	2.756455	0.664607	0.335393	2.885791
7584	-1811.668	-2091.799	280.1307	1.369858	4.503788	0.877738	0.122262	3.279095
7590	-1813.691	-2095.315	281.6239	1.479045	3.555468	0.877738	0.122262	2.501837
7596	-1816.007	-2097.904	281.8973	1.566147	2.897736	0.899239	0.100761	2.441478
7602	-1818.488	-2099.419	280.9315	1.427311	4.605169	0.804803	0.195197	2.745865
7608	-1806.864	-2087.381	280.5168	1.309596	2.928043	0.825796	0.174204	3.422247
7614	-1807.077	-2088.096	281.0186	1.335535	3.35283	0.903708	0.0962923	3.006565
7620	-1834.296	-2115.652	281.356	1.404357	3.478891	0.900511	0.0994889	2.731313
7626	-1846.792	-2128.733	281.9402	1.38404	2.813523	0.853895	0.146105	2.55179
7632	-1844.101	-2123.605	279.5042	1.073817	2.5077	0.853895	0.146105	4.251768
7638	-1834.912	-2114.867	279.9554	1.190742	3.115957	0.880498	0.119502	3.771221
7644	-1826.888	-2107.623	280.7357	1.305142	4.7616	0.947264	0.0527363	2.910919
7650	-1841.033	-2120.663	279.6297	1.11438	2.918539	0.918513	0.0814867	4.049633
7656	-1846.34	-2124.672	278.3317	1.092493	3.329859	0.840252	0.159748	4.699313
7662	-1830.715	-2109.998	279.2836	0.9730264	3.329859	0.840252	0.159748	4.230561
7668	-1819.153	-2098.051	278.8983	1.012284	2.581864	0.840252	0.159748	4.607689
7674	-1832.049	-2112.603	280.5537	1.360496	2.581864	0.936477	0.0635226	3.463088
7680	-1830.28	-2111.994	281.7141	1.667224	3.971003	0.902626	0.0973738	2.232016
7686	-1826.698	-2107.962	281.2642	1.4125	4.784956	0.87055	0.12945	2.516812
7692	-1832.009	-2112.621	280.6112	1.249209	4.884095	0.87055	0.12945	2.998215
7698	-1823.173	-2104.274	281.1007	1.102778	2.209073	0.878388	0.121612	3.404937
7704	-1820.799	-2100.353	279.5537	1.102778	2.09288	0.883282	0.116718	4.330876
7710	-1822.528	-2101.882	279.3532	1.145076	2.387606	0.849922	0.150078	4.330876
7716	-1816.237	-2096.357	280.1201	1.161534	2.387606	0.815879	0.184121	3.884845
7722	-1804.809	-2083.475	278.6663	1.127335	3.6008	0.844253	0.155747	4.434288
7728	-1820.969	-2101.821	280.8517	1.11917	3.106399	0.895266	0.104734	3.293023
7734	-1820.052	-2099.649	279.5976	1.11917	4.543283	0.863546	0.136454	3.729322
7740	-1819.132	-2099.522	280.3893	1.355129	2.792914	0.920478	0.0795224	3.504981
7746	-1806.536	-2086.785	280.2491	1.376402	3.14349	0.914611	0.0853893	3.486692
7752	-1817.188	-2098.516	281.3278	1.482961	2.441484	0.900981	0.0990193	2.972864
7758	-1828.143	-2109.379	281.2353	1.354395	2.337583	0.900981	0.0990193	3.136696
7764	-1816.085	-2095.975	279.8902	1.237206	2.969674	0.745966	0.254034	3.817437
7770	-1821.688	-2101.654	279.9653	1.221264	2.24481	0.693425	0.306575	3.982026
7776	-1815.097	-2095.317	280.2202	1.221264	3.752634	0.836025	0.163975	3.458795
7782	-1816.78	-2096.984	280.2031	1.109139	2.099836	0.982907	0.0170932	3.955763
7788	-1810.964	-2090.101	279.1363	1.101096	2.517805	0.958944	0.0410558	4.441414
7794	-1818.133	-2099.068	280.9346	1.213271	2.746213	0.843166	0.156834	3.280836
7800	-1833.425	-2111.858	278.4332	1.182534	2.65914	0.779517	0.220483	4.752285
7806	-1825.574	-2105.219	279.6454	1.126098	3.340734	0.810457	0.189543	3.934756
7812	-1824.219	-2104.957	280.7375	1.249784	3.27617	0.869238	0.130762	3.242821
7818	-1838.684	-2119.914	281.2299	1.306067	2.418143	0.873728	0.126272	3.144184
7824	-1814.663	-2093.525	278.862	1.137624	3.019474	0.760163	0.239837	4.447047
7830	-1824.569	-2106.228	281.6593	1.380994	2.693918	0.942055	0.0579445	2.760202
7836	-1815.207	-2096.524	281.3166	1.350751	3.431582	0.830843	0.169157	2.798997
7842	-1830.071	-2110.73	280.6589	1.397596	3.60386	0.706687	0.293313	3.127783
7848	-1836.447	-2116.64	280.1927	1.206929	3.867772	0.859806	0.140194	3.459674
7854	-1818.325	-2098.009	279.6833	1.156115	3.319723	0.844176	0.155824	3.900527
7860	-1825.392	-2105.255	279.8629	1.193672	3.708035	0.873117	0.126883	3.691765
7866	-1833.125	-2112.96	279.835	1.193672	2.833666	0.805661	0.194339	3.908213
7872	-1826.753	-2105.232	278.4786	1.120011	2.987909	0.882156	0.117844	4.679752
7878	-1826.265	-2104.571	278.306	1.1646	2.781522	0.882156	0.117844	4.801912
7884	-1824.951	-2104.936	279.9852	1.015507	2.6563	0.807556	0.192444	3.97058
7890	-1825.223	-2104.551	279.3276	1.324581	3.792647	0.736217	0.263783	3.90731
7896	-1822.738	-2103.462	280.7237	1.413248	1.879681	0.925945	0.0740548	3.554843
7902	-1822.703	-2104.225	281.5224	1.225158	1.879681	0.940819	0.059181	3.196368
7908	-1824.199	-2105.377	281.1785	1.141179	2.683144	0.831949	0.168051	3.196368
7914	-1812.625	-2093.71	281.085	1.269775	2.629166	0.796426	0.203574	3.190547
7920	-1820.535	-2100.857	280.3229	1.101844	3.443847	0.8967	0.1033	3.534692
7926	-1830.326	-2110.674	280.3488	1.095016	2.159412	0.964833	0.0351672	3.861238
7932	-1831.953	-2113.708	281.7556	1.421877	2.51932	0.896055	0.103945	2.727119
7938	-1819.518	-2100.181	280.6628	1.444892	3.412706	0.880674	0.119326	3.139903
7944	-1825.36	-2106.608	281.2483	1.53606	5.175004	0.804113	0.195887	2.380217
7950	-1819.158	-2099.163	280.0052	1.334781	5.287412	0.755637	0.244363	3.241678
7956	-1814.67	-2095.19	280.52	1.345467	3.379699	0.889817	0.110183	3.290836
7962	-1828.265	-2109.957	281.6918	1.377426	2.959954	0.823052	0.176948	2.66982
7968	-1823.064	-2103.247	280.1823	1.179414	3.281282	0.902814	0.0971857	3.607974
7974	-1809.593	-2090.274	280.6811	1.209655	3.524962	0.770169	0.229831	3.243374
7980	-1809.909	-2090.313	280.4045	1.209655	4.275921	0.869413	0.130587	3.253996
7986	-1837.037	-2117.291	280.2536	1.278294	2.753104	0.794283	0.205717	3.639047
7992	-1815.31	-2095.267	279.9562	1.201644	3.470074	0.761882	0.238118	3.683841
7998	-1823.024	-2102.565	279.5413	1.214173	3.268788	0.828871	0.171129	3.96011
8004	-1819.956	-2099.421	279.4647	1.162196	2.768728	0.854441	0.145559	4.154193
8010	-1823.234	-2102.932	279.698	1.014562	2.564132	0.863065	0.136935	4.159852
8016	-1825.578	-2105.803	280.2252	1.014562	2.131046	0.916641	0.0833594	3.987147
8022	-1819.182	-2099.029	279.8471	1.099081	1.726521	0.946359	0.0536405	4.293333
8028	-1812.93	-2093.792	280.8628	1.246524	2.139882	0.915448	0.0845519	3.482227
8034	-1818.517	-2100.494	281.9763	1.402518	1.753596	0.874707	0.125293	2.866111
8040	-1818.666	-2100.715	282.0496	1.402518	3.082693	0.91371	0.0862899	2.398957
8046	-1817.466	-2099.1	281.6337	1.675572	3.082693	0.898584	0.101416	2.488728
8052	-1836.216	-2119.41	283.1945	1.509933	2.029038	0.822086	0.177914	1.917905
8058	-1819.165	-2101.726	282.5616	1.509933	2.992812	0.957029	0.0429711	2.022865
8064	-1811.84	-2093.755	281.9157	1.509933	3.543389	0.923792	0.0762084	2.300881
8070	-1805.23	-2087.22	281.9906	1.541687	1.813345	0.866518	0.133482	2.749403
8076	-1805.687	-2086.725	281.0388	1.616633	3.509055	0.948231	0.0517692	2.788489
8082	-1808.587	-2090.363	281.7753	1.508036	3.235664	0.942829	0.0571708	2.465945
8088	-1816.261	-2096.653	280.3924	1.284098	3.000768	0.877872	0.122128	3.491634
8094	-1830.242	-2112.077	281.8355	1.432873	2.823557	0.841661	0.158339	2.583682
8100	-1825.528	-2106.98	281.4519	1.398649	3.701388	0.969015	0.0309846	2.625583
8106	-1826.006	-2108.127	282.1207	1.540147	3.216812	0.956196	0.0438036	2.230866
8112	-1829.667	-2111.885	282.2185	1.543441	3.65581	0.731505	0.268495	2.055783
8118	-1823.484	-2104.274	280.7895	1.341964	2.955849	0.864839	0.135161	3.235654
8124	-1825.743	-2105.146	279.4029	1.041392	1.963016	0.860607	0.139393	4.493034
8130	-1820.526	-2101.757	281.2313	1.418386	3.027294	0.726357	0.273643	2.907982
8136	-1823.794	-2102.135	278.3409	1.036186	3.310078	0.680384	0.319616	4.729989
8142	-1816.509	-2094.301	277.7919	1.098968	2.909264	0.972596	0.027404	5.092879
8148	-1815.015	-2095.029	280.0138	1.072603	2.380188	0.898506	0.101494	3.998805
8154	-1816.23	-2097.115	280.8852	1.204002	1.771133	0.911946	0.0880536	3.622332
8160	-1825.342	-2106.929	281.5868	1.385959	2.891069	0.873167	0.126833	2.747244
8166	-1821.235	-2102.195	280.9608	1.306694	2.418833	0.943414	0.0565865	3.302821
8172	-1826.162	-2106.594	280.4314	1.136641	2.418833	0.903279	0.0967213	3.710773
8178	-1842.173	-2122.934	280.7613	1.189154	1.749526	0.903279	0.0967213	3.710773
8184	-1821.807	-2103.272	281.4647	1.473474	2.91052	0.811819	0.188181	2.763178
8190	-1823.186	-2104.811	281.625	1.313204	2.91052	0.952683	0.0473169	2.763178
8196	-1818.616	-2099.766	281.1498	1.295495	2.748783	0.840266	0.159734	3.103758
8202	-1821.517	-2101.63	280.1138	1.250326	3.090447	0.900586	0.0994138	3.651378
8208	-1820.257	-2100.152	279.8948	1.220911	2.277028	0.900586	0.0994138	4.012739
8214	-1835.041	-2115.263	280.2221	1.421082	4.140849	0.924358	0.0756418	3.26265
8220	-1818.692	-2099.078	280.3859	1.402528	3.781269	0.848415	0.151585	3.248982
8226	-1821.815	-2102.704	280.8885	1.407975	3.09281	0.897812	0.102188	3.103374
8232	-1815.208	-2095.466	280.2582	1.280352	3.157369	0.939373	0.0606268	3.534031
8238	-1809.211	-2091.048	281.8362	1.456632	2.350122	0.808811	0.191189	2.708537
8244	-1807.601	-2089.661	282.0605	1.311194	2.106075	0.822996	0.177004	2.740799
8250	-1820.8	-2101.601	280.8013	1.213423	2.761553	0.839794	0.160206	3.355113
8256	-1813.558	-2094.163	280.6048	1.241782	2.347823	0.871572	0.128428	3.570367
8262	-1824.103	-2103.324	279.221	1.008673	2.339014	0.771648	0.228352	4.4964
8268	-1797.791	-2078.752	280.9611	1.27396	2.52067	0.786548	0.213452	3.292148
8274	-1811.118	-2091.98	280.8627	1.443334	2.52067	0.894734	0.105266	3.250251
8280	-1827.62	-2106.661	279.0409	1.099778	2.410562	0.946149	0.0538514	4.525859
8286	-1814.058	-2094.527	280.4692	1.14723	2.837838	0.840722	0.159278	3.567875
8292	-1808.829	-2088.588	279.7594	1.098295	2.058277	0.865663	0.134337	4.228134
8298	-1816.962	-2094.741	277.7782	0.9480097	2.345867	0.67617	0.32383	5.33156
8304	-1812.597	-2092.358	279.7608	1.176236	2.304299	0.722646	0.277354	4.106431
8310	-1821.15	-2102.107	280.9572	1.136867	1.957276	0.794795	0.205205	3.552434
8316	-1820.349	-2100.322	279.9731	1.253441	2.836401	0.794795	0.205205	3.793815
8322	-1823.687	-2104.21	280.5233	1.239156	3.913468	0.780942	0.219058	3.23717
8328	-1822.201	-2103.242	281.0409	1.376386	3.234589	0.826784	0.173216	2.996608
8334	-1838.151	-2119.613	281.4616	1.526841	4.773495	0.97478	0.0252204	2.322454
8340	-1834.902	-2116.723	281.821	1.587995	3.497396	0.812646	0.187354	2.322454
8346	-1831.498	-2113.803	282.3049	1.587995	3.497396	0.84202	0.15798	2.007653
8352	-1832.9	-2113.933	281.0325	1.506061	4.450992	0.884563	0.115437	2.664427
8358	-1822.574	-2103.595	281.0207	1.538616	3.377924	0.886047	0.113953	2.877093
8364	-1819.556	-2099.663	280.1075	1.239913	2.639273	0.922082	0.0779181	3.776127
8370	-1838.87	-2119.755	280.8848	1.315678	3.278211	0.893304	0.106696	3.115875
8376	-1841.59	-2122.231	280.6415	1.433189	3.285891	0.851144	0.148856	3.188813
8382	-1825.78	-2106.486	280.7063	1.418246	3.646907	0.893435	0.106565	3.077873
8388	-1835.277	-2116.15	280.8733	1.368294	3.335622	0.912	0.0879995	3.077873
8394	-1835.437	-2114.898	279.4614	1.373938	2.065585	0.850906	0.149094	4.238445
8400	-1829.569	-2107.95	278.3812	1.278056	1.853232	0.866856	0.133144	4.96936
8406	-1828.449	-2106.517	278.0681	1.19434	2.582524	0.942222	0.0577783	4.96936
8412	-1824.272	-2106.257	281.9851	1.413582	2.742576	0.875367	0.124633	2.525359
8418	-1834.528	-2115.742	281.2142	1.43105	3.131908	0.83035	0.16965	2.884314
8424	-1834.912	-2116.482	281.5702	1.4918	3.131908	0.785157	0.214843	2.629737
8430	-1822.035	-2102.387	280.3529	1.438654	3.131908	0.737502	0.262498	3.392283
8436	-1819.48	-2101.589	282.1084	1.391656	2.169172	0.737502	0.262498	2.640405
8442	-1817.917	-2099.529	281.6125	1.430105	3.481243	0.804311	0.195689	2.556686
8448	-1818.071	-2100.353	282.2828	1.408082	3.357029	0.777585	0.222415	2.175645
8454	-1810.171	-2088.936	278.765	1.163624	3.136794	0.86702	0.13298	4.45955
8460	-1818.82	-2098.095	279.2746	1.17293	2.059312	0.899829	0.100171	4.45955
8466	-1813.871	-2094.396	280.5248	1.092065	2.399166	0.930017	0.0699826	3.688349
8472	-1819.198	-2101.118	281.9204	1.313758	2.399166	0.669286	0.330714	2.7291
8478	-1839.05	-2120.361	281.3116	1.371038	4.277308	0.703285	0.296715	2.60913
8484	-1831.658	-2112.298	280.6393	1.29244	3.74746	0.666284	0.333716	3.171183
8490	-1830.379	-2110.778	280.3999	1.405143	4.118398	0.87532	0.12468	3.171183
8496	-1825.4	-2107.654	282.2541	1.480341	2.592297	0.87532	0.12468	2.358396
8502	-1840.778	-2122.726	281.9481	1.390567	1.857866	0.765122	0.234878	2.850256
8508	-1846.654	-2127.91	281.2561	1.195837	1.972575	0.871678	0.128322	3.337747
8514	-1819.692	-2101.163	281.4711	1.301304	3.377973	0.921904	0.078096	2.7475
8520	-1812.638	-2092.162	279.524	1.088925	2.63914	0.700511	0.299489	4.196122
8526	-1812.411	-2093.143	280.7311	1.314948	2.703078	0.764618	0.235382	3.352421
8532	-1805.819	-2085.274	279.4556	1.055549	2.647162	0.887822	0.112178	4.251704
8538	-1810.9	-2089.535	278.6351	1.086333	4.924884	0.894987	0.105013	4.234507
8544	-1811.246	-2090.754	279.5074	1.10558	2.864115	0.894511	0.105489	4.137856
8550	-1828.831	-2108.781	279.951	1.197759	3.012734	0.825517	0.174483	3.794578
8556	-1822.91	-2103.166	280.2561	1.237709	2.597138	0.994771	0.00522855	3.703127
8562	-1829.532	-2108.312	278.7797	1.107502	2.859674	0.766226	0.233774	4.549102
8568	-1820.523	-2101.652	281.1283	1.326114	3.481792	0.729384	0.270616	2.916526
8574	-1828.272	-2110.545	282.2725	1.703703	4.543791	0.870981	0.129019	1.70947
8580	-1818.542	-2100.106	281.5636	1.555479	4.689435	0.870981	0.129019	2.254668
8586	-1812.709	-2095.331	282.6222	1.366862	2.243413	0.802638	0.197362	2.308557
8592	-1815.495	-2096.045	280.5503	1.241294	1.894542	0.908394	0.0916062	3.749617
8598	-1811.122	-2092.275	281.1527	1.338263	2.842703	0.890534	0.109466	3.051288
8604	-1813.521	-2094.934	281.4124	1.186775	2.607047	0.923013	0.0769874	3.051288
8610	-1833.842	-2113.978	280.1357	1.132035	2.607047	0.877982	0.122018	3.830777
8616	-1814.773	-2094.842	280.0692	1.283953	2.580269	0.895754	0.104246	3.78894
8622	-1807.884	-2087.466	279.5827	1.229829	4.117455	0.688978	0.311022	3.75164
8628	-1829.778	-2111.111	281.3337	1.392311	2.2231	0.688978	0.311022	3.0916
8634	-1819.431	-2102.359	282.928	1.409692	1.904938	0.744183	0.255817	2.208805
8640	-1812.307	-2092.503	280.1962	1.26421	3.283288	0.893932	0.106068	3.550115
8646	-1802.834	-2083.277	280.4424	1.121696	3.029225	0.89484	0.10516	3.550115
8652	-1816.917	-2097.12	280.2031	1.124786	2.137375	0.97113	0.0288701	3.934726
8658	-1814.811	-2096.143	281.3323	1.248648	3.195151	0.861692	0.138308	2.907647
8664	-1812.969	-2094.534	281.5652	1.353545	2.897894	0.741891	0.258109	2.778427
8670	-1820.065	-2101.907	281.8426	1.439652	2.887707	0.848164	0.151836	2.557443
8676	-1820.338	-2099.979	279.6414	1.331742	3.125272	0.883358	0.116642	3.868563
8682	-1807.328	-2088.741	281.413	1.323792	2.279105	0.769255	0.230745	3.067292
8688	-1806.684	-2087.474	280.7902	1.472403	3.571939	0.86502	0.13498	3.011669
8694	-1800.786	-2081.852	281.0664	1.249585	2.584273	0.8212	0.1788	3.226222
8700	-1830.798	-2110.731	279.9322	1.065404	3.373914	0.882954	0.117046	3.797508
8706	-1826.891	-2106.191	279.3006	1.151319	3.02268	0.831128	0.168872	4.190499
8712	-1818.343	-2099.141	280.7975	1.292891	2.727401	0.947901	0.0520986	3.319728
8718	-1828.941	-2110.947	282.0069	1.433774	2.701667	0.863907	0.136093	2.510939
8724	-1826.038	-2108.983	282.9452	1.567738	3.016096	0.900674	0.0993258	1.714558
8730	-1821.347	-2103.796	282.4489	1.645339	4.607531	0.788569	0.211431	1.61129
8736	-1823.844	-2106.832	282.9881	1.60092	3.330009	0.901487	0.0985133	1.568109
8742	-1824.15	-2106.621	282.471	1.63877	3.447615	0.920217	0.079783	1.874261
8748	-1835.151	-2117.562	282.4112	1.63877	3.068886	0.81965	0.18035	2.015882
8754	-1808.699	-2091.146	282.4473	1.699049	3.068886	0.81965	0.18035	1.951488
8760	-1818.656	-2099.37	280.7136	1.294063	2.318201	0.867254	0.132746	3.48547
8766	-1812.698	-2093.369	280.6709	1.273141	2.442799	0.867254	0.132746	3.48547
8772	-1820.922	-2100.779	279.8579	1.362179	2.902026	0.843995	0.156005	3.780885
8778	-1822.672	-2102.428	279.7562	1.348681	3.480604	0.925627	0.074373	3.71211
8784	-1822.408	-2103.012	280.6043	1.293927	3.010575	0.925589	0.0744107	3.359396
8790	-1812.584	-2093.42	280.8365	1.288304	3.010575	0.834224	0.165776	3.225797
8796	-1819.129	-2099.897	280.7676	1.294326	3.594213	0.878441	0.121559	3.126689
8802	-1813.24	-2094.409	281.1687	1.482587	2.645396	0.926202	0.0737983	3.009261
8808	-1811.583	-2092.575	280.9928	1.461625	3.106688	0.810487	0.189513	3.005528
8814	-1818.711	-2099	280.2885	1.257363	3.714601	0.806593	0.193407	3.405632
8820	-1817.516	-2097.926	280.4096	1.450599	3.635848	0.806593	0.193407	3.237289
8826	-1825.477	-2106.319	280.8424	1.489834	3.298654	0.623198	0.376802	3.032364
8832	-1836.171	-2117.975	281.8035	1.501759	3.335117	0.835475	0.164525	2.427436
8838	-1827.803	-2108.722	280.9186	1.676072	3.82196	0.86596	0.13404	2.756518
8844	-1814.612	-2096.147	281.5351	1.564589	3.514169	0.904222	0.0957781	2.513483
8850	-1826.555	-2107.636	281.0813	1.586831	3.243718	0.735013	0.264987	2.843071
8856	-1814.372	-2095.835	281.4633	1.493425	2.723	0.869439	0.130561	2.802969
8862	-1816.477	-2098.498	282.0207	1.56076	2.583121	0.934787	0.0652131	2.457682
8868	-1827.479	-2108.174	280.6953	1.603391	3.610918	0.912673	0.0873274	2.981454
8874	-1834.362	-2114.531	280.1693	1.268881	2.890911	0.799428	0.200572	3.657733
8880	-1816.54	-2097.976	281.4357	1.402814	2.351471	0.863342	0.136658	2.983687
8886	-1816.465	-2097.65	281.1844	1.431973	3.060724	0.774665	0.225335	2.919594
8892	-1819.272	-2100.651	281.3795	1.431973	2.840045	0.839995	0.160005	2.859136
8898	-1826.653	-2106.713	280.0595	1.292678	4.244059	0.890206	0.109794	3.414117
8904	-1825.644	-2104.212	278.5676	0.8764643	2.885622	0.889381	0.110619	4.790836
8910	-1830.581	-2109.017	278.4361	0.9563982	2.51656	0.84987	0.15013	4.914766
8916	-1841.461	-2121.836	280.3746	1.170168	2.607658	0.952054	0.0479465	3.670776
8922	-1848.771	-2127.954	279.1827	1.381729	4.082372	0.726601	0.273399	3.90096
8928	-1837.883	-2118.354	280.4709	1.372098	3.514653	0.900434	0.099566	3.273877
8934	-1849.814	-2130.695	280.8808	1.422969	2.734394	0.918766	0.0812341	3.191805
8940	-1835.566	-2115.247	279.6813	1.208694	2.161682	0.860921	0.139079	4.176764
8946	-1832.769	-2111.834	279.0652	1.114049	3.030204	0.89774	0.10226	4.343121
8952	-1836.539	-2115.76	279.2209	1.163259	2.213532	0.893189	0.106811	4.446887
8958	-1843.702	-2121.699	277.9966	1.03662	2.639723	0.706518	0.293482	5.081599
8964	-1833.417	-2113.665	280.2478	1.215359	3.253433	0.811076	0.188924	3.555414
8970	-1822.933	-2104.007	281.074	1.101493	2.578813	0.76635	0.23365	3.310672
8976	-1825.64	-2104.215	278.5756	0.9958831	3.55643	0.905683	0.0943167	4.568471
8982	-1822.64	-2103.015	280.3746	1.105821	2.641409	0.892189	0.107811	3.69876
8988	-1812.003	-2091.913	279.9096	1.201972	3.52455	0.792619	0.207381	3.69876
8994	-1806.08	-2087.494	281.4136	1.390086	2.893733	0.797555	0.202445	2.849464
9000	-1815.829	-2097.027	281.1978	1.42007	3.344518	0.854181	0.145819	2.849464
9006	-1806.707	-2086.361	279.6539	1.228475	2.582319	0.899038	0.100962	4.058169
9012	-1823.774	-2103.337	279.5629	1.194904	3.47739	0.978777	0.0212227	3.912601
9018	-1822.234	-2103.988	281.7538	1.445395	2.868024	0.938239	0.061761	2.61429
9024	-1815.354	-2096.922	281.568	1.708992	4.178897	0.938239	0.061761	2.254797
9030	-1802.61	-2083.941	281.331	1.415987	3.333466	0.893352	0.106648	2.773571
9036	-1814.56	-2095.359	280.7997	1.402109	3.333466	0.840704	0.159296	3.102106
9042	-1828.626	-2107.843	279.2176	1.241738	4.870398	0.793863	0.206137	3.822078
9048	-1821.046	-2101.771	280.7251	1.241738	3.762844	0.793863	0.206137	3.147101
9054	-1822.481	-2104.238	281.7569	1.395738	3.310847	0.940882	0.0591177	2.528996
9060	-1819.606	-2100.865	281.2589	1.253071	3.922699	0.953746	0.0462545	2.785741
9066	-1818.156	-2098.554	280.3985	1.272868	3.922699	0.971138	0.0288616	3.289076
9072	-1828.505	-2108.827	280.3226	1.200765	1.929515	0.86646	0.13354	3.8917
9078	-1819.039	-2099.261	280.2213	1.075129	3.196981	0.801978	0.198022	3.665292
9084	-1816.828	-2098.51	281.682	1.546705	2.660684	0.944621	0.0553787	2.654181
9090	-1834.414	-2116.505	282.0912	1.392226	2.665341	0.942458	0.0575424	2.494741
9096	-1817.711	-2098.552	280.8405	1.213811	2.03694	0.78216	0.21784	3.548323
9102	-1829.84	-2110.163	280.3225	1.303148	2.998935	0.810579	0.189421	3.521728
9108	-1830.753	-2109.193	278.4394	1.18178	3.092692	0.759186	0.240814	4.642413
9114	-1818.674	-2099.849	281.1745	1.250866	2.434795	0.907616	0.0923843	3.204838
9120	-1820.969	-2099.999	279.0303	1.151546	3.312222	0.884108	0.115892	4.276842
9126	-1830.024	-2112.519	282.4948	1.536081	2.787507	0.868125	0.131875	2.109019
9132	-1824.248	-2106.662	282.4144	1.563013	3.856025	0.901466	0.0985336	1.863451
9138	-1825.53	-2108.662	283.1323	1.485395	2.05386	0.834183	0.165817	1.966719
9144	-1842.527	-2125.036	282.509	1.548502	3.230748	0.862231	0.137769	1.966719
9150	-1831.418	-2113.288	281.8698	1.552313	2.658925	0.972185	0.0278146	2.534856
9156	-1831.513	-2114.25	282.7363	1.495047	1.931309	0.98768	0.0123205	2.266957
9162	-1822.574	-2105.599	283.0259	1.665257	2.755636	0.826811	0.173189	1.669151
9168	-1818.328	-2101.074	282.7458	1.496531	2.755636	0.838381	0.161619	1.978568
9174	-1815.29	-2097.695	282.405	1.571298	3.392669	0.910532	0.0894684	1.978568
9180	-1824.086	-2106.914	282.8283	1.705007	2.771449	0.85078	0.14922	1.775277
9186	-1825.18	-2106.473	281.2936	1.341015	2.88783	0.968759	0.0312411	2.953175
9192	-1814.885	-2097.799	282.9141	1.50867	2.486794	0.880133	0.119867	1.942918
9198	-1812.919	-2095.09	282.1711	1.458574	3.088655	0.934145	0.0658554	2.284472
9204	-1812.205	-2095.06	282.8548	1.426938	2.432392	0.868213	0.131787	2.055042
9210	-1817.661	-2099.038	281.3779	1.426938	2.432392	0.833752	0.166248	2.979198
9216	-1826.284	-2108.869	282.5857	1.545654	2.596646	0.78213	0.21787	2.101126
9222	-1812.341	-2094.799	282.4579	1.733796	3.771881	0.8738	0.1262	1.735473
9228	-1820.27	-2101.762	281.4926	1.417733	3.781366	0.785245	0.214755	2.570945
9234	-1818.141	-2101.472	283.3317	1.651584	2.222534	0.818827	0.181173	1.648763
9240	-1827.838	-2110.486	282.6482	1.474562	2.461419	0.825614	0.174386	2.149814
9246	-1829.619	-2111.7	282.0816	1.357642	2.902091	0.815947	0.184053	2.455453
9252	-1816.422	-2097.07	280.6484	1.194488	2.902091	0.780455	0.219545	3.419218
9258	-1814.918	-2095.003	280.0854	1.182084	3.076051	0.676976	0.323024	3.710725
9264	-1840.557	-2120.48	279.9229	1.136442	1.878318	0.658224	0.341776	4.174359
9270	-1817.163	-2097.232	280.0697	1.097486	3.761417	0.799499	0.200501	3.616698
9276	-1815.151	-2094.485	279.334	1.143141	2.24467	0.910705	0.0892951	4.384981
9282	-1826.777	-2107.261	280.4842	1.051716	2.24467	0.910705	0.0892951	3.781587
9288	-1834.756	-2114.822	280.066	1.233803	3.54399	0.77843	0.22157	3.585471
9294	-1817.249	-2097.338	280.089	1.200002	3.600224	0.891731	0.108269	3.579701
9300	-1824.504	-2103.908	279.4041	1.362861	2.710651	0.736003	0.263997	4.089578
9306	-1829.51	-2109.156	279.6459	1.29232	3.58534	0.736003	0.263997	3.78582
9312	-1851.077	-2131.752	280.6744	1.288554	4.29474	0.944309	0.0556906	3.043098
9318	-1818.083	-2098.362	280.2797	1.300307	3.306083	0.843128	0.156872	3.475145
9324	-1837.397	-2117.884	280.487	1.072065	2.273861	0.868687	0.131313	3.759254
9330	-1826.771	-2107.857	281.0858	1.41192	3.460763	0.929153	0.0708468	2.895163
9336	-1822.753	-2104.858	282.105	1.500642	3.117041	0.959767	0.0402334	2.292345
9342	-1829.949	-2111.264	281.315	1.444396	3.511484	0.872951	0.127049	2.724406
9348	-1837.549	-2118.522	280.9732	1.435961	3.838696	0.905275	0.0947246	2.865814
9354	-1843.458	-2126.406	282.9477	1.430626	2.395541	0.696002	0.303998	2.00333
9360	-1833.223	-2115.337	282.1133	1.504408	3.75542	0.665791	0.334209	2.127084
9366	-1821.496	-2103.195	281.6997	1.652914	5.709326	0.885743	0.114257	1.918262
9372	-1809.253	-2089.896	280.6432	1.284492	3.226314	0.858094	0.141906	3.289726
9378	-1810.323	-2092.1	281.7774	1.284492	3.152955	0.858094	0.141906	2.624488
9384	-1824.438	-2105.843	281.405	1.523963	3.152955	0.867264	0.132736	2.706295
9390	-1824.094	-2104.848	280.7548	1.52671	3.979773	0.749727	0.250273	2.913713
9396	-1819.124	-2101.159	282.0358	1.270943	2.38853	0.829778	0.170222	2.687863
9402	-1825.228	-2105.923	280.6951	1.482279	3.994496	0.85452	0.14548	2.973447
9408	-1820.044	-2101.373	281.329	1.396321	3.147411	0.632843	0.367157	2.831952
9414	-1812.567	-2093.827	281.2597	1.396321	3.289905	0.910845	0.0891552	2.839291
9420	-1820.09	-2100.646	280.5565	1.176499	3.498	0.874889	0.125111	3.342367
9426	-1823.487	-2104.096	280.6091	1.223426	2.314702	0.874889	0.125111	3.588517
9432	-1818.976	-2099.534	280.5587	1.171097	2.891906	0.861003	0.138997	3.487895
9438	-1825.738	-2106.441	280.7026	1.171097	2.343154	0.81464	0.18536	3.555983
9444	-1827.073	-2107.016	279.9428	1.34433	3.7181	0.754731	0.245269	3.555983
9450	-1806.543	-2086.413	279.8699	1.287755	3.049665	0.872174	0.127826	3.780487
9456	-1817.887	-2098.288	280.4009	1.441857	2.546884	0.872174	0.127826	3.514608
9462	-1827.276	-2106.43	279.1532	1.14263	3.097097	0.933399	0.0666011	4.261387
9468	-1818.481	-2099.226	280.7452	1.303674	3.097097	0.834383	0.165617	3.249249
9474	-1822.789	-2104.795	282.0057	1.577799	2.786085	0.861869	0.138131	2.397045
9480	-1831.777	-2113.597	281.8207	1.372343	1.726811	0.812291	0.187709	2.988728
9486	-1843.705	-2125.244	281.5388	1.315572	3.003511	0.882419	0.117581	2.789946
9492	-1825.386	-2107.112	281.7258	1.315806	2.198682	0.912262	0.0877385	2.910151
9498	-1823.808	-2104.709	280.9011	1.373614	3.484721	0.859019	0.140981	3.023907
9504	-1827.663	-2107.66	279.997	1.31676	2.326341	0.874451	0.125549	3.884495
9510	-1819.88	-2099.681	279.8013	1.246651	4.564834	0.909605	0.0903955	3.533461
9516	-1810.022	-2090.93	280.908	1.467176	3.74812	0.909671	0.0903294	2.905601
9522	-1810.836	-2091.343	280.5073	1.306363	2.950336	0.783252	0.216748	3.424033
9528	-1810.924	-2091.882	280.9575	1.281681	3.066189	0.783252	0.216748	3.144109
9534	-1824.896	-2105.728	280.832	1.407111	3.066189	0.930466	0.0695342	3.144109
9540	-1814.227	-2093.971	279.7446	1.086397	2.466504	0.857405	0.142595	4.11963
9546	-1819.005	-2100.079	281.0745	1.271694	3.782629	0.791937	0.208063	2.915695
9552	-1825.718	-2105.961	280.2425	1.143118	2.422715	0.791937	0.208063	3.81485
9558	-1825.459	-2106.16	280.7014	1.22802	2.418439	0.872224	0.127776	3.501125
9564	-1816.773	-2097.596	280.8233	1.521671	3.173887	0.871313	0.128687	3.054563
9570	-1809.645	-2090.833	281.1882	1.291877	1.913295	0.831806	0.168194	3.342155
9576	-1804.992	-2086.226	281.2341	1.290374	2.411102	0.875303	0.124697	3.153107
9582	-1810.538	-2090.813	280.275	1.290374	2.475918	0.949719	0.0502814	3.695846
9588	-1807.858	-2088.561	280.7022	1.242413	3.137865	0.906292	0.0937084	3.30089
9594	-1814.979	-2095.522	280.5436	1.263944	2.964278	0.912905	0.0870947	3.424138
9600	-1806.506	-2089.074	282.5687	1.451057	1.968351	0.778573	0.221427	2.387608
9606	-1815.659	-2097.317	281.6584	1.601308	2.576709	0.817914	0.182086	2.65957
9612	-1815.475	-2097.285	281.8095	1.590712	3.522124	0.859053	0.140947	2.3221
9618	-1814.041	-2095.698	281.6572	1.541937	3.75951	0.859053	0.140947	2.394972
9624	-1813.66	-2094.642	280.9824	1.367338	3.751781	0.824466	0.175534	2.920184
9630	-1831.739	-2112.607	280.8673	1.220742	2.97261	0.774656	0.225344	3.257094
9636	-1823.8	-2104.553	280.7529	1.17726	2.926248	0.742594	0.257406	3.361866
9642	-1822.57	-2103.596	281.0266	1.15209	1.920588	0.937654	0.062346	3.515952
9648	-1813.85	-2094.409	280.5596	1.264928	2.034402	0.874257	0.125743	3.682527
9654	-1827.551	-2109.126	281.5745	1.298071	2.45925	0.939025	0.0609755	2.93035
9660	-1823.428	-2104.69	281.2619	1.423056	3.907216	0.803884	0.196116	2.683131
9666	-1812.598	-2094.685	282.0873	1.639895	2.588515	0.912311	0.0876891	2.364144
9672	-1808.963	-2090.361	281.3988	1.367038	2.724684	0.88517	0.11483	2.918186
9678	-1816.601	-2098.372	281.7718	1.354864	2.705127	0.760303	0.239697	2.704208
9684	-1823.725	-2103.738	280.0137	1.295656	3.827253	0.902182	0.0978182	3.520574
9690	-1830.703	-2109.19	278.4866	1.164455	3.324057	0.710273	0.289727	4.573436
9696	-1826.999	-2106.703	279.7038	1.026495	3.470318	0.869266	0.130734	3.92988
9702	-1829.237	-2108.671	279.4336	1.368319	3.28493	0.845684	0.154316	3.92988
9708	-1823.511	-2104.125	280.614	1.459168	3.379714	0.816516	0.183484	3.167971
9714	-1815.085	-2095.147	280.0615	1.217062	2.067406	0.988392	0.0116078	3.985555
9720	-1805.418	-2087.068	281.6499	1.25366	2.005108	0.902968	0.0970323	3.058709
9726	-1812.305	-2092.216	279.9117	1.186825	3.704123	0.842093	0.157907	3.668318
9732	-1811.486	-2093.112	281.6263	1.261278	2.332372	0.664201	0.335799	2.960172
9738	-1806.792	-2088.069	281.2766	1.420776	2.722079	0.832234	0.167766	2.960172
9744	-1807.161	-2089.669	282.5075	1.344597	2.070426	0.926273	0.0737272	2.455765
9750	-1804.771	-2086.065	281.2933	1.44186	3.68289	0.828329	0.171671	2.700687
9756	-1805.598	-2087.699	282.1007	1.79195	3.68289	0.910913	0.0890866	1.962218
9762	-1803.162	-2084.357	281.1958	1.594678	3.68289	0.878756	0.121244	2.666689
9768	-1807.346	-2086.933	279.587	1.074924	2.098326	0.87266	0.12734	4.32604
9774	-1820.104	-2100.15	280.0465	1.310295	3.146118	0.59256	0.40744	3.642308
9780	-1825.491	-2103.857	278.3665	1.24249	3.19236	0.941669	0.0583305	4.626402
9786	-1816.973	-2095.623	278.6497	0.9593012	3.19236	0.732761	0.267239	4.626402
9792	-1809.709	-2090.387	280.6777	1.140292	2.101513	0.853842	0.146158	3.664104
9798	-1809.837	-2090.156	280.3195	1.264879	3.462496	0.960724	0.0392756	3.437369
9804	-1817.917	-2097.929	280.0124	1.392923	3.268518	0.876744	0.123256	3.585573
9810	-1822.154	-2103.781	281.6276	1.394653	2.206103	0.922816	0.0771841	2.91941
9816	-1823.175	-2104.434	281.2587	1.443069	3.649514	0.760358	0.239642	2.728561
9822	-1826.539	-2108.038	281.4995	1.465968	2.978606	0.72076	0.27924	2.728561
9828	-1821.322	-2101.757	280.4352	1.2524	4.167244	0.471784	0.528216	3.231278
9834	-1821.276	-2100.381	279.1046	1.239052	2.927216	0.619911	0.380089	4.275021
9840	-1818.863	-2098.422	279.5588	1.154348	2.927216	0.90515	0.0948498	4.065126
9846	-1831.821	-2109.842	278.0211	1.126288	2.590243	0.934105	0.0658948	5.031235
9852	-1824.334	-2103.979	279.6446	1.177419	3.121837	0.880292	0.119708	3.956009
9858	-1818.544	-2098.144	279.5996	1.316017	3.256065	0.900557	0.0994431	3.871236
9864	-1810.286	-2091.782	281.4959	1.503275	3.477999	0.894727	0.105273	2.584454
9870	-1819.811	-2100.227	280.4165	1.142606	3.486536	0.779859	0.220141	3.446853
9876	-1819.013	-2098.954	279.9413	1.419456	3.760778	0.779859	0.220141	3.504212
9882	-1816.837	-2097.323	280.4852	1.419456	3.352741	0.704613	0.295387	3.273907
9888	-1819.647	-2100.017	280.3707	1.358952	3.828419	0.655679	0.344321	3.273907
9894	-1807.614	-2088.572	280.9571	1.411217	3.061088	0.821583	0.178417	3.068428
9900	-1813.166	-2091.789	278.6232	1.372449	2.885618	0.821558	0.178442	4.481697
9906	-1805.957	-2086.58	280.6225	1.339972	3.230191	0.789646	0.210354	3.268271
9912	-1826.901	-2107.907	281.0066	1.260544	3.215753	0.829683	0.170317	3.090972
9918	-1837.906	-2117.774	279.8674	1.227317	3.985961	0.93089	0.0691102	3.613732
9924	-1822.779	-2101.121	278.3412	1.097002	2.36081	0.910777	0.089223	4.932856
9930	-1831.627	-2112.552	280.925	1.163653	3.809192	0.887117	0.112883	3.064728
9936	-1831.245	-2111.7	280.455	1.412903	4.483428	0.943687	0.0563131	3.064728
9942	-1832.923	-2114.765	281.8423	1.541273	3.321178	0.823015	0.176985	2.381485
9948	-1819.065	-2099.239	280.1746	1.288356	2.856768	0.879986	0.120014	3.652028
9954	-1808.628	-2088.777	280.1488	1.213429	3.125875	0.815695	0.184305	3.644003
9960	-1811.6	-2091.847	280.2476	1.254594	2.79988	0.821643	0.178357	3.644003
9966	-1816.109	-2095.468	279.3597	1.068263	3.479495	0.880858	0.119142	4.100577
9972	-1813.009	-2091.406	278.3965	1.052119	2.285338	0.896261	0.103739	4.948934
9978	-1819.075	-2097.765	278.69	1.023567	3.789119	0.901502	0.0984981	4.441292
9984	-1817.63	-2096.206	278.5756	0.9853331	2.559103	0.924053	0.0759467	4.809432
9990	-1813.716	-2090.904	277.1877	1.147927	2.534301	0.921218	0.0787815	5.49466
9996	-1809.841	-2089.137	279.2956	1.087755	3.038778	0.95036	0.0496404	4.225532
10002	-1823.235	-2104.321	281.0852	1.379568	2.987962	0.928642	0.071358	3.02917
10008	-1831.525	-2111.498	279.9729	1.248787	2.609365	0.893776	0.106224	3.85658
10014	-1820.78	-2101.849	281.0692	1.233393	3.121521	0.873929	0.126071	3.09268
10020	-1820.135	-2101.118	280.9829	1.31973	3.121521	0.928246	0.071754	3.09268
10026	-1821.686	-2103.862	282.1761	1.377046	2.41288	0.784094	0.215906	2.52777
10032	-1834.914	-2115.903	280.9896	1.454628	3.452033	0.812599	0.187401	2.929464
10038	-1836.728	-2117.662	280.934	1.334634	3.452033	0.883677	0.116323	3.034933
10044	-1822.482	-2101.869	279.3873	1.094269	3.60178	0.72244	0.27756	4.044082
10050	-1838.124	-2117.235	279.1113	1.027953	1.932441	0.8824	0.1176	4.674516
10056	-1834.911	-2115.535	280.6245	1.080824	2.867153	0.89029	0.10971	3.508524
10062	-1840.323	-2119.012	278.6893	1.13077	3.020017	0.911168	0.0888319	4.547921
10068	-1821.371	-2101.059	279.6879	1.13553	3.211852	0.701036	0.298964	3.934221
10074	-1830.953	-2112.419	281.4661	1.275475	2.334094	0.951076	0.0489244	3.04723
10080	-1812.32	-2095.402	283.0824	1.457106	2.067304	0.829228	0.170772	2.013746
10086	-1827.278	-2109.39	282.1121	1.448146	1.842586	0.666072	0.333928	2.721079
10092	-1829.073	-2110.169	281.0956	1.384046	4.182668	0.781924	0.218076	2.752608
10098	-1836.637	-2117.244	280.6075	1.482386	3.419196	0.931075	0.0689248	3.149053
10104	-1821.365	-2102.163	280.798	1.381371	3.316932	0.917763	0.0822369	3.119362
10110	-1818.414	-2099.607	281.1924	1.323393	3.025135	0.84079	0.15921	2.989148
10116	-1818.947	-2098.284	279.3374	1.272967	2.837776	0.799839	0.200161	4.145965
10122	-1808.794	-2089.41	280.6158	1.323293	4.297667	0.846515	0.153485	3.05686
10128	-1806.933	-2088.34	281.4069	1.381219	4.030078	0.833885	0.166115	2.59376
10134	-1826.948	-2108.084	281.1358	1.281988	4.504568	0.895869	0.104131	2.728445
10140	-1828.261	-2109.947	281.6861	1.341224	2.494272	0.857615	0.142385	2.826211
10146	-1820.445	-2101.294	280.8489	1.423058	4.885772	0.67652	0.32348	2.748769
10152	-1814.873	-2095.695	280.8218	1.423058	2.908621	0.67652	0.32348	3.180619
10158	-1822.376	-2103.207	280.8313	1.356493	4.616985	0.900738	0.0992622	2.847852
10164	-1818.006	-2099.168	281.1626	1.319073	2.5994	0.76844	0.23156	3.123584
10170	-1822.154	-2102.167	280.0133	1.251325	2.5994	0.906307	0.0936925	3.834634
10176	-1830.274	-2111.954	281.6801	1.37073	2.639246	0.937696	0.0623036	2.7694
10182	-1834.574	-2116.521	281.9474	1.473284	3.537877	0.902275	0.097725	2.305302
10188	-1834.751	-2116.512	281.7607	1.376019	3.864992	0.766721	0.233279	2.411054
10194	-1826.876	-2107.835	280.9597	1.205693	3.864992	0.922214	0.077786	3.007207
10200	-1826.9	-2107.734	280.8348	1.330545	3.864992	0.922133	0.0778671	3.007207
10206	-1819.76	-2098.584	278.8234	1.059976	2.971149	0.886742	0.113258	4.524038
10212	-1817.096	-2097.112	280.015	1.140262	2.968313	0.871392	0.128608	3.801697
10218	-1825.646	-2105.731	280.0847	1.272751	4.500984	0.699589	0.300411	3.363808
10224	-1817.058	-2097.284	280.2264	1.238642	2.922247	0.940929	0.0590706	3.634231
10230	-1821.158	-2101.985	280.8266	1.252893	2.21602	0.895353	0.104647	3.475274
10236	-1815.532	-2096.584	281.0524	1.294754	2.30936	0.958507	0.0414931	3.289036
10242	-1818.442	-2099.103	280.6612	1.308316	3.422101	0.659035	0.340965	3.219759
10248	-1818.533	-2097.045	278.5118	1.109802	4.939073	0.80699	0.19301	4.288746
10254	-1821.656	-2100.206	278.5499	1.170859	3.9562	0.869373	0.130627	4.404718
10260	-1811.209	-2090.482	279.273	1.197855	2.191671	0.869373	0.130627	4.404718
10266	-1813.284	-2094.421	281.137	1.279619	2.276792	0.791582	0.208418	3.25817
10272	-1824.42	-2104.689	280.269	1.212467	3.723105	0.7964	0.2036	3.441525
10278	-1828.042	-2107.458	279.4166	1.202299	3.821384	0.842678	0.157322	3.92065
10284	-1830.636	-2109.885	279.2489	1.145739	2.71558	0.857667	0.142333	4.29966
10290	-1825.347	-2104.915	279.5676	1.055465	2.715864	0.896021	0.103979	4.170102
10296	-1822.916	-2104.235	281.3191	1.334915	3.530221	0.838369	0.161631	2.78453
10302	-1834.267	-2116.449	282.1815	1.269368	2.60348	0.91393	0.0860697	2.533249
10308	-1827.777	-2108.63	280.8532	1.10658	3.072568	0.842788	0.157212	3.307822
10314	-1828.654	-2110.03	281.3759	1.144669	2.593616	0.914088	0.0859118	3.102042
10320	-1816.704	-2098.493	281.7893	1.189508	1.764824	0.946733	0.0532672	3.102042
10326	-1822.029	-2103.236	281.2068	1.000748	2.408329	0.863077	0.136923	3.341238
10332	-1824.816	-2105.618	280.8026	1.27858	3.152032	0.863077	0.136923	3.216803
10338	-1833.81	-2114.82	281.0093	1.185764	2.352653	0.772368	0.227632	3.365296
10344	-1811.371	-2092.483	281.1121	1.264506	3.064249	0.85717	0.14283	3.062645
10350	-1803.163	-2084.715	281.5521	1.370719	2.851867	0.85717	0.14283	2.788245
10356	-1814.708	-2096.655	281.9476	1.490086	2.38076	0.873001	0.126999	2.609649
10362	-1809.973	-2091	281.0274	1.415502	2.717361	0.873001	0.126999	3.113762
10368	-1804.391	-2085.569	281.1778	1.11859	3.051202	0.910466	0.089534	3.113762
10374	-1811.417	-2092.977	281.5603	1.40947	2.647732	0.910466	0.089534	2.816349
10380	-1824.61	-2105.93	281.3198	1.326295	4.148788	0.770279	0.229721	2.657249
10386	-1841.26	-2122.081	280.821	1.2908	3.848103	0.755283	0.244717	3.042817
10392	-1837.987	-2118.588	280.6011	1.146281	3.848103	0.827371	0.172629	3.259401
10398	-1830.9	-2111.474	280.5745	1.283834	3.539294	0.827371	0.172629	3.259401
10404	-1819.098	-2099.291	280.1933	1.191422	3.460257	0.865419	0.134581	3.554322
10410	-1823.138	-2103.956	280.8186	1.239092	2.124259	0.75853	0.24147	3.51741
10416	-1819.113	-2100.572	281.4586	1.464923	3.227415	0.747586	0.252414	2.691205
10422	-1819.12	-2101.405	282.2846	1.283321	1.924506	0.878624	0.121376	2.685467
10428	-1813.929	-2094.579	280.6495	1.232694	3.050988	0.818446	0.181554	3.358784
10434	-1812.068	-2093.026	280.9576	1.320449	3.785031	0.876626	0.123374	2.956298
10440	-1821.186	-2101.868	280.6821	1.320449	3.269296	0.812274	0.187726	3.235413
10446	-1809.731	-2090.914	281.1828	1.450687	3.083432	0.856574	0.143426	2.903524
10452	-1808.405	-2089.442	281.0373	1.450687	2.871413	0.916543	0.0834574	3.04549
10458	-1824.909	-2105.105	280.1955	1.179396	2.724913	0.852065	0.147935	3.737284
10464	-1829.804	-2110.091	280.2865	1.167232	2.413421	0.865068	0.134932	3.778316
10470	-1822.616	-2099.935	277.3188	1.026254	3.094877	0.646552	0.353448	5.351078
10476	-1828.674	-2107.301	278.6267	1.045406	2.836611	0.737656	0.262344	4.675463
10482	-1824.545	-2105.569	281.0235	1.12093	2.395265	0.817004	0.182996	3.382236
10488	-1827.658	-2108.224	280.5665	1.273161	3.057135	0.90233	0.0976705	3.382236
10494	-1838.313	-2118.38	280.0678	1.287557	3.454039	0.859102	0.140898	3.572774
10500	-1852.281	-2132.825	280.5438	1.329565	3.454039	0.863758	0.136242	3.269415
10506	-1827.057	-2108.156	281.0996	1.345882	3.231529	0.863758	0.136242	2.980441
10512	-1828.396	-2108.219	279.8227	1.311978	3.801727	0.818558	0.181442	3.627304
10518	-1823.52	-2102.822	279.3025	1.189129	3.266234	0.855149	0.144851	4.111291
10524	-1831.263	-2110.256	278.9934	1.038139	4.06145	0.971967	0.0280325	4.208892
10530	-1820.139	-2098.866	278.7269	1.101381	3.206957	0.851738	0.148262	4.499931
10536	-1820.151	-2099.77	279.6196	1.149577	3.10317	0.843108	0.156892	3.990624
10542	-1823.529	-2103.606	280.077	1.20596	2.881934	0.939108	0.0608923	3.749689
10548	-1819.281	-2097.859	278.5786	1.145319	2.916921	0.795006	0.204994	4.626639
10554	-1818.451	-2097.115	278.6646	1.062706	2.734062	0.91382	0.0861804	4.670463
10560	-1815.637	-2095.809	280.1716	1.208853	2.863185	0.809025	0.190975	3.698141
10566	-1817.8	-2099.345	281.5452	1.315719	3.354946	0.916372	0.0836282	2.698716
10572	-1825.681	-2107.564	281.8827	1.367063	2.812092	0.832828	0.167172	2.59839
10578	-1828.564	-2109.44	280.8764	1.360077	3.262738	0.602809	0.397191	3.098086
10584	-1831.76	-2112.314	280.5541	1.333865	4.767603	0.542278	0.457722	3.001855
10590	-1838.185	-2119.908	281.7229	1.461137	1.912823	0.936691	0.063309	2.923367
10596	-1840.824	-2122.833	282.0087	1.194965	1.912823	0.908089	0.091911	2.911507
10602	-1825.77	-2107.345	281.5745	1.231117	2.274347	0.684658	0.315342	3.027663
10608	-1815.082	-2096.52	281.4376	1.477601	2.98927	0.844531	0.155469	2.756505
10614	-1818.19	-2100.08	281.8903	1.348802	2.462769	0.764149	0.235851	2.706437
10620	-1816.804	-2096.83	280.0256	1.163724	3.800362	0.730618	0.269382	3.595865
10626	-1810.473	-2090.298	279.8253	1.067242	3.30316	0.859756	0.140244	3.873794
10632	-1818.998	-2099.131	280.1328	1.25073	3.20982	0.850097	0.149903	3.611816
10638	-1821.709	-2102.832	281.123	1.230549	2.14146	0.850097	0.149903	3.338603
10644	-1819.126	-2099.774	280.6477	1.230549	2.14146	0.878535	0.121465	3.616203
10650	-1809.662	-2090.139	280.4771	1.115928	2.625005	0.809745	0.190255	3.638078
10656	-1803.306	-2084.737	281.4309	1.181403	2.000159	0.963216	0.0367845	3.233617
10662	-1801.331	-2082.57	281.2394	1.315444	2.504169	0.963216	0.0367845	3.107422
10668	-1812.85	-2092.81	279.9593	1.392712	4.339518	0.862317	0.137683	3.396409
10674	-1808.769	-2089.494	280.7253	1.343233	3.572171	0.924426	0.0755743	3.127577
10680	-1821.295	-2102.412	281.1171	1.267973	2.726225	0.967145	0.0328551	3.145739
10686	-1800.903	-2080.733	279.8301	1.205148	4.91208	0.90824	0.0917595	3.481491
10692	-1805.292	-2086.878	281.5856	1.23927	2.651516	0.890725	0.109275	2.90305
10698	-1807.493	-2088.553	281.0601	1.282977	2.559115	0.939677	0.0603227	3.217302
10704	-1810.781	-2091.173	280.3925	1.260995	1.746378	0.982935	0.0170654	3.88295
10710	-1811.035	-2091.345	280.3096	1.198934	2.903033	0.907305	0.0926952	3.613877
10716	-1820.739	-2101.254	280.5149	1.085156	1.85415	0.918163	0.081837	3.874189
10722	-1817.827	-2097.658	279.8312	1.170551	2.923811	0.88348	0.11652	3.900916
10728	-1820.199	-2100.237	280.0383	1.180066	2.385134	0.917013	0.0829872	3.921826
10734	-1824.634	-2103.426	278.7913	1.158262	2.954121	0.922542	0.0774578	4.490889
10740	-1822.346	-2102.687	280.3404	1.140269	2.727097	0.87672	0.12328	3.675608
10746	-1808.646	-2090.07	281.4238	1.254889	2.507196	0.972326	0.0276738	3.032576
10752	-1813.478	-2094.209	280.7308	1.143489	1.900873	0.892555	0.107445	3.699624
10758	-1810.964	-2090.521	279.5563	1.181796	2.806781	0.892555	0.107445	4.08117
10764	-1816.832	-2096.067	279.235	0.9255149	1.560689	0.941448	0.0585516	4.798576
10770	-1816.315	-2096.105	279.7895	0.8831234	1.156594	0.920866	0.0791343	4.692145
10776	-1815.897	-2098.369	282.472	1.303594	1.882306	0.862726	0.137274	2.573102
10782	-1817.673	-2099.496	281.8229	1.243629	1.576407	0.865318	0.134682	3.125604
10788	-1821.869	-2102.801	280.932	1.216871	2.11986	0.871204	0.128796	3.465644
10794	-1817.542	-2099.354	281.8122	1.262695	1.879796	0.775032	0.224968	3.001182
10800	-1819.605	-2101.64	282.035	1.426337	2.744813	0.847968	0.152032	2.485608
10806	-1820.093	-2102.014	281.921	1.461293	2.976939	0.873045	0.126955	2.470939
10812	-1832.325	-2112.733	280.4083	1.379209	4.002919	0.80488	0.19512	3.204336
10818	-1836.37	-2117.226	280.8562	1.251208	3.640323	0.80488	0.19512	3.089554
10824	-1835.887	-2115.64	279.753	1.314908	2.729068	0.9277	0.0723002	3.912796
10830	-1834.297	-2115.737	281.4395	1.382282	2.729068	0.921555	0.0784455	2.883189
10836	-1833.099	-2113.297	280.1977	1.153983	2.782385	0.922361	0.0776388	3.735594
10842	-1826.456	-2106.911	280.4545	1.267763	3.209126	0.890909	0.109091	3.41451
10848	-1826.198	-2106.103	279.9045	1.194012	2.154747	0.90551	0.0944903	4.060309
10854	-1817.694	-2097.966	280.2714	1.272408	2.325754	0.783974	0.216026	3.752341
10860	-1818.302	-2099.94	281.6381	1.326788	2.219597	0.870563	0.129437	2.949567
10866	-1822.15	-2103.164	281.0144	1.303382	2.24603	0.959835	0.0401654	3.326113
10872	-1828.028	-2106.819	278.7913	1.117001	2.24603	0.844669	0.155331	4.704158
10878	-1833.041	-2113.082	280.0419	1.110822	3.233588	0.815288	0.184712	3.739912
10884	-1824.267	-2104.053	279.7863	1.110715	2.584513	0.924167	0.0758331	4.049238
10890	-1806.15	-2085.633	279.4827	1.037818	2.584513	0.836229	0.163771	4.263251
10896	-1804.864	-2085.322	280.4576	1.237357	3.502687	0.908453	0.0915469	3.363637
10902	-1828.183	-2109.348	281.1644	1.18526	1.563353	0.71898	0.28102	3.55275
10908	-1815.72	-2096.014	280.2937	1.149374	1.797447	0.978509	0.0214914	3.98461
10914	-1813.618	-2092.338	278.7196	1.003243	2.4891	0.905378	0.0946217	4.738042
10920	-1817.657	-2095.162	277.5051	1.063846	2.391619	0.892313	0.107687	5.405292
10926	-1809.77	-2089.587	279.8174	1.197572	3.49739	0.862001	0.137999	3.760404
10932	-1818.86	-2099.127	280.267	1.241964	3.651936	0.890198	0.109802	3.440434
10938	-1820.833	-2101.427	280.5941	1.369924	3.843555	0.865353	0.134647	3.131932
10944	-1826.246	-2108.941	282.6953	1.588745	2.349608	0.975516	0.0244837	2.08136
10950	-1821.285	-2104.575	283.2898	1.752906	2.148463	0.986007	0.0139933	1.635185
10956	-1827.381	-2110.287	282.906	1.831424	4.198179	0.770219	0.229781	1.21039
10962	-1829.023	-2111.658	282.6349	1.580034	2.595682	0.893899	0.106101	2.046395
10968	-1824.142	-2105.225	281.0829	1.177556	2.491096	0.86758	0.13242	3.285747
10974	-1819.73	-2101.539	281.8095	1.334403	2.615179	0.948254	0.051746	2.719405
10980	-1825.114	-2107.479	282.3659	1.582712	2.707533	0.817401	0.182599	2.186412
10986	-1828.244	-2110.243	281.9991	1.582712	3.898583	0.932204	0.0677965	2.117916
10992	-1826.934	-2107.701	280.7667	1.321401	3.44717	0.914023	0.0859771	3.143775
10998	-1833.962	-2114.187	280.2247	1.298408	2.284071	0.980881	0.0191193	3.776874
11004	-1832.715	-2113.182	280.4669	1.186823	2.515116	0.90821	0.0917901	3.633497
11010	-1829.306	-2110.453	281.1469	1.591303	4.779354	0.770756	0.229244	2.479394
11016	-1835.297	-2116.721	281.4239	1.618551	4.915464	0.862481	0.137519	2.261778
11022	-1818.764	-2101.214	282.45	1.650303	3.663099	0.758559	0.241441	1.826019
11028	-1827.833	-2108.29	280.4574	1.418268	5.126661	0.849722	0.150278	2.948145
11034	-1811.173	-2092.267	281.0936	1.515041	4.677387	0.786918	0.213082	2.578828
11040	-1807.109	-2088.22	281.1104	1.586251	4.387854	0.786918	0.213082	2.578828
11046	-1814.627	-2096.379	281.7526	1.462925	3.613238	0.750379	0.249621	2.417799
11052	-1805.181	-2086.981	281.7998	1.392674	2.508565	0.824239	0.175761	2.721166
11058	-1826.78	-2107.701	280.9212	1.305498	2.197235	0.801433	0.198567	3.395053
11064	-1815.484	-2094.825	279.3416	1.208889	3.210758	0.930845	0.0691551	4.090385
11070	-1813.948	-2094.83	280.8818	1.325336	2.896998	0.840583	0.159417	3.205986
11076	-1810.727	-2092.568	281.8411	1.325336	2.309011	0.822469	0.177531	2.798807
11082	-1812.876	-2093.795	280.9187	1.519737	3.947797	0.725211	0.274789	2.82523
11088	-1815.757	-2094.997	279.2406	1.146994	2.380824	0.798579	0.201421	4.39534
11094	-1829.448	-2108.984	279.5359	1.147918	3.584462	0.645672	0.354328	3.932123
11100	-1827.177	-2107.822	280.6452	1.23998	3.076292	0.879214	0.120786	3.350819
11106	-1836.964	-2117.567	280.6031	1.504975	3.076292	0.71337	0.28663	3.219358
11112	-1836.799	-2117.844	281.0455	1.432265	3.781956	0.650072	0.349928	2.83625
11118	-1823.636	-2105.107	281.4711	1.596743	3.539344	0.834164	0.165836	2.527462
11124	-1826.91	-2108.577	281.6667	1.460168	3.539344	0.929273	0.0707267	2.490633
11130	-1821.004	-2102.83	281.8257	1.491028	5.152207	0.977917	0.0220829	2.04
11136	-1809.803	-2091.162	281.3586	1.40135	4.804113	0.755368	0.244632	2.461286
11142	-1796.411	-2078.56	282.1489	1.57755	3.669154	0.818257	0.181743	2.075963
11148	-1791.809	-2072.414	280.6047	1.430417	4.267143	0.818257	0.181743	3.005168
11154	-1806.795	-2088.64	281.8447	1.504466	3.304596	0.843424	0.156576	2.4073
11160	-1803.45	-2082.845	279.3954	1.231476	3.304596	0.867538	0.132462	4.025559
11166	-1805.248	-2085.539	280.2902	1.202169	2.48656	0.862393	0.137607	3.734977
11172	-1810.387	-2089.377	278.9894	1.252551	3.0815	0.629756	0.370244	4.295549
11178	-1817.822	-2096.028	278.2062	1.098184	3.192186	0.514958	0.485042	4.796819
11184	-1811.984	-2092.886	280.902	1.341666	3.363311	0.616382	0.383618	3.070239
11190	-1815.194	-2096.175	280.9802	1.483818	3.363311	0.614334	0.385666	2.938047
11196	-1817.871	-2098.842	280.9702	1.555605	3.368272	0.614334	0.385666	2.89959
11202	-1814.262	-2095.547	281.2851	1.373008	3.368272	0.890466	0.109534	2.819424
11208	-1826.969	-2107.794	280.8255	1.365061	3.368272	0.93916	0.06084	3.100756
11214	-1825.806	-2106.514	280.7076	1.368259	4.085068	0.781521	0.218479	3.016192
11220	-1830.629	-2111.651	281.0218	1.418839	3.462257	0.940819	0.0591812	2.929288
11226	-1841.033	-2121.589	280.5564	1.418839	4.609425	0.853699	0.146301	2.977523
11232	-1838.533	-2118.21	279.6763	1.238679	2.868697	0.918961	0.0810393	3.964431
11238	-1835.42	-2115.152	279.7315	1.241725	3.570288	0.899548	0.100452	3.768844
11244	-1837.504	-2117.318	279.8137	1.314642	2.309726	0.949183	0.0508172	3.995658
11250	-1817.702	-2097.847	280.1449	1.078272	2.187195	0.944021	0.0559791	3.978954
11256	-1810.651	-2090.137	279.4857	1.125009	2.187195	0.938836	0.0611643	4.327127
11262	-1826.902	-2106.001	279.0994	1.228601	2.755188	0.922626	0.0773739	4.327127
11268	-1817.309	-2096.782	279.4734	1.23547	4.476996	0.880776	0.119224	3.745546
11274	-1811.449	-2090.953	279.5031	1.085377	2.526179	0.875717	0.124283	4.240713
11280	-1814.262	-2094.362	280.1002	1.147185	2.947324	0.831231	0.168769	3.753846
11286	-1802.958	-2083.384	280.4258	1.195697	2.993308	0.831231	0.168769	3.525576
11292	-1820.745	-2099.611	278.8661	1.225419	4.288326	0.97601	0.02399	4.132888
11298	-1805.997	-2085.802	279.8053	1.143691	3.282384	0.865494	0.134506	3.846038
11304	-1801.256	-2082.293	281.037	1.412856	3.56643	0.645972	0.354028	2.900246
11310	-1808.761	-2090.113	281.3518	1.611966	4.751083	0.938593	0.0614074	2.342314
11316	-1808.52	-2089.423	280.9027	1.418174	3.110532	0.832987	0.167013	3.084491
11322	-1819.218	-2099.802	280.584	1.508449	3.637296	0.775898	0.224102	3.099091
11328	-1800.95	-2081.399	280.4492	1.460275	4.169462	0.842026	0.157974	3.099091
11334	-1807.47	-2088.087	280.6173	1.45791	4.239487	0.842026	0.157974	2.986427
11340	-1802.618	-2084.325	281.7069	1.605495	5.965727	0.862847	0.137153	1.902635
11346	-1805.557	-2085.907	280.3504	1.248725	3.877058	0.85803	0.14197	3.340854
11352	-1814.516	-2095.218	280.7028	1.31898	3.692921	0.899987	0.100013	3.129203
11358	-1815.016	-2096.015	280.9994	1.491179	6.040776	0.899987	0.100013	2.426004
11364	-1811.522	-2091.754	280.2315	1.410745	3.963532	0.844274	0.155726	3.298045
11370	-1819.497	-2099.443	279.946	1.455767	4.789714	0.843017	0.156983	3.287133
11376	-1824.35	-2103.659	279.309	1.325732	5.616828	0.764088	0.235912	3.604241
11382	-1828.305	-2109.66	281.3548	1.490357	2.649134	0.921513	0.0784872	2.891465
11388	-1835.516	-2116.471	280.955	1.437432	3.765364	0.819698	0.180302	2.891465
11394	-1823.736	-2104.001	280.2651	1.433926	3.570759	0.811236	0.188764	3.346363
11400	-1827.943	-2109.58	281.6376	1.407521	3.570759	0.853661	0.146339	2.534396
11406	-1844.338	-2124.754	280.4162	1.364358	4.06513	0.853661	0.146339	3.196167
11412	-1829.35	-2110.11	280.7597	1.430727	3.151635	0.785979	0.214021	3.152077
11418	-1838.161	-2119.563	281.4015	1.586339	3.567203	0.91626	0.0837398	2.570817
11424	-1839.536	-2122.254	282.7173	1.647368	2.189205	0.91626	0.0837398	2.084384
11430	-1809.616	-2090.431	280.8157	1.336946	2.938537	0.879326	0.120674	3.22757
11436	-1814.727	-2094.521	279.7938	1.271607	3.727452	0.832694	0.167306	3.682638
11442	-1835.137	-2115.147	280.0099	1.255644	3.199475	0.929053	0.0709466	3.682638
11448	-1834.528	-2115.626	281.0981	1.068221	3.373181	0.934583	0.0654167	3.114094
11454	-1826.208	-2107.135	280.9268	1.360695	2.297491	0.920879	0.0791209	3.327834
11460	-1819.439	-2099.479	280.0397	1.177829	4.199779	0.927019	0.0729809	3.501143
11466	-1804.301	-2086.319	282.0185	1.498996	3.64211	0.927019	0.0729809	2.218606
11472	-1802.173	-2083.533	281.3597	1.437169	4.580573	0.772021	0.227979	2.479568
11478	-1811.35	-2092.697	281.3477	1.66304	4.656846	0.844507	0.155493	2.330128
11484	-1810.351	-2092.893	282.5426	1.745812	3.448539	0.8784	0.1216	1.750635
11490	-1826.526	-2108.113	281.5873	1.316276	4.452318	0.947636	0.0523636	2.437088
11496	-1822.47	-2104.607	282.1371	1.442875	2.971566	0.865191	0.134809	2.347667
11502	-1839.359	-2121.269	281.9104	1.493335	2.886744	0.85844	0.14156	2.481935
11508	-1831.004	-2112.088	281.0841	1.323031	3.105361	0.920979	0.0790214	3.034181
11514	-1836.714	-2117.19	280.4754	1.456253	3.219059	0.949491	0.0505087	3.289095
11520	-1825.12	-2105.859	280.739	1.231565	2.958952	0.95446	0.0455401	3.329785
11526	-1812.734	-2092.8	280.066	1.256922	4.215865	0.77717	0.22283	3.436527
11532	-1812.498	-2091.942	279.444	1.201417	2.2834	0.861806	0.138194	4.278197
11538	-1812.531	-2093.256	280.7244	1.201417	2.483286	0.861806	0.138194	3.484334
11544	-1815.063	-2096.862	281.7986	1.475736	2.554989	0.872351	0.127649	2.657034
11550	-1814.651	-2097.972	283.3215	1.598918	2.706151	0.902848	0.0971521	1.51854
11556	-1821.907	-2105.358	283.451	1.840381	2.063622	0.780178	0.219822	1.487392
11562	-1825.036	-2108.524	283.4879	1.840381	2.617652	0.780178	0.219822	1.229952
11568	-1821.8	-2104.91	283.1099	1.870515	3.717033	0.8317	0.1683	1.141279
11574	-1825.129	-2109.04	283.9113	1.820209	2.353108	0.856267	0.143733	0.9802258
11580	-1823.999	-2107.586	283.5869	1.888664	2.723198	0.856267	0.143733	1.054894
11586	-1814.188	-2097.773	283.5856	1.868357	2.44755	0.797935	0.202065	1.193414
11592	-1822.552	-2105.862	283.3095	1.620925	1.787154	0.762936	0.237064	1.864471
11598	-1815.709	-2098.486	282.7771	1.553562	1.624502	0.836472	0.163528	2.329826
11604	-1820.126	-2100.706	280.5796	1.395177	4.193612	0.858771	0.141229	3.055464
11610	-1818.58	-2099.47	280.8903	1.305834	2.967744	0.854961	0.145039	3.194338
11616	-1830.735	-2111.155	280.4204	1.202435	3.711261	0.876243	0.123757	3.361146
11622	-1808.572	-2089.245	280.6732	1.221581	2.672912	0.879381	0.120619	3.44929
11628	-1821.983	-2100.13	278.1469	1.134549	2.752045	0.839341	0.160659	4.914758
11634	-1827.147	-2105.401	278.2539	1.007138	3.200388	0.773655	0.226345	4.81915
11640	-1821.119	-2099.394	278.2755	0.9656957	3.250071	0.926251	0.0737492	4.81915
11646	-1813.462	-2091.67	278.2082	1.03298	3.250071	0.926251	0.0737492	4.81915
11652	-1812.7	-2090.956	278.2563	1.066471	3.050332	0.923444	0.0765557	4.81915
11658	-1820.035	-2098.776	278.7419	1.081694	2.643274	0.747285	0.252715	4.640095
11664	-1816.451	-2095.052	278.6009	1.213334	2.5506	0.815289	0.184711	4.670101
11670	-1822.72	-2101.901	279.1804	1.124335	2.724934	0.843631	0.156369	4.348041
11676	-1829.668	-2107.095	277.4273	0.9672109	2.479492	0.812702	0.187298	5.477082
11682	-1832.697	-2109.63	276.9323	0.9602798	3.291764	0.816885	0.183115	5.556375
11688	-1820.669	-2099.356	278.6867	1.249211	3.058453	0.816885	0.183115	4.473671
11694	-1806.956	-2085.832	278.8766	1.065299	3.044176	0.798882	0.201118	4.473671
11700	-1819.359	-2097.594	278.2355	1.050672	2.932241	0.810474	0.189526	4.867611
11706	-1816.069	-2094.472	278.4034	1.019213	4.406859	0.833131	0.166869	4.490177
11712	-1822.517	-2103.213	280.6962	1.252825	2.75253	0.767197	0.232803	3.396078
11718	-1813.779	-2093.997	280.2176	1.411062	3.577666	0.694418	0.305582	3.386223
11724	-1811.78	-2092.838	281.0584	1.334432	4.53775	0.694418	0.305582	2.737507
11730	-1826.476	-2107.553	281.0774	1.318489	4.320009	0.89127	0.10873	2.776872
11736	-1812.249	-2092.736	280.4867	1.270469	3.207401	0.89127	0.10873	3.394479
11742	-1821.297	-2100.97	279.6729	1.109862	2.631262	0.627474	0.372526	4.101669
11748	-1832.563	-2112.161	279.5986	1.041873	2.631262	0.880334	0.119666	4.182616
11754	-1819.927	-2100.687	280.7604	1.10564	2.631262	0.985604	0.0143959	3.477499
11760	-1849.438	-2129.657	280.2195	1.205907	2.393733	0.882482	0.117518	3.800422
11766	-1824.553	-2105.916	281.3633	1.205907	2.273843	0.862672	0.137328	3.168763
11772	-1824.816	-2104.132	279.3153	1.026964	2.98048	0.771456	0.228544	4.262875
11778	-1829.396	-2108.331	278.9348	1.193053	3.318402	0.771456	0.228544	4.306033
11784	-1798.163	-2078.942	280.7797	1.230292	2.825384	0.898089	0.101911	3.340997
11790	-1810.954	-2091.403	280.4488	1.150375	2.825384	0.845803	0.154197	3.581127
11796	-1824.168	-2104.267	280.0988	1.255354	2.434176	0.812394	0.187606	3.829661
11802	-1823.731	-2104.168	280.4372	1.179676	2.695742	0.804192	0.195808	3.605013
11808	-1829.61	-2109.544	279.9336	0.9721924	3.694053	0.761245	0.238755	3.781701
11814	-1822.217	-2102.894	280.6767	0.9528136	2.481325	0.761245	0.238755	3.657175
11820	-1826.143	-2105.131	278.9887	1.104286	4.446094	0.761245	0.238755	4.103911
11826	-1817.978	-2097.138	279.1607	1.102361	3.272875	0.73384	0.26616	4.239633
11832	-1811.825	-2091.582	279.7564	1.064804	2.086677	0.949199	0.0508008	4.239633
11838	-1808.939	-2087.959	279.0204	1.104084	2.561969	0.874209	0.125791	4.492898
11844	-1819.05	-2096.886	277.8358	0.9801205	2.402385	0.942253	0.0577467	5.266018
11850	-1829.411	-2108.831	279.4209	1.508673	3.131827	0.696364	0.303636	3.892028
11856	-1811.358	-2091.07	279.7119	1.243295	3.677135	0.721053	0.278947	3.756716
11862	-1817.461	-2097.306	279.8452	1.15401	3.75716	0.803229	0.196771	3.714799
11868	-1819.534	-2099.391	279.8569	1.297736	3.338646	0.881172	0.118828	3.714799
11874	-1843.42	-2122.75	279.3295	1.015661	3.338646	0.780241	0.219759	4.178342
11880	-1842.672	-2121.877	279.2047	1.321136	3.338646	0.900672	0.0993282	4.075579
11886	-1820.051	-2100.28	280.2284	1.272168	3.876764	0.844494	0.155506	3.39876
11892	-1822.388	-2101.321	278.9334	1.179336	4.900076	0.49991	0.50009	4.015896
11898	-1822.846	-2102.512	279.666	1.340704	3.462889	0.49991	0.50009	3.772668
11904	-1818.081	-2098.882	280.8013	1.234126	2.656847	0.807572	0.192428	3.371292
11910	-1828.168	-2108.592	280.424	1.245806	2.116851	0.9144	0.0856001	3.744772
11916	-1827.881	-2106.516	278.6349	1.20324	2.872998	0.738599	0.261401	4.573352
11922	-1817.625	-2096.595	278.9701	1.1496	2.617887	0.786606	0.213394	4.480575
11928	-1803.323	-2082.089	278.7657	1.10716	2.041678	0.896306	0.103694	4.787425
11934	-1814.165	-2092.186	278.021	1.203588	2.877114	0.875031	0.124969	4.915258
11940	-1810.687	-2090.631	279.9442	1.350231	2.836293	0.884002	0.115998	3.754742
11946	-1822.193	-2102.801	280.6082	1.18713	3.378874	0.894933	0.105067	3.332358
11952	-1821.565	-2103.103	281.5373	1.279346	2.378043	0.942637	0.0573627	2.988669
11958	-1813.723	-2094.052	280.3294	1.209098	3.592421	0.876038	0.123962	3.435857
11964	-1823.286	-2104.307	281.0214	1.380161	2.472899	0.876038	0.123962	3.207672
11970	-1829.688	-2110.714	281.0261	1.385137	3.825041	0.737062	0.262938	2.867441
11976	-1818.62	-2099.202	280.5817	1.419196	3.542095	0.933991	0.0660087	3.174384
11982	-1811.806	-2092.485	280.6787	1.309995	3.575107	0.902928	0.0970718	3.174384
11988	-1817.985	-2098.656	280.6714	1.259054	3.103956	0.916087	0.083913	3.317426
11994	-1814.222	-2093.844	279.6214	1.153873	3.103956	0.833045	0.166955	3.98693
12000	-1816.548	-2096.27	279.7222	1.237419	2.683037	0.808161	0.191839	3.98693
12006	-1831.534	-2111.727	280.193	1.336428	3.119319	0.961239	0.0387613	3.548466
12012	-1821.013	-2103.444	282.4313	1.547152	2.211991	0.78553	0.21447	2.326168
12018	-1814.862	-2096.876	282.0136	1.457725	2.189948	0.795358	0.204642	2.651052
12024	-1811.728	-2091.838	280.1101	1.499813	3.988075	0.850201	0.149799	3.312202
12030	-1811.167	-2091.531	280.3638	1.367573	3.66369	0.750902	0.249098	3.307374
12036	-1813.828	-2094.136	280.3075	1.507099	3.653703	0.735672	0.264328	3.260426
12042	-1814.591	-2094.949	280.3572	1.390736	3.813956	0.800037	0.199963	3.266074
12048	-1820.856	-2100.336	279.4809	1.217922	2.97445	0.850416	0.149584	4.061672
12054	-1823.611	-2104.844	281.2336	1.470889	2.97445	0.919693	0.0803073	2.888433
12060	-1809.978	-2090.678	280.6996	1.340309	3.526976	0.917077	0.0829226	3.154536
12066	-1820.643	-2100.211	279.5679	1.388718	3.526976	0.917077	0.0829226	3.787661
12072	-1834.513	-2116.01	281.4978	1.303125	3.514453	0.757339	0.242661	2.698254
12078	-1828.981	-2110.491	281.51	1.509642	2.628691	0.632377	0.367623	2.791411
12084	-1824.974	-2106.144	281.1703	1.533185	4.37954	0.970921	0.0290786	2.576181
12090	-1813.401	-2094.889	281.488	1.55555	3.995477	0.812343	0.187657	2.441691
12096	-1818.513	-2099.997	281.4842	1.55555	3.482677	0.918908	0.0810922	2.558163
12102	-1820.444	-2101.463	281.0184	1.520346	3.200222	0.815885	0.184115	2.931843
12108	-1826.084	-2106.378	280.2944	0.9578795	1.918559	0.829319	0.170681	4.050556
12114	-1828.965	-2108.421	279.4565	0.9960567	3.65023	0.829319	0.170681	4.050556
12120	-1827.122	-2105.744	278.6222	1.126541	3.31368	0.89161	0.10839	4.520854
12126	-1816.694	-2095.922	279.2283	1.126541	2.44459	0.832134	0.167866	4.395598
12132	-1809.682	-2090.845	281.1633	1.425426	3.262558	0.916654	0.0833464	2.886603
12138	-1811.954	-2093.897	281.943	1.559869	2.640086	0.84649	0.15351	2.489978
12144	-1821.837	-2104.087	282.2492	1.674487	3.293567	0.719571	0.280429	2.039281
12150	-1828.773	-2110.09	281.3171	1.589405	4.820718	0.663983	0.336017	2.365814
12156	-1828.353	-2109.477	281.1234	1.366945	4.160248	0.776524	0.223476	2.750509
12162	-1837.556	-2116.909	279.3525	1.274393	3.518649	0.880446	0.119554	3.978668
12168	-1842.829	-2123.018	280.1892	1.23	2.831048	0.943942	0.0560583	3.684
12174	-1843.397	-2125.383	281.9863	1.36622	2.604673	0.87853	0.12147	2.594021
12180	-1830.283	-2111.099	280.8166	1.333775	3.165166	0.875842	0.124158	3.172625
12186	-1827.851	-2108.541	280.6902	1.376386	3.604896	0.815452	0.184548	3.121578
12192	-1841.978	-2123.257	281.2786	1.308883	2.922476	0.867514	0.132486	2.972469
12198	-1835.175	-2114.78	279.605	1.38291	2.937656	0.653203	0.346797	3.905438
12204	-1839.542	-2119.754	280.2127	1.238732	3.12575	0.923182	0.0768176	3.592264
12210	-1822.619	-2103.049	280.4307	1.013789	1.73628	0.876849	0.123151	4.006378
12216	-1834.084	-2113.402	279.3185	1.175451	2.535367	0.876849	0.123151	4.291721
12222	-1830.793	-2110.895	280.1017	1.128615	2.61356	0.942949	0.0570515	3.850497
12228	-1826.6	-2106.873	280.2729	1.09845	4.194827	0.942949	0.0570515	3.412162
12234	-1814.708	-2095.764	281.056	1.30477	2.984581	0.95614	0.0438602	3.092193
12240	-1815.235	-2097.085	281.8505	1.25775	1.883607	0.873543	0.126457	2.979709
12246	-1814.158	-2094.91	280.7519	1.214098	2.747556	0.926285	0.0737152	3.387425
12252	-1823.563	-2104.561	280.998	1.100505	1.836131	0.916337	0.0836629	3.592929
12258	-1819.062	-2099.579	280.5166	1.210725	2.965532	0.916337	0.0836629	3.470741
12264	-1832.758	-2111.902	279.1436	1.128527	3.297491	0.64508	0.35492	4.228967
12270	-1827.753	-2107.424	279.6707	1.04672	4.911659	0.743627	0.256373	3.666371
12276	-1824.115	-2102.378	278.2629	1.04672	2.793171	0.933275	0.0667248	4.888697
12282	-1832.117	-2110.344	278.2266	0.9535215	3.093278	0.831703	0.168297	4.888697
12288	-1828.97	-2106.911	277.9413	1.029927	3.113417	0.749731	0.250269	5.000227
12294	-1823.069	-2100.366	277.2971	1.081504	3.129395	0.637195	0.362805	5.324703
12300	-1809.879	-2087.736	277.8574	1.109512	3.129395	0.753729	0.246271	4.999005
12306	-1817.028	-2095.46	278.4316	1.117655	3.129395	0.858217	0.141783	4.674245
12312	-1829.304	-2109.359	280.0553	1.321398	3.297432	0.79614	0.20386	3.59556
12318	-1830.353	-2111.046	280.6934	1.335272	2.705662	0.728372	0.271628	3.361938
12324	-1831.984	-2113.351	281.3677	1.328272	3.596649	0.923677	0.0763234	2.743901
12330	-1822.567	-2104.075	281.5078	1.499277	2.495492	0.874283	0.125717	2.838117
12336	-1824.179	-2106.051	281.8715	1.366316	3.049698	0.71918	0.28082	2.541907
12342	-1824.749	-2105.3	280.551	1.366316	3.849969	0.889576	0.110424	3.158368
12348	-1829.397	-2111.484	282.0873	1.428239	2.598253	0.909408	0.0905916	2.494433
12354	-1819.811	-2098.868	279.057	1.109001	3.865594	0.827022	0.172978	4.170273
12360	-1837.479	-2117.151	279.6719	1.071792	2.462998	0.927084	0.072916	4.170273
12366	-1816.028	-2096.394	280.3656	1.219245	2.187441	0.767435	0.232565	3.771191
12372	-1821.783	-2100.03	278.2467	1.069115	2.473226	0.836368	0.163632	4.969317
12378	-1814.141	-2093.092	278.9515	1.065718	2.782561	0.716948	0.283052	4.495388
12384	-1817.669	-2096.836	279.1671	1.025277	2.782561	0.657409	0.342591	4.396676
12390	-1825.997	-2105.654	279.6573	1.046716	2.782561	0.729248	0.270752	4.106764
12396	-1816.43	-2096.217	279.7868	1.263809	3.293496	0.877501	0.122499	3.78508
12402	-1825.483	-2105.866	280.3828	1.137706	2.262052	0.910447	0.089553	3.78508
12408	-1838.164	-2117.342	279.1779	1.054774	2.700081	0.858235	0.141765	4.395238
12414	-1834.213	-2112.923	278.7098	0.7369545	2.45339	0.893436	0.106564	4.901941
12420	-1822.639	-2100.942	278.304	0.8632874	2.362489	0.986883	0.0131174	5.082847
12426	-1806.588	-2085.936	279.3486	0.9803189	2.061319	0.78327	0.21673	4.525639
12432	-1813.8	-2094.663	280.863	1.217967	2.569002	0.797464	0.202536	3.36903
12438	-1817.12	-2097.47	280.3502	1.138901	2.597357	0.9055	0.0944996	3.705785
12444	-1810.444	-2089.317	278.8728	1.065637	2.621852	0.94619	0.0538105	4.58137
12450	-1823.713	-2102.094	278.3814	1.185357	2.621852	0.903417	0.096583	4.789394
12456	-1826.993	-2106.485	279.4916	1.085737	2.51008	0.838764	0.161236	4.251453
12462	-1822.518	-2102.601	280.0833	1.198851	2.51008	0.89547	0.10453	3.849364
12468	-1830.802	-2112.893	282.0917	1.309161	2.036121	0.71706	0.28294	2.747395
12474	-1837.782	-2118.631	280.8491	1.233866	2.193257	0.835864	0.164136	3.480442
12480	-1835.73	-2113.443	277.7133	1.032585	2.906972	0.93015	0.0698498	5.173717
12486	-1816.501	-2097.59	281.0888	1.276172	2.906972	0.844433	0.155567	3.109636
12492	-1806.542	-2087.636	281.0935	1.468618	2.66581	0.980616	0.019384	3.056868
12498	-1809.793	-2089.339	279.5461	1.311852	3.829051	0.784908	0.215092	3.781756
12504	-1818.254	-2098.514	280.2598	1.333808	4.402757	0.868328	0.131672	3.242532
12510	-1816.096	-2098.097	282.0006	1.413261	3.290664	0.907183	0.0928174	2.369851
12516	-1827.177	-2109.264	282.0865	1.360803	2.598533	0.928394	0.0716064	2.536967
12522	-1826.201	-2105.304	279.1023	1.463007	3.487648	0.750455	0.249545	4.020507
12528	-1818.018	-2099.548	281.5292	1.267006	2.626393	0.797864	0.202136	2.927511
12534	-1817.246	-2097.189	279.9423	1.323782	2.915769	0.812212	0.187788	3.750906
12540	-1816.048	-2096.589	280.5414	1.225162	2.393099	0.913176	0.0868245	3.603372
12546	-1821.971	-2102.287	280.3166	1.197912	3.461696	0.870874	0.129126	3.478371
12552	-1823.258	-2102.917	279.659	1.208942	3.094485	0.841797	0.158203	3.936172
12558	-1826.041	-2106.825	280.7842	1.233483	1.867138	0.732835	0.267165	3.62859
12564	-1833.555	-2114.15	280.5952	1.197701	2.985015	0.687748	0.312252	3.427527
12570	-1849.593	-2129.907	280.314	1.146359	2.883584	0.945073	0.0549273	3.646728
12576	-1851	-2130.671	279.6713	1.317893	2.560911	0.830815	0.169185	4.003087
12582	-1824.159	-2105.28	281.1207	1.518084	4.34238	0.821697	0.178303	2.623448
12588	-1826.143	-2107.686	281.5425	1.446054	3.661665	0.773151	0.226849	2.548883
12594	-1830.853	-2112.376	281.5226	1.592414	3.661665	0.89302	0.10698	2.46995
12600	-1832.615	-2113.77	281.1551	1.363467	3.652497	0.858994	0.141006	2.839552
12606	-1819.371	-2101.072	281.702	1.340866	3.664307	0.890837	0.109163	2.514479
12612	-1813.741	-2096.424	282.6828	1.448637	2.415674	0.924848	0.0751515	2.159095
12618	-1807.311	-2089.352	282.0409	1.360244	2.408479	0.921259	0.0787409	2.623502
12624	-1807.472	-2088.145	280.6728	1.223195	2.393449	0.809532	0.190468	3.52797
12630	-1823.316	-2102.795	279.4785	1.159457	2.763364	0.36081	0.63919	4.149297
12636	-1800.702	-2080.187	279.4843	1.23183	2.595289	0.803973	0.196027	4.149297
12642	-1818.078	-2098.362	280.2837	1.290999	3.113826	0.940933	0.0590673	3.523421
12648	-1807.728	-2087.897	280.169	1.248432	3.163192	0.925968	0.074032	3.603097
12654	-1806.885	-2087.812	280.9278	1.203961	2.958971	0.953433	0.0465674	3.234727
12660	-1802.508	-2083.418	280.91	1.292964	3.303505	0.909281	0.0907194	3.108437
12666	-1797.475	-2077.59	280.1159	1.20437	3.636127	0.909281	0.0907194	3.553887
12672	-1808.282	-2088.732	280.4498	1.40526	2.396274	0.799016	0.200984	3.55099
12678	-1794.759	-2076.376	281.6171	1.31499	2.396274	0.925255	0.0747452	2.913518
12684	-1806.592	-2087.667	281.0755	1.391748	3.46118	0.940531	0.059469	2.913518
12690	-1806.21	-2085.768	279.5583	1.204757	3.46118	0.742557	0.257443	3.913084
12696	-1807.327	-2087.234	279.9074	1.249306	2.539809	0.925816	0.0741844	3.913084
12702	-1837.905	-2119.859	281.954	1.694264	4.185367	0.803218	0.196782	2.010849
12708	-1837.395	-2119.747	282.3527	1.632708	3.163212	0.948088	0.0519119	2.032972
12714	-1832.861	-2113.611	280.7503	1.480241	4.139218	0.880379	0.119621	2.912451
12720	-1824.956	-2106.129	281.1731	1.432188	3.116014	0.928391	0.071609	2.912451
12726	-1833.375	-2112.709	279.3341	1.394278	3.521465	0.805903	0.194097	3.919983
12732	-1829.131	-2109.174	280.0425	1.168962	3.30784	0.812376	0.187624	3.688964
12738	-1836.966	-2117.407	280.4408	1.219395	3.30784	0.8037	0.1963	3.427894
12744	-1842.665	-2122.939	280.2735	1.121299	2.923692	0.744803	0.255197	3.674551
12750	-1827.329	-2107.508	280.1787	1.175222	2.877304	0.715734	0.284266	3.709889
12756	-1831.23	-2109.187	277.9566	1.075113	2.216131	0.961351	0.0386494	5.200694
12762	-1829.063	-2108.272	279.2083	0.899395	2.361747	0.73022	0.26978	4.558363
12768	-1824.346	-2103.854	279.5088	1.045856	3.549926	0.788752	0.211248	4.013319
12774	-1841.56	-2123.157	281.597	1.462283	3.279474	0.788752	0.211248	2.594672
12780	-1823.299	-2104.948	281.6496	1.398252	3.279474	0.906036	0.0939638	2.601744
12786	-1823.839	-2105.369	281.5306	1.329859	2.74725	0.87665	0.12335	2.8547
12792	-1826.227	-2107.685	281.4584	1.383036	3.328947	0.814193	0.185807	2.716902
12798	-1818.743	-2101.095	282.3528	1.498898	2.537812	0.922846	0.0771544	2.300425
12804	-1811.064	-2093.41	282.3462	1.390808	2.619542	0.831518	0.168482	2.348546
12810	-1808.729	-2090.833	282.1035	1.409309	2.9148	0.886928	0.113072	2.405708
12816	-1811.165	-2091.73	280.5646	1.333984	2.697443	0.808997	0.191003	3.440418
12822	-1825.383	-2105.995	280.6116	1.299848	2.669611	0.918653	0.0813467	3.440418
12828	-1823.725	-2104.814	281.0895	1.170508	2.669611	0.912556	0.0874435	3.235468
12834	-1818.986	-2100.388	281.4013	1.387907	3.366523	0.912556	0.0874435	2.739908
12840	-1809.223	-2090.66	281.4378	1.411736	3.186493	0.905289	0.0947109	2.746624
12846	-1802.744	-2083.304	280.5593	1.402035	3.549712	0.927061	0.0729386	3.196135
12852	-1813.312	-2094.852	281.5395	1.475479	4.786771	0.796299	0.203701	2.303068
12858	-1808.061	-2088.773	280.7114	1.397731	3.451947	0.75389	0.24611	3.130184
12864	-1822.308	-2103.418	281.1108	1.40349	4.880321	0.787605	0.212395	2.600678
12870	-1827.176	-2108.677	281.5006	1.37976	3.730497	0.885775	0.114225	2.600678
12876	-1828.614	-2109.803	281.1886	1.137085	2.73255	0.716771	0.283229	3.179285
12882	-1819.809	-2100.868	281.0586	1.299036	3.384904	0.7224	0.2776	2.997006
12888	-1819.902	-2101.448	281.5458	1.497361	3.741829	0.853886	0.146114	2.496925
12894	-1819.439	-2102.107	282.6688	1.587138	3.263711	0.809249	0.190751	1.822977
12900	-1815.182	-2098.506	283.3245	1.651679	2.629086	0.77877	0.22123	1.503808
12906	-1822.27	-2104.947	282.6773	1.615422	3.194853	0.848487	0.151513	1.816641
12912	-1823.505	-2105.489	281.9839	1.633898	3.739123	0.682463	0.317537	2.130789
12918	-1815.935	-2097.028	281.0927	1.430812	3.143389	0.737683	0.262317	2.95493
12924	-1826.105	-2107.285	281.18	1.409526	3.084086	0.582019	0.417981	2.929904
12930	-1825.993	-2107.616	281.6228	1.464783	3.437683	0.562869	0.437131	2.538992
12936	-1823.985	-2105.009	281.0234	1.449845	4.622695	0.867192	0.132808	2.672489
12942	-1812.088	-2094.081	281.9934	1.292512	2.47997	0.935672	0.0643281	2.672489
12948	-1810.107	-2091.719	281.6114	1.37833	1.938733	0.935672	0.0643281	3.030715
12954	-1809.874	-2090.577	280.7027	1.379673	3.257919	0.687081	0.312919	3.190839
12960	-1812.412	-2090.922	278.51	1.214919	3.229631	0.699098	0.300902	4.552923
12966	-1816.343	-2095.738	279.3945	0.9717003	3.245262	0.743137	0.256863	4.187298
12972	-1821.668	-2100.581	278.9128	1.357025	3.494453	0.743137	0.256863	4.187298
12978	-1821.527	-2101.814	280.287	1.295754	2.972108	0.610596	0.389404	3.55339
12984	-1816.479	-2098.132	281.6534	1.249307	2.606823	0.687075	0.312925	2.868751
12990	-1816.254	-2097.07	280.8155	1.236794	2.606823	0.78155	0.21845	3.375256
12996	-1810.953	-2091.839	280.8865	1.438554	2.606823	0.723983	0.276017	3.21448
13002	-1807.208	-2087.992	280.7834	1.243547	2.32881	0.729427	0.270573	3.470994
13008	-1818.798	-2100.064	281.2663	1.003596	1.798224	0.934338	0.0656623	3.507121
13014	-1817.549	-2098.82	281.2703	1.40124	2.902689	0.757115	0.242885	2.927003
13020	-1823.23	-2103.28	280.0492	1.325873	2.902689	0.830176	0.169824	3.691236
13026	-1821.21	-2099.8	278.5893	1.235286	3.665358	0.835846	0.164154	4.40361
13032	-1840.361	-2119.764	279.403	1.330803	3.521363	0.933424	0.0665759	3.91689
13038	-1833.039	-2112.103	279.0638	1.375756	4.384499	0.856942	0.143058	3.91689
13044	-1820.67	-2101.505	280.8357	1.243143	3.958474	0.791851	0.208149	3.03986
13050	-1824.317	-2103.982	279.6645	1.185096	3.958474	0.867376	0.132624	3.76086
13056	-1816.509	-2096.275	279.7666	1.176027	3.69214	0.643211	0.356789	3.76086
13062	-1808.638	-2088.786	280.1474	1.254489	2.580257	0.889451	0.110549	3.76086
13068	-1814.858	-2095.221	280.3625	1.136433	3.564084	0.828524	0.171476	3.465081
13074	-1806.484	-2087.47	280.9854	1.42112	3.751961	0.950126	0.0498736	2.88581
13080	-1806.08	-2087.093	281.0131	1.398314	4.206917	0.97343	0.0265698	2.789454
13086	-1809.316	-2090.731	281.4153	1.15357	1.954714	0.97343	0.0265698	3.275149
13092	-1807.038	-2087.868	280.8298	1.334211	2.731949	0.868953	0.131047	3.275149
13098	-1810.668	-2091.459	280.7909	1.238756	3.009778	0.875179	0.124821	3.282211
13104	-1814.049	-2094.5	280.4514	1.263963	2.945459	0.898394	0.101606	3.48274
13110	-1808.093	-2089.472	281.3796	1.38099	5.169552	0.886702	0.113298	2.396194
13116	-1807.929	-2089.832	281.9038	1.235463	1.960791	0.813363	0.186637	2.932976
13122	-1811.804	-2093.752	281.9479	1.338321	1.714614	0.878137	0.121863	2.937481
13128	-1815.652	-2096.968	281.3165	1.409467	3.065608	0.791453	0.208547	2.852078
13134	-1819.542	-2100.891	281.3488	1.408669	2.990904	0.894213	0.105787	2.852078
13140	-1813.058	-2092.605	279.5468	1.287192	2.832054	0.746489	0.253511	4.02001
13146	-1814.044	-2093.076	279.0321	1.1643	1.981163	0.733241	0.266759	4.626205
13152	-1813.916	-2092.902	278.986	1.109488	3.179449	0.793447	0.206553	4.355606
13158	-1816.49	-2097.379	280.889	1.222127	1.520486	0.746018	0.253982	3.708894
13164	-1804.66	-2084.565	279.9058	1.076239	2.604227	0.754539	0.245461	3.995333
13170	-1817.311	-2096.801	279.4897	1.100243	3.104493	0.847949	0.152051	4.092571
13176	-1821.771	-2101.094	279.3231	1.133127	2.209066	0.812977	0.187023	4.407622
13182	-1825.548	-2104.741	279.1928	1.191552	3.990345	0.812977	0.187023	4.021624
13188	-1833.841	-2114.848	281.007	1.4674	5.040368	0.812977	0.187023	2.597368
13194	-1819.494	-2101.311	281.817	1.523246	3.287688	0.837916	0.162084	2.417171
13200	-1809.179	-2091.477	282.2983	1.523246	2.438205	0.769397	0.230603	2.350963
13206	-1823.495	-2105.368	281.8734	1.564126	2.881939	0.88561	0.11439	2.462113
13212	-1823.829	-2105.017	281.1883	1.398215	3.690999	0.932277	0.0677228	2.789797
13218	-1826.35	-2107.655	281.3045	1.397408	3.749744	0.881196	0.118804	2.706414
13224	-1820.786	-2101.648	280.8615	1.454511	3.731143	0.72907	0.27093	2.944928
13230	-1813.556	-2093.907	280.3513	1.337971	3.831201	0.671726	0.328274	3.297145
13236	-1824.913	-2105.193	280.2796	1.313449	4.831277	0.797943	0.202057	3.16684
13242	-1831.879	-2112.393	280.5146	1.22889	2.867803	0.934898	0.065102	3.486096
13248	-1826.72	-2107.335	280.6144	1.306352	3.552866	0.837813	0.162187	3.219491
13254	-1813.483	-2093.761	280.2786	1.215306	3.205489	0.871356	0.128644	3.548697
13260	-1828.847	-2109.83	280.9839	1.296694	3.197711	0.834371	0.165629	3.087295
13266	-1817.777	-2098.578	280.8002	1.245107	3.529801	0.869982	0.130018	3.150732
13272	-1823.22	-2104.006	280.7862	1.354826	3.599668	0.950022	0.0499778	3.078334
13278	-1826.776	-2107.124	280.3476	1.250275	3.361238	0.797549	0.202451	3.452158
13284	-1825.151	-2106.171	281.0203	1.211472	1.939294	0.860648	0.139352	3.478439
13290	-1835.871	-2116.023	280.1526	1.350512	3.491659	0.727964	0.272036	3.478439
13296	-1835.903	-2116.505	280.6021	1.362707	3.348145	0.738962	0.261038	3.239425
13302	-1820.798	-2100.798	279.9993	1.32389	3.62695	0.738962	0.261038	3.554133
13308	-1815.098	-2095.523	280.4252	1.249744	3.720664	0.819601	0.180399	3.328521
13314	-1826.18	-2106.768	280.588	1.276426	3.720664	0.807834	0.192166	3.21669
13320	-1842.665	-2122.353	279.6874	1.364196	3.393505	0.967783	0.0322173	3.762052
13326	-1835.912	-2114.584	278.672	1.082256	3.894347	0.801398	0.198602	4.397708
13332	-1841.76	-2123.993	282.2333	1.598422	2.503387	0.707524	0.292476	2.323879
13338	-1826.723	-2110.08	283.3572	1.598422	2.071931	0.972029	0.0279707	1.727825
13344	-1822.37	-2105.88	283.5104	1.728735	2.136409	0.866289	0.133711	1.495776
13350	-1818.714	-2101.864	283.1492	1.621881	2.461812	0.897276	0.102724	1.711568
13356	-1813.871	-2096.705	282.834	1.699406	3.586592	0.824535	0.175465	1.537381
13362	-1836.927	-2120.092	283.1645	1.567474	2.658751	0.956019	0.0439812	1.671891
13368	-1843.191	-2125.248	282.0567	1.527953	2.774787	0.896482	0.103518	2.399505
13374	-1835.577	-2115.981	280.4034	1.277436	3.479449	0.905363	0.0946365	3.377101
13380	-1835.774	-2115.595	279.8202	1.188997	3.479449	0.760823	0.239177	3.767632
13386	-1845.253	-2126.576	281.3232	1.357322	2.994948	0.846538	0.153462	2.897597
13392	-1832.147	-2112.382	280.2356	1.262788	3.551083	0.941757	0.0582428	3.468239
13398	-1816.698	-2098.959	282.2614	1.609228	2.959472	0.903106	0.0968938	2.164253
13404	-1823.607	-2104.985	281.378	1.472803	4.649251	0.853142	0.146858	2.432791
13410	-1826.45	-2106.944	280.4939	1.212641	3.486245	0.823652	0.176348	3.3605
13416	-1834.674	-2116.866	282.1928	1.435259	2.894645	0.855413	0.144587	2.338225
13422	-1831.389	-2111.606	280.2166	1.240612	1.994056	0.884128	0.115872	3.907604
13428	-1822.235	-2103.299	281.0641	1.154484	2.01516	0.939091	0.0609085	3.45991
13434	-1832.148	-2114.644	282.4959	1.327335	2.820664	0.907775	0.0922254	2.234244
13440	-1830.099	-2109.978	279.8788	1.071787	1.554039	0.92462	0.0753796	4.357713
13446	-1823.543	-2103.806	280.2627	1.0957	2.779673	0.884831	0.115169	3.73242
13452	-1825.532	-2104.268	278.7363	0.9340447	2.09656	0.978167	0.0218331	4.882907
13458	-1820.86	-2101.491	280.6309	0.9489859	1.821395	0.91728	0.0827204	3.897565
13464	-1813.812	-2094.712	280.9005	0.9560395	1.697548	0.787636	0.212364	3.784718
13470	-1811.659	-2091.62	279.961	1.055754	2.531819	0.758872	0.241128	3.995385
13476	-1826.44	-2105.755	279.3146	1.059229	2.774035	0.758872	0.241128	4.296338
13482	-1812.742	-2093.219	280.4776	1.096305	2.181037	0.80921	0.19079	3.779542
13488	-1815.32	-2095.708	280.3877	1.092107	3.317637	0.803223	0.196777	3.530961
13494	-1806.066	-2086.328	280.2628	1.217002	3.317637	0.682305	0.317695	3.530961
13500	-1817.437	-2097.832	280.3957	1.158402	3.132251	0.764517	0.235483	3.530961
13506	-1816.642	-2097.437	280.7953	1.290871	3.132251	0.886853	0.113147	3.218664
13512	-1823.744	-2105.328	281.5843	1.271541	2.907307	0.859444	0.140556	2.814214
13518	-1830.651	-2111.334	280.6832	1.262177	2.907307	0.657162	0.342838	3.357726
13524	-1820.992	-2101.358	280.3659	1.26163	3.107504	0.884287	0.115713	3.494144
13530	-1826.983	-2107.716	280.7332	1.217968	2.758191	0.852013	0.147987	3.393269
13536	-1844.552	-2125.245	280.6936	1.375232	3.164468	0.813017	0.186983	3.221088
13542	-1829.84	-2111.448	281.6083	1.32065	1.903657	0.944853	0.0551467	3.07974
13548	-1817.607	-2099.024	281.416	1.214023	2.25609	0.945713	0.0542869	3.138201
13554	-1819.075	-2099.661	280.5861	1.102201	3.440978	0.950213	0.0497871	3.381277
13560	-1829.72	-2109.524	279.8041	1.238027	3.890646	0.874097	0.125903	3.663041
13566	-1829.269	-2109.613	280.3444	1.467281	4.472802	0.871226	0.128774	3.100256
13572	-1831.789	-2115.023	283.2337	1.541286	1.963219	0.902705	0.097295	1.896313
13578	-1826.32	-2109.345	283.0258	1.687648	2.847796	0.788219	0.211781	1.623429
13584	-1832.047	-2113.925	281.8772	1.489238	2.700338	0.840616	0.159384	2.557539
13590	-1831.93	-2113.193	281.2635	1.341916	3.891099	0.775928	0.224072	2.735271
13596	-1822.486	-2103.187	280.7008	1.341916	3.629689	0.867438	0.132562	3.130351
13602	-1817.672	-2099.346	281.674	1.313452	2.739343	0.767746	0.232254	2.779706
13608	-1828.123	-2108.048	279.9244	1.313782	4.545149	0.779719	0.220281	3.425869
13614	-1828.999	-2109.942	280.9435	1.234304	2.824464	0.787071	0.212929	3.242303
13620	-1823.917	-2103.923	280.0062	1.128116	2.494935	0.887727	0.112273	3.938443
13626	-1845.539	-2125.602	280.0638	1.061288	2.51388	0.850263	0.149737	3.938443
13632	-1832.894	-2113.128	280.2334	1.359001	4.047907	0.749396	0.250604	3.3107
13638	-1838.926	-2119.724	280.7984	1.383112	3.545656	0.858999	0.141001	3.066059
13644	-1822.824	-2102.743	279.9186	1.059181	2.046874	0.936343	0.0636574	4.163685
13650	-1819.723	-2099.793	280.0691	1.090065	2.033217	0.959374	0.0406261	4.064905
13656	-1816.898	-2097.118	280.2199	1.300142	3.868233	0.977144	0.0228563	3.389055
13662	-1801.262	-2081.126	279.8645	1.177491	2.454189	0.973054	0.0269459	4.002849
13668	-1799.212	-2079.965	280.7535	1.177491	2.848779	0.919137	0.0808631	3.381284
13674	-1817.879	-2098.92	281.0415	1.296193	3.30055	0.919137	0.0808631	3.028652
13680	-1811.825	-2091.864	280.0382	1.296087	3.321065	0.928982	0.0710182	3.614785
13686	-1810.281	-2090.409	280.1277	1.296087	3.608611	0.925744	0.0742561	3.499405
13692	-1824.591	-2105.635	281.0446	1.440917	2.699737	0.915961	0.0840386	3.093245
13698	-1823.47	-2104.214	280.7437	1.190114	2.796255	0.934707	0.0652934	3.393365
13704	-1815.225	-2094.506	279.2814	0.8722392	2.790137	0.895806	0.104194	4.416641
13710	-1803.198	-2083.419	280.2216	1.032842	2.544846	0.880235	0.119765	3.855559
13716	-1823.131	-2102.654	279.5231	1.111839	4.108488	0.666956	0.333044	3.855559
13722	-1824.125	-2103.577	279.4527	1.205772	2.935749	0.83024	0.16976	4.094183
13728	-1824.443	-2103.88	279.4369	1.26535	3.62214	0.569682	0.430318	3.913646
13734	-1838.316	-2119.04	280.724	1.182808	2.022355	0.752407	0.247593	3.638929
13740	-1841.288	-2123.024	281.7356	1.487711	3.569721	0.822259	0.177741	2.42297
13746	-1814.076	-2095.732	281.6559	1.449774	2.741339	0.952335	0.0476653	2.706862
13752	-1802.971	-2085.031	282.0601	1.430332	3.201648	0.725108	0.274892	2.343825
13758	-1815.342	-2096.613	281.2712	1.111326	3.201648	0.725108	0.274892	3.025362
13764	-1827.345	-2108.716	281.3709	1.220126	2.717063	0.788997	0.211003	3.025362
13770	-1827.283	-2107.671	280.3879	1.217457	2.884762	0.800139	0.199861	3.562238
13776	-1839.429	-2120.806	281.3769	1.479528	3.144084	0.778597	0.221403	2.752957
13782	-1810.825	-2089.382	278.5568	0.9858029	2.469089	0.852824	0.147176	4.84419
13788	-1833.092	-2112.543	279.4507	1.200878	2.771172	0.796172	0.203828	4.139528
13794	-1825.664	-2105.905	280.2413	1.226514	3.912811	0.776468	0.223532	3.410697
13800	-1823.686	-2104.468	280.7821	1.378764	3.912811	0.956491	0.0435091	3.000022
13806	-1817.667	-2098.417	280.7501	1.384268	3.824878	0.760226	0.239774	3.034153
13812	-1828.34	-2109.443	281.1037	1.47012	3.882204	0.861082	0.138918	2.756459
13818	-1810.463	-2091.657	281.1939	1.379965	3.882204	0.703957	0.296043	2.756459
13824	-1815.178	-2095.88	280.7018	1.407301	3.493694	0.582435	0.417565	3.120807
13830	-1824.763	-2104.681	279.9177	1.270524	3.241669	0.582435	0.417565	3.717507
13836	-1838.604	-2118.595	279.9912	1.107728	3.319919	0.582435	0.417565	3.751197
13842	-1830.37	-2111.927	281.5577	1.374786	2.963172	0.858701	0.141299	2.752779
13848	-1823.124	-2104.849	281.7248	1.366569	3.500248	0.882753	0.117247	2.521881
13854	-1819.502	-2099.949	280.4464	1.339342	4.597299	0.878997	0.121003	3.093153
13860	-1835.199	-2115.281	280.0819	1.339342	4.597299	0.689629	0.310371	3.309153
13866	-1821.784	-2103.802	282.0179	1.695275	3.986049	0.689629	0.310371	2.011551
13872	-1821.698	-2103.019	281.321	1.417457	3.368595	0.867199	0.132801	2.770433
13878	-1818.934	-2101.106	282.1724	1.524466	2.93995	0.830986	0.169014	2.281753
13884	-1835.532	-2117.788	282.2559	1.559468	3.635845	0.687037	0.312963	2.025198
13890	-1828.554	-2111.043	282.489	1.57224	3.008852	0.908509	0.0914913	2.025198
13896	-1824.765	-2106.977	282.212	1.553534	3.438609	0.907312	0.0926879	2.106491
13902	-1844.786	-2126.759	281.9728	1.536722	3.747315	0.807497	0.192503	2.199332
13908	-1824.354	-2106.899	282.5454	1.367115	2.219229	0.873529	0.126471	2.365573
13914	-1813.622	-2095.427	281.8051	1.451797	3.786804	0.73012	0.26988	2.352279
13920	-1822.766	-2105.232	282.4653	1.457151	2.239692	0.865326	0.134674	2.352279
13926	-1823.775	-2106.416	282.6409	1.566469	2.618675	0.861318	0.138682	2.044137
13932	-1827.301	-2108.769	281.468	1.470658	3.312426	0.7961	0.2039	2.661171
13938	-1822.074	-2103.658	281.584	1.431162	2.041553	0.877737	0.122263	2.979142
13944	-1810.33	-2092.601	282.2719	1.479583	2.382485	0.877737	0.122263	2.413117
13950	-1811.138	-2093.406	282.268	1.532587	1.989675	0.987054	0.0129463	2.51736
13956	-1828.036	-2109.535	281.4985	1.484272	3.820238	0.820608	0.179392	2.51736
13962	-1830.371	-2112.321	281.9496	1.513875	2.651695	0.792604	0.207396	2.511214
13968	-1828.247	-2109.85	281.6029	1.426102	2.179135	0.836326	0.163674	2.924245
13974	-1822.982	-2104.295	281.3126	1.615215	3.989709	0.860293	0.139707	2.515361
13980	-1835.471	-2117.977	282.5059	1.886275	4.166705	0.781373	0.218627	1.493065
13986	-1820.076	-2102.739	282.6624	1.799797	3.336445	0.881657	0.118343	1.658153
13992	-1811.152	-2093.338	282.1853	1.75769	3.557551	0.804605	0.195395	1.959186
13998	-1823.379	-2105.976	282.5969	1.75769	4.050948	0.869623	0.130377	1.549466
14004	-1810.589	-2091.96	281.3716	1.366619	3.789399	0.778423	0.221577	2.675566
14010	-1812.38	-2094.511	282.1307	1.50751	3.86449	0.717688	0.282312	2.088616
14016	-1818.913	-2100.704	281.7913	1.729941	4.152266	0.88225	0.11775	2.101864
14022	-1818.807	-2099.803	280.9965	1.433442	4.006487	0.88225	0.11775	2.818358
14028	-1832.423	-2113.898	281.4752	1.539552	5.548138	0.865388	0.134612	2.169147
14034	-1838.874	-2120.163	281.2886	1.46499	3.435308	0.867954	0.132046	2.745534
14040	-1837.461	-2119.674	282.2129	1.38519	3.284419	0.809139	0.190861	2.253876
14046	-1835.435	-2116.699	281.2639	1.419709	4.778456	0.809139	0.190861	2.513694
14052	-1821.784	-2103.38	281.5958	1.308311	4.324855	0.92887	0.0711303	2.461752
14058	-1826.522	-2107.111	280.5889	1.207182	3.993347	0.885019	0.114981	3.201176
14064	-1821.673	-2100.704	279.0313	1.030914	3.657754	0.744933	0.255067	4.270868
14070	-1828.492	-2109.809	281.3171	1.20312	2.704409	0.723911	0.276089	3.071214
14076	-1824.1	-2103.109	279.0085	1.114041	2.189785	0.873305	0.126695	4.601208
14082	-1815.718	-2093.888	278.1696	1.210034	2.886461	0.772237	0.227763	4.826582
14088	-1813.831	-2094.897	281.0654	1.236598	2.886461	0.906396	0.0936036	3.152429
14094	-1805.645	-2086.288	280.6422	1.31934	3.760764	0.818303	0.181697	3.150645
14100	-1812.787	-2092.765	279.9781	1.222037	3.760764	0.799316	0.200684	3.597706
14106	-1811.898	-2092.281	280.3827	1.183854	3.232982	0.839947	0.160053	3.499943
14112	-1809.256	-2088.872	279.6162	1.183854	3.718854	0.749254	0.250746	3.837455
14118	-1827.701	-2109.247	281.5455	1.240927	1.797862	0.946017	0.0539825	3.20375
14124	-1819.392	-2097.436	278.044	0.9633231	2.889274	0.839856	0.160144	5.033103
14130	-1842.145	-2120.303	278.1573	1.157689	2.251753	0.762008	0.237992	5.033103
14136	-1823.821	-2103.232	279.4114	1.14448	2.800873	0.941411	0.0585894	4.186279
14142	-1820.893	-2101.268	280.3753	1.140712	2.939994	0.865048	0.134952	3.60018
14148	-1829.753	-2110.249	280.4968	1.231113	3.402182	0.778169	0.221831	3.366691
14154	-1832.387	-2113.223	280.8368	1.458772	3.402182	0.924313	0.0756866	3.030211
14160	-1826.053	-2105.581	279.528	1.114355	3.402182	0.812186	0.187814	3.995037
14166	-1824.769	-2105.11	280.3412	1.079676	2.730504	0.853829	0.146171	3.709289
14172	-1819.809	-2099.975	280.1661	1.173043	2.850816	0.910572	0.0894277	3.725193
14178	-1829.302	-2108.509	279.2065	1.08755	2.841282	0.90632	0.0936796	4.324452
14184	-1824.115	-2103.442	279.3268	1.08755	2.623299	0.96996	0.0300397	4.312875
14190	-1831.017	-2111.447	280.4305	1.088836	1.802764	0.971351	0.0286491	3.939018
14196	-1829.908	-2109.56	279.6518	1.220263	3.072517	0.8904	0.1096	3.939018
14202	-1838.348	-2120.644	282.2958	1.441156	1.503563	0.994151	0.00584859	2.753206
14208	-1839.113	-2120.54	281.4278	1.364744	1.933771	0.967533	0.0324666	3.150144
14214	-1830.838	-2111.76	280.9226	1.402944	2.252777	0.937416	0.0625836	3.319431
14220	-1840.009	-2120.396	280.3869	1.32732	3.295919	0.852272	0.147728	3.399003
14226	-1839.708	-2120.46	280.7519	1.186113	2.76561	0.919122	0.0808776	3.399003
14232	-1829.598	-2109.048	279.4502	1.142945	2.785069	0.758867	0.241133	4.16919
14238	-1827.289	-2106.832	279.5432	1.209273	3.578085	0.640883	0.359117	3.894107
14244	-1828.093	-2107.268	279.1748	1.425951	4.009286	0.92777	0.07223	3.894107
14250	-1815.752	-2095.517	279.7651	1.275124	4.076983	0.797295	0.202705	3.627637
14256	-1823.606	-2104.94	281.3334	1.260408	2.379845	0.945603	0.0543967	3.121291
14262	-1821.575	-2102.654	281.0791	1.271642	3.033732	0.727734	0.272266	3.085767
14268	-1821.829	-2101.099	279.2705	1.127758	2.539312	0.902207	0.0977929	4.344727
14274	-1822.638	-2102.361	279.7223	1.382623	3.61245	0.76605	0.23395	3.683794
14280	-1824.019	-2104.606	280.5865	1.37682	4.869855	0.76605	0.23395	2.93875
14286	-1826.689	-2105.377	278.688	1.127188	4.970172	0.76605	0.23395	4.174008
14292	-1831.412	-2111.816	280.4039	1.174635	2.989186	0.883243	0.116757	3.55158
14298	-1821.864	-2102.644	280.7808	1.263194	2.368052	0.864497	0.135503	3.449177
14304	-1824.616	-2103.724	279.108	1.33475	3.350284	0.809933	0.190067	4.120296
14310	-1806.433	-2086.147	279.7136	1.276103	3.469937	0.725692	0.274308	3.780938
14316	-1820.547	-2100.595	280.0484	1.303463	3.469937	0.839306	0.160694	3.571334
14322	-1817.709	-2099.089	281.3791	1.356275	3.469937	0.932748	0.0672518	2.748643
14328	-1815.871	-2097.086	281.2145	1.265915	2.719824	0.819391	0.180609	3.090731
14334	-1822.561	-2103.705	281.1433	1.140718	3.175008	0.836834	0.163166	3.090731
14340	-1814.781	-2095.653	280.872	1.142464	3.897689	0.826617	0.173383	3.090731
14346	-1824.492	-2105.382	280.8903	1.188783	4.181345	0.954339	0.0456611	2.995379
14352	-1815.062	-2096.302	281.2401	1.375203	2.348533	0.842402	0.157598	3.118096
14358	-1816.1	-2096.642	280.5426	1.109763	2.903724	0.842402	0.157598	3.530041
14364	-1813.315	-2094.093	280.7787	1.185587	2.062812	0.89045	0.10955	3.592007
14370	-1816.769	-2098.707	281.938	1.207752	1.783072	0.904693	0.0953073	2.995153
14376	-1822.406	-2103.923	281.5165	1.298721	2.300187	0.904693	0.0953073	3.013698
14382	-1827.492	-2107.199	279.707	1.036474	3.649351	0.881821	0.118179	3.8843
14388	-1820.733	-2100.058	279.3253	0.9391687	1.800029	0.811617	0.188383	4.650353
14394	-1817.446	-2096.361	278.915	1.217312	3.582657	0.920186	0.079814	4.246707
14400	-1819.254	-2099.628	280.3745	1.397696	4.628388	0.777428	0.222572	3.095662
14406	-1815.309	-2096.922	281.6122	1.720822	3.820611	0.766555	0.233445	2.296193
14412	-1812.027	-2093.539	281.5122	1.643481	4.151898	0.937549	0.062451	2.337935
14418	-1826.118	-2103.771	277.6525	1.052016	3.549324	0.923029	0.0769711	5.053748
14424	-1829.209	-2109.05	279.8409	1.117917	2.698658	0.981607	0.0183928	3.983287
14430	-1826.311	-2105.216	278.9049	1.06805	3.456652	0.957418	0.0425819	4.363471
14436	-1827.92	-2109.501	281.5805	1.168055	2.226979	0.912851	0.0871488	3.076906
14442	-1850.056	-2128.821	278.7649	1.167472	3.344737	0.810196	0.189804	4.410595
14448	-1837.478	-2117.928	280.4507	1.174207	2.315653	0.940784	0.0592156	3.708574
14454	-1833.378	-2114.377	280.9993	1.467205	3.420021	0.964242	0.0357578	2.923408
14460	-1833.941	-2113.755	279.8144	1.158264	4.454554	0.987819	0.0121813	3.596828
14466	-1834.614	-2114.613	279.9984	1.166423	2.549368	0.961868	0.0381319	3.905734
14472	-1835.235	-2115.394	280.1598	1.389804	2.848597	0.934018	0.0659816	3.603871
14478	-1823.197	-2104.539	281.3426	1.514916	3.232583	0.814938	0.185062	2.730358
14484	-1825.261	-2105.059	279.7978	1.130376	3.602308	0.81332	0.18668	3.78797
14490	-1807.36	-2087.415	280.0554	1.343412	3.234353	0.87443	0.12557	3.597219
14496	-1808.05	-2088.805	280.7551	1.161931	3.234353	0.779239	0.220761	3.294126
14502	-1817.137	-2097.253	280.116	1.369667	2.962155	0.779239	0.220761	3.61225
14508	-1816.763	-2098.273	281.5096	1.511646	3.266345	0.834796	0.165204	2.621451
14514	-1821.981	-2103.336	281.3557	1.417608	3.057923	0.87545	0.12455	2.825272
14520	-1815.599	-2096.555	280.9556	1.517964	3.845535	0.840135	0.159865	2.825272
14526	-1821.273	-2102.719	281.4463	1.226867	3.328236	0.829262	0.170738	2.819778
14532	-1821.568	-2102.445	280.8772	1.187416	2.505477	0.855742	0.144258	3.396713
14538	-1816.378	-2095.57	279.192	1.207824	3.695128	0.695446	0.304554	4.071378
14544	-1826.559	-2106.285	279.7263	1.17056	5.131828	0.642387	0.357613	3.526404
14550	-1813.262	-2092.146	278.8841	1.162299	3.563963	0.777347	0.222653	4.299249
14556	-1803.106	-2083.797	280.691	1.386167	3.733324	0.832379	0.167621	3.087612
14562	-1825.525	-2105.971	280.4452	1.379945	3.778751	0.884897	0.115103	3.227753
14568	-1816.145	-2096.555	280.4097	1.471713	3.778751	0.738145	0.261855	3.194463
14574	-1817.598	-2095.933	278.3351	1.144689	4.445451	0.824761	0.175239	4.451223
14580	-1822.559	-2101.99	279.4311	1.002329	2.037464	0.937729	0.0622713	4.474586
14586	-1818.468	-2097.41	278.9424	1.04429	2.86632	0.65527	0.34473	4.491551
14592	-1807.409	-2087.229	279.8201	1.264856	3.566594	0.794042	0.205958	3.705124
14598	-1819.469	-2098.51	279.0416	1.055687	3.522595	0.771388	0.228612	4.279136
14604	-1821.843	-2100.748	278.9049	1.306123	3.228296	0.7988	0.2012	4.279136
14610	-1825.738	-2106.125	280.3874	1.120042	2.3991	0.907727	0.0922729	3.751533
14616	-1821.229	-2099.794	278.5649	1.120042	3.132125	0.907727	0.0922729	4.597589
14622	-1832.053	-2111.074	279.0215	1.233828	3.512325	0.71683	0.28317	4.191685
14628	-1830.618	-2110.811	280.1925	1.190155	3.172704	0.86043	0.13957	3.62103
14634	-1835.416	-2116.033	280.6161	1.34029	3.172704	0.812007	0.187993	3.285554
14640	-1836.364	-2116.053	279.6893	1.149915	3.172704	0.720783	0.279217	3.934254
14646	-1834.813	-2112.846	278.0333	1.071554	3.319363	0.909307	0.0906925	4.879903
14652	-1838.624	-2119.714	281.09	1.151608	2.741518	0.821436	0.178564	3.226676
14658	-1836.279	-2114.513	278.2339	1.228234	3.451399	0.642574	0.357426	4.65189
14664	-1827.49	-2106.919	279.4293	1.144777	3.723787	0.932549	0.0674505	3.966053
14670	-1830.317	-2111.043	280.7264	1.144282	2.099709	0.953574	0.0464256	3.634183
14676	-1835.386	-2116.899	281.5136	1.200891	2.347809	0.934467	0.0655328	3.059177
14682	-1818.819	-2099.279	280.4604	1.123578	2.913087	0.763275	0.236725	3.567498
14688	-1818.492	-2099.193	280.7009	1.170846	2.30889	0.882014	0.117986	3.567498
14694	-1838.917	-2118.253	279.3356	1.265617	4.575314	0.782226	0.217774	3.790353
14700	-1825.844	-2106.584	280.74	1.279424	2.979797	0.855649	0.144351	3.295784
14706	-1829.019	-2109.985	280.9656	1.234918	3.211526	0.889912	0.110088	3.131683
14712	-1824.718	-2103.411	278.6932	1.186522	2.600695	0.896088	0.103912	4.619964
14718	-1818.943	-2096.949	278.0056	1.144243	3.309081	0.896088	0.103912	4.857058
14724	-1801.515	-2082.326	280.8109	1.257458	3.309081	0.878654	0.121346	3.187164
14730	-1815.746	-2096.419	280.673	1.395329	3.309081	0.875814	0.124186	3.187164
14736	-1812.757	-2093.719	280.9617	1.359546	3.134846	0.863106	0.136894	3.07827
14742	-1815.257	-2097.332	282.0742	1.541672	3.134846	0.863106	0.136894	2.281125
14748	-1817.692	-2099.002	281.31	1.550646	4.12356	0.960188	0.0398116	2.529482
14754	-1818.895	-2100.287	281.3919	1.512276	4.741978	0.689835	0.310165	2.381792
14760	-1808.694	-2089.702	281.0079	1.3158	3.922672	0.736802	0.263198	2.899932
14766	-1829.195	-2110.489	281.294	1.448828	3.470552	0.931256	0.068744	2.743982
14772	-1822.138	-2104.679	282.5408	1.330915	2.503827	0.832082	0.167918	2.298272
14778	-1820.511	-2102.099	281.5878	1.341994	3.662876	0.841276	0.158724	2.585132
14784	-1822.929	-2102.261	279.3321	1.004923	3.286988	0.954784	0.0452161	4.194511
14790	-1814.357	-2093.078	278.7205	1.004841	2.974388	0.890594	0.109406	4.611992
14796	-1805.971	-2085.669	279.6982	1.179102	3.696622	0.846095	0.153905	3.79758
14802	-1817.262	-2097.799	280.5368	1.538566	3.313239	0.842841	0.157159	3.18203
14808	-1827.802	-2109.748	281.9457	1.501011	4.909511	0.888315	0.111685	1.998658
14814	-1816.177	-2097.262	281.085	1.468934	3.745766	0.771563	0.228437	2.797694
14820	-1826.443	-2107.816	281.3731	1.604203	3.930429	0.827329	0.172671	2.497004
14826	-1826.236	-2107.365	281.129	1.29354	3.504265	0.658438	0.341562	2.930648
14832	-1809.136	-2090.31	281.1736	1.341252	2.572097	0.868204	0.131796	3.111614
14838	-1814.387	-2095.574	281.1868	1.32577	2.560154	0.954626	0.0453738	3.116361
14844	-1821.011	-2103.065	282.0539	1.37988	2.665411	0.966043	0.0339571	2.525693
14850	-1827.356	-2108.399	281.0436	1.382153	2.963298	0.915859	0.0841405	3.058817
14856	-1825.001	-2105.169	280.168	1.386514	3.629491	0.94602	0.0539803	3.418549
14862	-1830.134	-2110.394	280.2594	1.212197	3.629491	0.830977	0.169023	3.467064
14868	-1839.014	-2118.969	279.9548	1.273988	3.629491	0.867107	0.132893	3.608421
14874	-1826.981	-2107.565	280.5843	1.280834	3.508768	0.833391	0.166609	3.262106
14880	-1838.195	-2118.442	280.2479	1.270108	2.577725	0.757628	0.242372	3.694552
14886	-1827.635	-2108.075	280.4408	1.306613	3.21806	0.883585	0.116415	3.397646
14892	-1820.263	-2100.369	280.1062	1.195315	2.511532	0.895521	0.104479	3.83784
14898	-1820.595	-2101.395	280.7998	1.252876	2.043681	0.901775	0.0982251	3.547006
14904	-1819.535	-2100.337	280.8025	1.25014	2.043681	0.799567	0.200433	3.547006
14910	-1826.687	-2107.79	281.1024	1.519732	2.965746	0.898814	0.101186	2.940352
14916	-1830.765	-2112.119	281.3546	1.244419	3.338476	0.925604	0.0743964	2.862325
14922	-1829.414	-2109.247	279.8334	1.290929	4.656803	0.920263	0.0797375	3.472861
14928	-1835.947	-2115.57	279.6223	1.502958	2.764102	0.764967	0.235033	3.870749
14934	-1827.029	-2107.188	280.1585	1.206055	3.427713	0.857674	0.142326	3.573291
14940	-1828.038	-2110.685	282.6474	1.554912	2.466014	0.929184	0.0708162	2.096325
14946	-1823.494	-2105.612	282.1182	1.502372	2.793795	0.933975	0.0660247	2.371345
14952	-1816.385	-2098.014	281.6295	1.429916	2.632366	0.921825	0.0781746	2.766122
14958	-1812.483	-2093.755	281.2714	1.462741	2.789783	0.867566	0.132434	2.919463
14964	-1820.799	-2101.327	280.5279	1.390692	2.444799	0.781445	0.218555	3.49973
14970	-1820.763	-2100.497	279.7339	1.195793	3.270574	0.564413	0.435587	3.859845
14976	-1814.484	-2094.381	279.8971	1.162586	3.229444	0.964412	0.0355883	3.794488
14982	-1825.477	-2104.865	279.3888	1.068098	3.317747	0.886613	0.113387	4.119457
14988	-1822.538	-2102.445	279.9078	1.257454	2.020688	0.802932	0.197068	4.065614
14994	-1839.579	-2118.889	279.3104	1.269543	2.930402	0.794777	0.205223	4.140188
15000	-1833.421	-2114.05	280.6293	1.324542	2.847205	0.851894	0.148106	3.368294
15006	-1823.539	-2104.152	280.6128	1.37747	3.186025	0.893889	0.106111	3.262353
15012	-1825.239	-2107.244	282.005	1.445489	3.186025	0.702444	0.297556	2.373152
15018	-1835.426	-2116.806	281.3798	1.476002	4.717599	0.917622	0.0823778	2.416851
15024	-1824.018	-2104.724	280.7058	1.421673	4.197543	0.878339	0.121661	2.963118
15030	-1824.811	-2104.621	279.8098	1.335783	3.609975	0.870779	0.129221	3.660818
15036	-1825.934	-2105.787	279.8529	1.191035	3.969532	0.886837	0.113163	3.646377
15042	-1817.994	-2098.874	280.8802	1.325497	3.741707	0.801701	0.198299	3.008947
15048	-1808.949	-2090.421	281.4716	1.39954	3.455477	0.787855	0.212145	2.66875
15054	-1815.883	-2097.56	281.6771	1.426007	2.885903	0.807494	0.192506	2.66875
15060	-1809.087	-2089.671	280.5844	1.377363	2.655803	0.87885	0.12115	3.414759
15066	-1804.035	-2086.712	282.6778	1.344675	1.959981	0.863294	0.136706	2.389008
15072	-1811.345	-2093.612	282.2672	1.526857	2.497336	0.863294	0.136706	2.349772
15078	-1817.078	-2099.312	282.2348	1.577241	2.497336	0.86093	0.13907	2.338343
15084	-1820.212	-2102.24	282.0282	1.498427	4.116571	0.836627	0.163373	2.106058
15090	-1822.56	-2104.315	281.7547	1.444253	2.997903	0.86308	0.13692	2.579651
15096	-1813.897	-2097.032	283.1347	1.495333	2.240588	0.86308	0.13692	1.888422
15102	-1814.398	-2096.45	282.0515	1.164957	2.23484	0.906135	0.093865	2.792311
15108	-1813.687	-2094.981	281.2936	1.218687	2.769373	0.882796	0.117204	3.058213
15114	-1821.807	-2103.205	281.3979	1.309686	2.974151	0.939243	0.0607569	2.886629
15120	-1817.785	-2099.078	281.2933	1.319175	3.203311	0.716682	0.283318	2.886629
15126	-1813.516	-2094.1	280.5841	1.2736	2.240395	0.861265	0.138735	3.596796
15132	-1801.245	-2083.093	281.8481	1.30159	2.240395	0.861265	0.138735	2.831117
15138	-1814.934	-2095.641	280.7071	1.121629	2.366449	0.611081	0.388919	3.57517
15144	-1809.529	-2090.351	280.8226	1.162302	3.407044	0.766399	0.233601	3.214068
15150	-1821.245	-2101.547	280.3021	1.13528	2.997096	0.766399	0.233601	3.63161
15156	-1807.817	-2088.7	280.8828	1.338742	3.031801	0.846217	0.153783	3.163148
15162	-1825.108	-2105.029	279.9215	1.131452	4.27607	0.780672	0.219328	3.58269
15168	-1818.737	-2096.742	278.0057	1.017136	4.335313	0.761359	0.238641	4.726978
15174	-1817.669	-2097.261	279.592	0.9252066	2.579037	0.856818	0.143182	4.266566
15180	-1823.487	-2102.78	279.293	1.081292	2.891145	0.856818	0.143182	4.266566
15186	-1825.123	-2105.301	280.1782	1.492211	3.49858	0.865598	0.134402	3.378985
15192	-1824.451	-2105.095	280.6445	1.396615	3.86104	0.639169	0.360831	3.082369
15198	-1822.368	-2104.038	281.6706	1.479481	2.673975	0.653479	0.346521	2.698673
15204	-1819.885	-2101.559	281.6742	1.332774	2.995659	0.823963	0.176037	2.698673
15210	-1826.739	-2106.919	280.1802	1.158594	2.922173	0.891126	0.108874	3.707342
15216	-1831.412	-2110.644	279.2316	1.105792	3.621589	0.759428	0.240572	4.122134
15222	-1820.001	-2101.701	281.6999	1.467249	2.360187	0.951827	0.0481729	2.782201
15228	-1821.851	-2103.344	281.4926	1.344507	2.927315	0.894723	0.105277	2.820301
15234	-1827.717	-2107.136	279.4185	1.255529	3.617615	0.942957	0.0570433	3.930761
15240	-1816.978	-2096.525	279.5469	1.237906	3.636104	0.886068	0.113932	3.863376
15246	-1822.096	-2102.182	280.0852	1.303759	2.490177	0.891626	0.108374	3.793553
15252	-1825.991	-2106.132	280.141	1.17174	2.19596	0.942216	0.0577843	3.924911
15258	-1824.597	-2105.065	280.4684	1.160634	2.916887	0.90754	0.09246	3.540317
15264	-1829.565	-2110.348	280.783	0.9566487	1.66013	0.948686	0.0513137	3.866429
15270	-1831.676	-2112.31	280.6341	1.011763	1.802953	0.778763	0.221237	3.866429
15276	-1826.847	-2109.804	282.9566	1.300102	2.418146	0.778763	0.221237	2.076344
15282	-1824.282	-2105.158	280.8758	1.383438	2.124679	0.869098	0.130902	3.399458
15288	-1849.162	-2129.917	280.7545	1.421986	4.413941	0.914317	0.0856828	2.892202
15294	-1842.464	-2123.052	280.5885	1.319456	2.985281	0.866739	0.133261	3.359976
15300	-1835.973	-2115.873	279.9004	1.122098	3.183696	0.684568	0.315432	3.826461
15306	-1836.063	-2114.763	278.7004	1.187261	2.430064	0.636476	0.363524	4.66229
15312	-1826.641	-2105.401	278.7601	1.077774	2.698341	0.931686	0.0683145	4.617689
15318	-1840.807	-2119.884	279.0762	1.111556	2.021913	0.923268	0.076732	4.617689
15324	-1836.24	-2117.155	280.9143	1.278621	2.41722	0.893844	0.106156	3.347219
15330	-1822.794	-2103.652	280.8581	1.205924	2.381003	0.945194	0.0548065	3.433614
15336	-1819.705	-2101.453	281.7483	1.377334	1.696407	0.94709	0.0529102	3.041192
15342	-1814.32	-2095.582	281.2623	1.29891	1.920664	0.887174	0.112826	3.291744
15348	-1811.16	-2092.384	281.2241	1.288119	2.002948	0.876143	0.123857	3.291744
15354	-1812.864	-2091.956	279.0917	1.096095	3.593238	0.885815	0.114185	4.213039
15360	-1827.702	-2107.646	279.9433	1.308062	3.385295	0.905951	0.0940494	3.648404
15366	-1830.791	-2111.876	281.0856	1.399825	2.619759	0.900937	0.0990627	3.115587
15372	-1816.557	-2097.704	281.1467	1.468472	2.870147	0.857237	0.142763	2.969576
15378	-1822.317	-2104.608	282.2909	1.684246	3.107001	0.674427	0.325573	2.05504
15384	-1828.24	-2109.016	280.7752	1.300852	3.257707	0.887234	0.112766	3.194633
15390	-1825.501	-2106.33	280.8286	1.356669	3.801978	0.833596	0.166404	3.008437
15396	-1826.236	-2108.164	281.9279	1.450399	3.630895	0.81983	0.18017	2.310507
15402	-1809.979	-2092.255	282.2762	1.395548	2.299325	0.782287	0.217713	2.490283
15408	-1810.137	-2091.019	280.8828	1.359984	3.648607	0.809314	0.190686	3.006769
15414	-1837.383	-2117.737	280.3537	1.157543	2.903459	0.803965	0.196035	3.612169
15420	-1832.438	-2113.62	281.1814	1.547497	4.857402	0.843786	0.156214	2.471122
15426	-1818.758	-2099.476	280.7174	1.335203	3.429647	0.744938	0.255062	3.168783
15432	-1824.24	-2105.534	281.2937	1.2792	3.429647	0.937991	0.0620094	2.856824
15438	-1822.351	-2105.01	282.6594	1.490428	2.242879	0.901945	0.098055	2.205519
15444	-1822.229	-2103.929	281.7	1.46233	4.923978	0.885939	0.114061	2.182894
15450	-1823.54	-2106.137	282.5961	1.421375	2.660227	0.700396	0.299604	2.155907
15456	-1822.824	-2104.966	282.1421	1.562071	2.735899	0.854105	0.145895	2.334982
15462	-1825.182	-2107.66	282.4785	1.639441	3.518684	0.91071	0.08929	1.850343
15468	-1822.755	-2104.986	282.2311	1.321714	3.171151	0.743	0.257	2.311956
15474	-1827.827	-2107.807	279.9802	1.374776	3.945577	0.847614	0.152386	3.470181
15480	-1823.339	-2103.778	280.4385	1.179745	3.305421	0.921007	0.0789926	3.452957
15486	-1816.412	-2095.632	279.2195	1.19568	3.452705	0.871648	0.128352	4.113604
15492	-1816.278	-2094.248	277.9693	1.155628	3.452705	0.931475	0.0685253	4.840046
15498	-1814.532	-2093.826	279.2942	1.090709	3.278603	0.840794	0.159206	4.169163
15504	-1809.651	-2089.502	279.8501	1.294532	2.725293	0.840794	0.159206	3.869767
15510	-1819.537	-2099.182	279.6452	1.387048	2.036062	0.875386	0.124614	4.136275
15516	-1818.848	-2100.227	281.3794	1.401542	2.80374	0.95987	0.0401299	2.887405
15522	-1823.799	-2105.616	281.8176	1.712676	2.80374	0.802295	0.197705	2.425566
15528	-1820.368	-2099.071	278.7031	0.9351351	2.981294	0.96959	0.0304103	4.659165
15534	-1825.579	-2103.584	278.005	0.9351351	2.981294	0.843875	0.156125	5.048288
15540	-1829.73	-2108.052	278.322	0.9290069	2.419842	0.879985	0.120015	5.020178
15546	-1840.991	-2121.878	280.8868	1.492836	2.13971	0.877824	0.122176	3.323859
15552	-1822.959	-2103.866	280.9071	1.245754	2.825788	0.823518	0.176482	3.256679
15558	-1813.205	-2093.617	280.4121	1.429025	3.598246	0.764032	0.235968	3.256679
15564	-1810.22	-2091.217	280.9967	1.304789	2.43237	0.710275	0.289725	3.278754
15570	-1806.531	-2086.665	280.1344	1.418935	3.157352	0.708835	0.291165	3.525471
15576	-1797.317	-2077.207	279.8899	1.261651	3.182018	0.783376	0.216624	3.752517
15582	-1820.198	-2101.237	281.039	1.213211	3.727121	0.921701	0.078299	2.984149
15588	-1824.875	-2106.181	281.3057	1.449129	2.434397	0.931185	0.0688148	3.008587
15594	-1810.655	-2091.854	281.1994	1.47983	3.628726	0.776523	0.223477	2.746978
15600	-1820.57	-2100.071	279.501	1.249616	2.624345	0.826445	0.173555	4.121818
15606	-1804.102	-2083.796	279.6944	1.110597	2.618724	0.852499	0.147501	4.09241
15612	-1809.147	-2089.388	280.2413	1.002671	1.813417	0.835583	0.164417	4.09241
15618	-1808.898	-2087.9	279.002	0.9806414	3.34586	0.677777	0.322223	4.381995
15624	-1814.719	-2092.939	278.2199	1.056109	3.143768	0.905872	0.0941279	4.823662
15630	-1805.493	-2084.231	278.7383	1.11504	3.884373	0.95423	0.0457704	4.343716
15636	-1798.854	-2077.43	278.5759	1.098437	4.082073	0.741856	0.258144	4.407097
15642	-1808.875	-2089.346	280.4708	1.289499	2.90535	0.742503	0.257497	3.466685
15648	-1817.077	-2097.252	280.1754	1.196536	3.157043	0.725038	0.274962	3.630965
15654	-1799.839	-2080.5	280.6605	1.187319	2.15034	0.93686	0.0631396	3.630965
15660	-1814.96	-2093.736	278.7756	0.9446369	3.247607	0.778019	0.221981	4.55154
15666	-1814.449	-2092.392	277.9428	1.121899	4.030259	0.845869	0.154131	4.758902
15672	-1816.696	-2095.648	278.9515	1.023632	2.444376	0.763571	0.236429	4.60923
15678	-1823.556	-2100.897	277.3411	1.141121	4.678406	0.944275	0.0557255	4.969902
15684	-1840.384	-2119.832	279.4477	1.348756	4.107786	0.81224	0.18776	3.76271
15690	-1832.223	-2112.655	280.4321	1.212412	2.909161	0.979294	0.0207062	3.533269
15696	-1822.22	-2101.227	279.0071	1.129665	3.219076	0.906688	0.0933117	4.323236
15702	-1826.45	-2105.014	278.5646	1.034532	3.643644	0.85845	0.14155	4.534968
15708	-1821.109	-2099.46	278.3519	1.035342	3.963109	0.930638	0.0693624	4.591005
15714	-1819.462	-2099.463	280.0007	1.219618	2.685739	0.758121	0.241879	3.836758
15720	-1808.955	-2088.523	279.5679	1.226206	2.975756	0.829005	0.170995	4.00702
15726	-1812.246	-2091.21	278.964	1.260603	3.372499	0.907083	0.0929168	4.239318
15732	-1807.304	-2087.461	280.1573	1.208726	4.547162	0.785241	0.214759	3.350551
15738	-1810.087	-2089.567	279.4796	1.434647	3.640403	0.85166	0.14834	3.788015
15744	-1821.289	-2102.158	280.8689	1.289403	4.55712	0.965805	0.034195	2.876642
15750	-1824.334	-2103.463	279.1292	1.176815	4.595085	0.946566	0.0534342	3.956402
15756	-1820.386	-2100.799	280.4131	1.43684	4.133507	0.920254	0.0797456	3.141567
15762	-1813.637	-2094.345	280.7086	1.362145	2.414556	0.946516	0.0534844	3.419669
15768	-1807.403	-2087.806	280.4033	1.341821	3.702113	0.940077	0.0599234	3.291151
15774	-1805.132	-2086.193	281.0614	1.487832	2.760417	0.975929	0.0240708	3.038534
15780	-1821.832	-2103.382	281.5504	1.373597	2.783408	0.930016	0.0699836	2.806168
15786	-1831.006	-2111.349	280.3431	1.290081	3.466766	0.837053	0.162947	3.407815
15792	-1819.239	-2100.483	281.2445	1.276298	2.73754	0.837053	0.162947	3.061798
15798	-1823.18	-2104.852	281.6719	1.540797	2.660016	0.803982	0.196018	2.664217
15804	-1818.138	-2099.847	281.709	1.475778	3.228298	0.898802	0.101198	2.529396
15810	-1818.86	-2100.838	281.9787	1.654477	3.138921	0.96063	0.0393698	2.268951
15816	-1813.159	-2094.507	281.3481	1.276743	2.556536	0.922767	0.0772326	3.050441
15822	-1804.937	-2085.829	280.8914	1.369238	3.132853	0.906334	0.093666	3.114929
15828	-1822.351	-2101.989	279.6382	1.291669	2.557748	0.932495	0.0675054	4.037806
15834	-1828.206	-2108.682	280.4763	1.335778	2.98484	0.905238	0.0947622	3.416315
15840	-1819.993	-2102.046	282.0528	1.400355	2.376848	0.901009	0.0989914	2.601279
15846	-1811.697	-2092.549	280.8523	1.223525	2.772896	0.984192	0.0158079	3.316104
15852	-1824.735	-2106.219	281.4844	1.46739	3.769149	0.752166	0.247834	2.547906
15858	-1831.155	-2112.279	281.1237	1.395313	3.769149	0.869173	0.130827	2.813928
15864	-1825.421	-2107.093	281.6725	1.414281	2.415618	0.964456	0.0355444	2.813928
15870	-1813.35	-2093.73	280.3799	1.377071	2.489375	0.957408	0.0425916	3.580914
15876	-1820.136	-2101.645	281.5088	1.518018	3.375027	0.976526	0.023474	2.591664
15882	-1831.297	-2112.845	281.5475	1.347053	2.201529	0.827704	0.172296	2.997725
15888	-1813.936	-2094.041	280.1047	1.254326	3.200695	0.920208	0.0797924	3.628168
15894	-1827.097	-2107.374	280.2776	1.335404	2.983135	0.876545	0.123455	3.53304
15900	-1816.479	-2096.235	279.7563	1.179704	3.306589	0.876545	0.123455	3.848015
15906	-1829.114	-2109.331	280.2173	1.189891	2.54866	0.949116	0.0508845	3.766581
15912	-1828.969	-2110.084	281.1147	1.351107	4.385483	0.804631	0.195369	2.721577
15918	-1827.403	-2108.26	280.8566	1.481508	4.216145	0.843472	0.156528	2.832214
15924	-1813.668	-2095.039	281.3712	1.341509	3.220716	0.768816	0.231184	2.821568
15930	-1823.883	-2104.387	280.5035	1.341509	3.847269	0.931606	0.0683944	3.201818
15936	-1823.248	-2104.182	280.9338	1.328557	4.686807	0.814207	0.185793	2.789877
15942	-1832.712	-2113.122	280.4097	1.475299	5.205499	0.837742	0.162258	2.929566
15948	-1830.373	-2112.291	281.9175	1.561401	3.223596	0.790688	0.209312	2.345521
15954	-1833.379	-2114.787	281.4077	1.252844	3.228704	0.839998	0.160002	2.851327
15960	-1828.212	-2109.855	281.6436	1.467425	3.749515	0.947382	0.0526183	2.452685
15966	-1837.858	-2119.591	281.7331	1.671831	2.865785	0.947382	0.0526183	2.486962
15972	-1835.118	-2115.311	280.1934	1.213672	4.433173	0.919264	0.0807356	3.34696
15978	-1834.927	-2114.421	279.4934	1.161744	2.607265	0.919264	0.0807356	4.180724
15984	-1835.665	-2114.505	278.8396	1.108172	2.076338	0.954183	0.0458174	4.734471
15990	-1822.054	-2099.001	276.9476	0.9494667	2.758905	0.970219	0.0297813	5.677543
15996	-1823.841	-2104.04	280.1995	0.9568567	1.707895	0.785281	0.214719	4.181176
16002	-1812.406	-2091.909	279.5023	1.149249	2.613127	0.794615	0.205385	4.181176
16008	-1809.167	-2090.068	280.9014	1.149249	2.633441	0.927694	0.0723057	3.368835
16014	-1826.538	-2106.767	280.2297	1.25047	3.04905	0.943262	0.0567378	3.59409
16020	-1834.891	-2115.019	280.1279	1.322992	3.119329	0.929474	0.0705257	3.59409
16026	-1825.945	-2105.843	279.8984	1.240234	3.119329	0.788299	0.211701	3.77477
16032	-1837.859	-2117.518	279.6595	1.229233	3.561654	0.834878	0.165122	3.819332
16038	-1838.414	-2118.148	279.734	1.242505	3.371093	0.645084	0.354916	3.810283
16044	-1836.799	-2114.562	277.7631	1.060572	4.120723	0.849744	0.150256	4.876676
16050	-1832.306	-2112.167	279.8605	1.124349	3.396223	0.841246	0.158754	3.799902
16056	-1832.368	-2111.749	279.3802	1.139422	2.766877	0.795611	0.204389	4.21559
16062	-1835.675	-2115.499	279.824	1.234188	3.601295	0.906277	0.0937234	3.713187
16068	-1836.989	-2118.437	281.4478	1.285408	3.601295	0.843496	0.156504	2.720072
16074	-1833.45	-2112.339	278.8888	1.054054	3.460689	0.932342	0.0676581	4.37959
16080	-1840.789	-2121.749	280.9601	1.286257	3.336188	0.600633	0.399367	3.074931
16086	-1832.904	-2112.794	279.8899	1.037984	2.608631	0.9593	0.0407003	4.025064
16092	-1820.426	-2099.933	279.5072	1.336473	3.42176	0.809911	0.190089	3.875409
16098	-1809.211	-2089.686	280.4749	1.337371	2.761013	0.831153	0.168847	3.473812
16104	-1819.781	-2099.842	280.0608	1.17301	3.090839	0.831153	0.168847	3.72661
16110	-1825.745	-2107.26	281.5145	1.322975	3.357984	0.781825	0.218175	2.712376
16116	-1827.803	-2108.182	280.3783	1.276413	2.664334	0.881866	0.118134	3.591525
16122	-1816.924	-2096.829	279.9056	1.235997	3.960346	0.881866	0.118134	3.591525
16128	-1813.513	-2094.044	280.5312	1.023659	2.534767	0.895052	0.104948	3.685228
16134	-1817.694	-2096.414	278.72	0.973932	2.534767	0.957483	0.0425169	4.741701
16140	-1821.584	-2100.588	279.0046	1.037915	3.652938	0.814699	0.185301	4.282991
16146	-1827.859	-2106.295	278.4357	0.9838896	1.753801	0.855497	0.144503	5.137452
16152	-1816.791	-2095.516	278.7252	1.120931	2.69513	0.82226	0.17774	4.613896
16158	-1832.525	-2111.532	279.007	1.264302	3.453757	0.82226	0.17774	4.195154
16164	-1819.966	-2101.161	281.1952	1.190877	2.569175	0.895959	0.104041	3.188964
16170	-1811.795	-2090.977	279.182	1.158003	3.451948	0.802432	0.197568	4.156539
16176	-1821.034	-2100.305	279.2711	1.118903	3.322073	0.764113	0.235887	4.156539
16182	-1817.565	-2099.253	281.6875	1.399138	3.625049	0.800911	0.199089	2.496032
16188	-1818.462	-2098.159	279.6971	1.251147	2.112114	0.789096	0.210904	4.159345
16194	-1828.017	-2109.112	281.0949	1.521462	3.129724	0.847863	0.152137	2.902349
16200	-1818.477	-2100.99	282.513	1.697347	3.274985	0.852087	0.147913	1.851232
16206	-1812.415	-2094.517	282.1016	1.662891	2.647855	0.852087	0.147913	2.322523
16212	-1819.525	-2100.476	280.9508	1.511531	3.678313	0.90883	0.0911703	2.867985
16218	-1795.27	-2076.612	281.3415	1.442857	3.185616	0.932034	0.0679659	2.786618
16224	-1805.547	-2087.435	281.8881	1.285722	2.805173	0.808091	0.191909	2.647185
16230	-1807.687	-2089.81	282.1225	1.350996	2.763457	0.852111	0.147889	2.472698
16236	-1820.126	-2100.833	280.7074	1.347828	3.607155	0.909594	0.0904056	3.127802
16242	-1809.907	-2091.025	281.1178	1.425228	3.607155	0.816315	0.183685	2.834742
16248	-1814.205	-2096.749	282.5439	1.613748	2.248055	0.886838	0.113162	2.198654
16254	-1832.802	-2115.595	282.7928	1.523501	2.608645	0.886838	0.113162	1.974817
16260	-1823.46	-2105.81	282.3497	1.562067	2.608645	0.903117	0.0968835	2.240102
16266	-1824.5	-2104.027	279.5269	1.422049	3.317933	0.932378	0.0676223	3.838016
16272	-1832.163	-2112.036	279.8733	1.09196	3.276635	0.77708	0.22292	3.838016
16278	-1817.709	-2097.891	280.1818	1.320569	2.126774	0.77708	0.22292	3.838016
16284	-1820.31	-2100.641	280.3313	1.306447	2.482481	0.632363	0.367637	3.652047
16290	-1825.717	-2105.963	280.2457	1.230624	2.625945	0.686675	0.313325	3.705337
16296	-1822.307	-2103.456	281.1485	1.418277	2.436654	0.931875	0.068125	3.120286
16302	-1830.327	-2112.236	281.909	1.340435	1.634136	0.912368	0.087632	2.992287
16308	-1824.209	-2106.139	281.9298	1.504266	1.890147	0.86858	0.13142	2.780178
16314	-1815.599	-2097.138	281.539	1.289812	1.959588	0.712648	0.287352	3.119374
16320	-1818.084	-2098.067	279.9822	1.307611	3.116667	0.839057	0.160943	3.688081
16326	-1819.734	-2097.917	278.1829	1.21832	2.923112	0.839057	0.160943	4.805659
16332	-1820.648	-2102.001	281.3538	1.249789	2.008068	0.83129	0.16871	3.236034
16338	-1817.11	-2097.429	280.319	1.177406	2.280792	0.925506	0.0744939	3.793262
16344	-1822.545	-2102.403	279.8583	1.266361	3.075612	0.846561	0.153439	3.793262
16350	-1820.764	-2099.533	278.7684	1.108047	3.425995	0.875697	0.124303	4.424494
16356	-1829.274	-2108.658	279.3837	1.018635	3.848852	0.875697	0.124303	4.038992
16362	-1819.365	-2098.166	278.8006	1.297465	3.894976	0.544716	0.455284	4.203101
16368	-1810.812	-2092.362	281.5503	1.261478	2.67928	0.872279	0.127721	2.903113
16374	-1821.76	-2100.699	278.9396	1.161837	4.61355	0.684897	0.315103	4.070082
16380	-1816.539	-2095.978	279.4388	1.237079	4.258927	0.905843	0.0941568	3.803921
16386	-1815.313	-2095.995	280.6822	1.356221	3.509306	0.951861	0.0481392	3.159337
16392	-1811.16	-2092.035	280.8743	1.217612	2.484936	0.685848	0.314152	3.38663
16398	-1809.35	-2090.263	280.9125	1.176392	2.257699	0.851561	0.148439	3.456677
16404	-1823.072	-2104.108	281.0351	1.271321	2.039002	0.951179	0.0488207	3.400351
16410	-1821.609	-2098.425	276.8166	1.109212	2.983286	0.894398	0.105602	5.607586
16416	-1826.066	-2108.226	282.1596	1.564335	3.331484	0.958101	0.0418992	2.160576
16422	-1819.971	-2099.712	279.7409	1.370061	4.089451	0.905234	0.0947663	3.584192
16428	-1806.388	-2089.355	282.9673	1.692735	2.650004	0.877958	0.122042	1.725785
16434	-1804.686	-2087.285	282.5984	1.524964	2.299768	0.872845	0.127155	2.203118
16440	-1818.687	-2101.85	283.1625	1.736046	2.538075	0.89485	0.10515	1.593338
16446	-1812.816	-2095.607	282.7905	1.565818	2.49474	0.849176	0.150824	1.984883
16452	-1817.837	-2099.89	282.0531	1.436641	2.78698	0.939729	0.0602714	2.455831
16458	-1824.979	-2106.669	281.69	1.598044	3.264159	0.84194	0.15806	2.455831
16464	-1826.08	-2109.196	283.1156	1.685752	2.183153	0.844462	0.155538	1.792125
16470	-1822.541	-2106.149	283.6081	1.84216	1.906781	0.95585	0.04415	1.436969
16476	-1835.917	-2119.109	283.1919	1.782333	2.297077	0.922287	0.0777127	1.626734
16482	-1818.314	-2099.703	281.3889	1.644393	4.519238	0.843468	0.156532	2.342105
16488	-1816.203	-2097.747	281.5439	1.293194	4.301879	0.751752	0.248248	2.508266
16494	-1813.427	-2094.798	281.3709	1.432988	3.817719	0.702432	0.297568	2.628935
16500	-1820.396	-2100.518	280.1225	1.529705	3.817719	0.754327	0.245673	3.321752
16506	-1809.983	-2091.435	281.4517	1.48972	3.809501	0.845114	0.154886	2.545468
16512	-1815.439	-2095.762	280.3226	1.393863	3.193763	0.748239	0.251761	3.421548
16518	-1820.928	-2101.247	280.3192	1.692863	3.326171	0.775495	0.224505	3.216536
16524	-1827.175	-2109.536	282.3608	1.654737	3.659792	0.775495	0.224505	1.884828
16530	-1812.936	-2093.269	280.3331	1.114846	3.659792	0.818427	0.181573	3.47445
16536	-1822.371	-2103.559	281.1882	1.460132	3.191451	0.729774	0.270226	2.867817
16542	-1827.262	-2107.587	280.3256	1.245643	3.191451	0.890414	0.109586	3.506945
16548	-1834.329	-2113.08	278.7506	1.329096	2.982268	0.890414	0.109586	4.410837
16554	-1819.252	-2098.117	278.8643	1.179932	3.06629	0.780813	0.219187	4.410837
16560	-1815.795	-2096.477	280.6821	1.38609	3.744253	0.695639	0.304361	3.090674
16566	-1814.231	-2096.127	281.8962	1.283065	1.834168	0.852383	0.147617	2.955496
16572	-1825.106	-2105.437	280.3308	1.452179	3.634638	0.810344	0.189656	3.283154
16578	-1809.179	-2090.679	281.4999	1.51434	4.017975	0.865709	0.134291	2.455348
16584	-1815.018	-2096.698	281.6802	1.495036	3.762342	0.793176	0.206824	2.409425
16590	-1804.14	-2084.857	280.7171	1.495036	3.691559	0.793176	0.206824	3.015848
16596	-1821.707	-2102.477	280.7696	1.36245	4.447716	0.820183	0.179817	2.912727
16602	-1819.086	-2099.472	280.3859	1.335345	4.514741	0.747949	0.252051	3.146446
16608	-1821.696	-2102.36	280.6633	1.353302	3.627199	0.877566	0.122434	3.146446
16614	-1829.326	-2110.976	281.6501	1.385363	2.268067	0.89241	0.10759	2.891335
16620	-1819.165	-2098.989	279.8233	1.22487	1.985408	0.80939	0.19061	4.144026
16626	-1808.894	-2088.589	279.6945	1.203512	3.130955	0.699205	0.300795	3.910291
16632	-1826.661	-2107.939	281.2788	1.17821	2.623117	0.631402	0.368598	3.131534
16638	-1817.363	-2098.053	280.6902	1.2859	3.810684	0.657096	0.342904	3.131534
16644	-1828.493	-2109.213	280.7205	1.155494	3.043616	0.878767	0.121233	3.364271
16650	-1830.853	-2112.732	281.8786	1.535252	3.043616	0.951221	0.0487785	2.433369
16656	-1814.71	-2098.344	283.6337	1.716648	1.67723	0.98247	0.0175297	1.620472
16662	-1809.193	-2092.544	283.3518	1.684163	2.197921	0.798859	0.201141	1.620472
16668	-1808.429	-2091.416	282.9874	1.592567	2.392419	0.778859	0.221141	1.868431
16674	-1805.18	-2086.947	281.7667	1.319637	2.885653	0.789731	0.210269	2.679077
16680	-1815.48	-2096.664	281.1847	1.476061	5.769011	0.793532	0.206468	2.360426
16686	-1816.033	-2097.116	281.0827	1.355504	3.587309	0.776207	0.223793	2.90263
16692	-1809.244	-2090.874	281.63	1.492497	3.128239	0.905301	0.0946993	2.593272
16698	-1820.879	-2100.915	280.0358	1.392236	3.630133	0.748691	0.251309	3.492362
16704	-1829.233	-2111.407	282.1731	1.827975	2.816596	0.755974	0.244026	2.11999
16710	-1827.09	-2109.309	282.2185	1.638036	1.707738	0.85094	0.14906	2.592053
16716	-1817.801	-2098.297	280.4961	1.609516	4.164555	0.907799	0.0922013	2.982703
16722	-1813.279	-2093.584	280.3049	1.578358	4.158218	0.915445	0.0845554	3.116914
16728	-1809.104	-2090.7	281.5963	1.751284	3.431779	0.862354	0.137646	2.377217
16734	-1815.84	-2097.522	281.6824	1.631598	3.220087	0.790106	0.209894	2.450598
16740	-1803.837	-2085.151	281.3144	1.746741	3.90199	0.826276	0.173724	2.450598
16746	-1814.504	-2095.692	281.1886	1.516702	2.87482	0.889518	0.110482	2.914049
16752	-1819.626	-2101.815	282.1897	1.693456	3.272069	0.892677	0.107323	2.071682
16758	-1824.915	-2107.036	282.1209	1.880545	3.647243	0.887213	0.112787	1.897482
16764	-1829.25	-2111.561	282.3113	1.867766	3.647243	0.810444	0.189556	1.775463
16770	-1839.605	-2119.376	279.7708	1.441103	4.003737	0.878718	0.121282	3.542111
16776	-1831.388	-2112.586	281.1981	1.426596	3.599254	0.890954	0.109046	2.786834
16782	-1811.133	-2092.539	281.4062	1.573787	3.822283	0.836424	0.163576	2.518684
16788	-1808.211	-2090.124	281.9131	1.408579	3.024037	0.75892	0.24108	2.496344
16794	-1817.579	-2098.207	280.6277	1.587723	4.588575	0.921422	0.078578	2.836258
16800	-1814.032	-2094.896	280.8638	1.500266	4.383447	0.749354	0.250646	2.784089
16806	-1808.575	-2089.893	281.3174	1.438804	2.799425	0.736787	0.263213	2.903493
16812	-1807.741	-2086.853	279.1116	1.256359	3.563441	0.867116	0.132884	4.116886
16818	-1803.352	-2082.376	279.0235	1.278811	3.361728	0.74586	0.25414	4.197575
16824	-1811.903	-2092.181	280.2783	1.191098	2.54195	0.819389	0.180611	3.732592
16830	-1823.691	-2103.496	279.8046	1.274111	3.435368	0.912003	0.0879974	3.737154
16836	-1835.315	-2115.258	279.943	1.302075	3.657814	0.833696	0.166304	3.593027
16842	-1833.101	-2113.276	280.1747	1.231617	3.657814	0.831591	0.168409	3.499174
16848	-1826.602	-2105.727	279.1248	1.283126	4.351424	0.935288	0.0647119	3.940932
16854	-1824.54	-2103.97	279.4303	1.174276	3.761527	0.811659	0.188341	3.940932
16860	-1819.042	-2098.789	279.7466	1.150813	4.130596	0.787122	0.212878	3.700094
16866	-1816.831	-2098.399	281.568	1.465548	2.896749	0.934585	0.065415	2.708538
16872	-1819.26	-2099.951	280.6916	1.504761	4.659192	0.874674	0.125326	2.834988
16878	-1814.877	-2095.965	281.0875	1.439705	3.832051	0.856467	0.143533	2.795518
16884	-1809.111	-2090.028	280.9169	1.672586	3.558902	0.806074	0.193926	2.817309
16890	-1808.187	-2088.51	280.3226	1.336001	3.319178	0.890718	0.109282	3.426189
16896	-1821.057	-2101.401	280.3441	1.22121	3.562735	0.922554	0.0774459	3.426594
16902	-1820.676	-2099.533	278.8569	1.037817	3.402233	0.849612	0.150388	4.419298
16908	-1817.49	-2097.169	279.6792	0.9923683	3.489003	0.849612	0.150388	3.959447
16914	-1833.969	-2112.602	278.6326	1.185087	2.834685	0.77493	0.22507	4.594333
16920	-1824.928	-2106.538	281.6105	1.185087	1.971025	0.897332	0.102668	3.13506
16926	-1826.31	-2103.55	277.2404	1.06872	3.082888	0.896356	0.103644	5.373657
16932	-1837.515	-2119.84	282.3241	1.546292	3.221573	0.884755	0.115245	2.09328
16938	-1830.151	-2109.39	279.2392	1.186506	2.716782	0.924059	0.0759409	4.28175
16944	-1822.132	-2101.764	279.6319	1.158999	2.4395	0.890828	0.109172	4.150091
16950	-1814.446	-2095.232	280.7865	1.118076	2.926271	0.926431	0.0735694	3.376869
16956	-1825.511	-2107.795	282.2833	1.480327	2.587955	0.847567	0.152433	2.34114
16962	-1842.437	-2122.004	279.5678	1.610619	3.417477	0.837776	0.162224	3.683485
16968	-1835.642	-2115.769	280.1277	1.060085	3.393038	0.596982	0.403018	3.683485
16974	-1821.838	-2101.671	279.8333	1.32459	5.073717	0.701295	0.298705	3.383151
16980	-1824.759	-2105.967	281.2082	1.32459	2.836165	0.725682	0.274318	3.028016
16986	-1823.214	-2104.434	281.2197	1.341774	3.286349	0.901122	0.0988778	2.89739
16992	-1823.499	-2104.81	281.3113	1.269796	3.286349	0.805903	0.194097	2.885565
16998	-1837.479	-2118.033	280.5538	1.273344	2.845424	0.835479	0.164521	3.443018
17004	-1834.775	-2117.143	282.368	1.589111	2.709282	0.873691	0.126309	2.180381
17010	-1838.922	-2120.791	281.8691	1.481018	2.709282	0.949571	0.0504289	2.565121
17016	-1830.415	-2112.712	282.2974	1.558431	2.614728	0.828933	0.171067	2.274178
17022	-1829.592	-2109.722	280.1297	1.349064	3.116293	0.828933	0.171067	3.578638
17028	-1848.654	-2127.748	279.094	1.205224	3.134641	0.828933	0.171067	4.250698
17034	-1833.438	-2111.868	278.4302	1.096632	3.575498	0.958813	0.0411873	4.589566
17040	-1838.17	-2115.808	277.638	1.111139	3.863876	0.87118	0.12882	4.966327
17046	-1837.153	-2112.454	275.3004	1.1586	3.653054	0.885038	0.114962	6.264864
17052	-1820.568	-2099.186	278.6173	1.030584	2.709305	0.804493	0.195507	4.721249
17058	-1820.531	-2101.126	280.5947	1.265818	3.064349	0.823817	0.176183	3.368223
17064	-1812.431	-2092.221	279.7908	1.312289	2.699827	0.823817	0.176183	3.900361
17070	-1812.934	-2093.817	280.8825	1.36942	4.138752	0.933354	0.0666461	2.899664
17076	-1823.32	-2104.341	281.0204	1.237033	2.948918	0.916902	0.0830981	3.162779
17082	-1829.116	-2109.742	280.6261	1.425969	3.216158	0.657916	0.342084	3.218653
17088	-1831.142	-2111.011	279.869	1.162389	3.095038	0.781809	0.218191	3.842275
17094	-1821.698	-2101.574	279.8757	1.153361	2.44229	0.799678	0.200322	4.01363
17100	-1825.534	-2105.905	280.3709	1.107046	2.530893	0.799678	0.200322	3.73074
17106	-1821.33	-2100.837	279.5066	0.935906	1.908889	0.708335	0.291665	4.512343
17112	-1825.896	-2105.817	279.9215	1.158673	2.758249	0.708335	0.291665	3.898097
17118	-1824.095	-2106.918	282.8228	1.552616	2.683017	0.894797	0.105203	1.911476
17124	-1824.049	-2106.69	282.6403	1.474852	2.110206	0.810598	0.189402	2.27472
17130	-1823.861	-2106.093	282.2319	1.474852	3.108589	0.748322	0.251678	2.229659
17136	-1836.021	-2118.167	282.1465	1.48259	2.030149	0.789007	0.210993	2.609157
17142	-1831.188	-2113.41	282.2221	1.302823	2.216202	0.789007	0.210993	2.609157
17148	-1812.101	-2094.252	282.1505	1.507462	2.528111	0.922194	0.0778057	2.426322
17154	-1819.729	-2101.881	282.1517	1.34297	2.975272	0.865245	0.134755	2.400682
17160	-1822.962	-2102.493	279.5311	1.245393	3.984313	0.927408	0.0725915	3.797943
17166	-1825.564	-2104.046	278.482	1.11882	3.12013	0.808168	0.191832	4.647486
17172	-1826.319	-2105.259	278.9405	0.9536434	3.170585	0.808168	0.191832	4.471149
17178	-1810.035	-2089.656	279.6212	1.104105	2.982292	0.941147	0.0588525	4.044653
17184	-1813.985	-2094.951	280.9662	1.403855	2.982292	0.941147	0.0588525	3.08725
17190	-1800.695	-2081.941	281.2465	1.403855	2.939398	0.864588	0.135412	2.9302
17196	-1810.39	-2091.797	281.4065	1.305944	1.853564	0.835393	0.164607	3.226786
17202	-1810.009	-2091.958	281.9491	1.462754	2.215157	0.851772	0.148228	2.67927
17208	-1826.454	-2108.058	281.6045	1.446	2.820423	0.706874	0.293126	2.718825
17214	-1822.77	-2101.054	278.284	1.111402	2.101559	0.975507	0.0244934	5.034205
17220	-1823.633	-2104.719	281.0856	1.254706	2.567864	0.846778	0.153222	3.216461
17226	-1823.232	-2102.672	279.4396	1.201351	3.176242	0.919233	0.0807668	4.046737
17232	-1822.777	-2103.194	280.4174	1.295876	3.106751	0.777332	0.222668	3.4442
17238	-1824.43	-2104.178	279.7472	1.436327	3.936	0.719296	0.280704	3.57195
17244	-1803.169	-2084.863	281.6939	1.436327	2.459889	0.867955	0.132045	2.773936
17250	-1815.674	-2096.56	280.8855	1.436327	4.047219	0.789644	0.210356	2.875679
17256	-1823.637	-2105.458	281.8204	1.475003	4.047219	0.741327	0.258673	2.270768
17262	-1830.091	-2111.978	281.8873	1.49566	4.275854	0.838608	0.161392	2.166135
17268	-1824.688	-2107.244	282.5568	1.594901	2.242171	0.741328	0.258672	2.204507
17274	-1834.346	-2115.857	281.5108	1.551972	2.427627	0.767262	0.232738	2.82484
17280	-1845.154	-2125.94	280.7866	1.610756	3.105661	0.902131	0.0978692	3.039962
17286	-1831.069	-2111.604	280.5347	1.395619	3.271396	0.844865	0.155135	3.277561
17292	-1830.319	-2109.975	279.6558	1.318006	3.530579	0.90986	0.0901399	3.776992
17298	-1833.177	-2113.635	280.4584	1.463944	2.624429	0.707918	0.292082	3.446514
17304	-1821.139	-2103.556	282.4167	1.406386	2.147491	0.95419	0.0458095	2.446757
17310	-1814.838	-2095.946	281.1076	1.406386	5.022583	0.885793	0.114207	2.575928
17316	-1812.492	-2094.461	281.9693	1.483979	2.97073	0.839307	0.160693	2.428001
17322	-1825.025	-2105.013	279.9876	1.394632	2.180178	0.839307	0.160693	3.890045
17328	-1823.672	-2103.766	280.0934	1.272684	3.030017	0.933197	0.0668028	3.664881
17334	-1832.348	-2112.889	280.5403	1.046515	2.548315	0.914483	0.0855173	3.662886
17340	-1830.535	-2111.78	281.2451	1.164036	2.282444	0.917953	0.0820467	3.260828
17346	-1828.065	-2107.746	279.6804	1.245296	2.088361	0.742706	0.257294	4.179812
17352	-1842.975	-2123.579	280.604	1.294751	3.57753	0.861327	0.138673	3.227125
17358	-1832.231	-2113.094	280.8627	1.363809	2.77323	0.910359	0.0896409	3.227125
17364	-1825.457	-2105.405	279.9485	1.174195	3.574801	0.681489	0.318511	3.681523
17370	-1824.146	-2104.939	280.7925	1.536035	2.904466	0.78225	0.21775	3.131986
17376	-1823.88	-2105.987	282.1072	1.367455	2.771199	0.930128	0.0698716	2.46977
17382	-1811.86	-2093.198	281.3389	1.518481	4.198817	0.935746	0.0642539	2.516246
17388	-1834.109	-2114.896	280.7867	1.33028	3.013263	0.951302	0.0486981	3.22976
17394	-1836.85	-2117.409	280.5591	1.590188	3.971648	0.82347	0.17653	2.994933
17400	-1840.922	-2123.31	282.3882	1.69937	2.61002	0.82347	0.17653	2.125649
17406	-1846.127	-2127.549	281.4221	1.562273	3.975198	0.835098	0.164902	2.483112
17412	-1827.261	-2108.118	280.8571	1.434402	3.197278	0.965578	0.0344217	3.080873
17418	-1818.868	-2099.955	281.0872	1.447101	2.639476	0.969315	0.0306848	3.080873
17424	-1830.535	-2110.503	279.9684	1.325583	2.82476	0.929106	0.0708945	3.757947
17430	-1839.202	-2119.232	280.0303	1.40405	4.792991	0.903604	0.0963965	3.267312
17436	-1828.791	-2107.896	279.1049	1.301199	4.792991	0.833011	0.166989	3.865515
17442	-1827.506	-2108.987	281.4811	1.300425	2.592183	0.918543	0.0814567	2.94613
17448	-1822.618	-2103.73	281.1126	1.431218	2.699984	0.931708	0.0682925	3.058365
17454	-1840.715	-2120.065	279.3503	1.189977	3.391399	0.91494	0.0850599	4.055709
17460	-1827.845	-2108.474	280.629	1.279589	3.626663	0.866736	0.133264	3.210624
17466	-1824.357	-2104.396	280.0389	1.150694	1.913096	0.872276	0.127724	4.088162
17472	-1826.179	-2105.213	279.0345	1.086678	3.521611	0.966082	0.033918	4.265819
17478	-1835.126	-2114.48	279.3533	1.37779	3.521611	0.938826	0.0611738	3.918357
17484	-1829.278	-2110.109	280.8315	1.288461	3.775972	0.881383	0.118617	3.053038
17490	-1838.69	-2117.407	278.7175	1.117326	3.422444	0.885622	0.114378	4.448729
17496	-1827.271	-2107.622	280.351	1.274121	3.369739	0.942224	0.0577764	3.434288
17502	-1834.964	-2116.592	281.6276	1.471846	3.988445	0.813786	0.186214	2.407967
17508	-1836.08	-2117.88	281.7992	1.508599	3.558747	0.813786	0.186214	2.372209
17514	-1827.333	-2107.515	280.1826	1.149375	3.773499	0.868097	0.131903	3.518361
17520	-1835.435	-2113.086	277.6517	1.018101	2.539237	0.874264	0.125736	5.309214
17526	-1832.484	-2113.005	280.5208	1.018101	2.069074	0.874264	0.125736	3.835714
17532	-1832.508	-2112.308	279.8001	1.21446	2.921316	0.872034	0.127966	3.894219
17538	-1840.204	-2119.401	279.1975	1.21446	3.503713	0.758139	0.241861	4.104506
17544	-1837.592	-2118.63	281.0382	1.343595	4.100477	0.933277	0.0667228	2.828602
17550	-1847.511	-2126.747	279.2362	1.082383	2.10053	0.874855	0.125145	4.518936
17556	-1838.902	-2118.874	279.9719	1.319616	3.082929	0.785292	0.214708	3.695173
17562	-1830.223	-2111.044	280.8206	1.255476	2.323067	0.885271	0.114729	3.444012
17568	-1834.824	-2115.457	280.6324	1.18569	2.862011	0.681994	0.318006	3.444012
17574	-1821.674	-2102.17	280.4961	1.327862	3.192987	0.681994	0.318006	3.358662
17580	-1830.24	-2111.043	280.8026	1.189548	2.797965	0.963994	0.0360058	3.358662
17586	-1826.366	-2107.277	280.9112	1.211666	2.519045	0.830066	0.169934	3.358662
17592	-1831.561	-2111.222	279.6605	1.252968	2.227343	0.839366	0.160634	4.143111
17598	-1834.674	-2116.759	282.0842	1.372656	2.59237	0.898763	0.101237	2.532863
17604	-1841.993	-2125.192	283.1997	1.462059	1.784117	0.937993	0.0620071	2.046351
17610	-1828.719	-2110.656	281.9366	1.251151	2.974092	0.773835	0.226165	2.592881
17616	-1811.838	-2093.741	281.9029	1.205944	2.835486	0.854762	0.145238	2.678898
17622	-1805.745	-2087.494	281.7488	1.16718	1.696015	0.883611	0.116389	3.166301
17628	-1801.675	-2083.801	282.1255	1.485693	2.680173	0.869761	0.130239	2.410185
17634	-1824.788	-2104.989	280.2017	1.32958	3.56824	0.884213	0.115787	3.445312
17640	-1827.069	-2108.177	281.1086	1.271292	2.453033	0.890901	0.109099	3.226318
17646	-1842.204	-2121.85	279.6464	0.9725435	3.444066	0.690809	0.309191	3.999265
17652	-1828.391	-2109.73	281.3385	1.131196	1.62974	0.813758	0.186242	3.455604
17658	-1833.335	-2113.406	280.0702	1.40796	4.391978	0.677372	0.322628	3.312662
17664	-1824.22	-2104.603	280.3828	1.236168	3.347581	0.73149	0.26851	3.442924
17670	-1820.534	-2101.142	280.6079	1.400711	2.803536	0.879711	0.120289	3.347538
17676	-1832.684	-2113.485	280.8005	1.331909	3.555157	0.786092	0.213908	3.093281
17682	-1824.33	-2105.379	281.0489	1.277457	3.061855	0.786092	0.213908	3.093281
17688	-1836.481	-2118.405	281.9241	1.41327	2.205027	0.921893	0.0781074	2.728309
17694	-1819.147	-2100.959	281.8117	1.435497	2.418586	0.973122	0.0268776	2.715091
17700	-1813.436	-2095.224	281.7874	1.510303	2.319984	0.910752	0.0892482	2.715091
17706	-1822.963	-2102.106	279.1426	1.131106	2.319984	0.965205	0.0347955	4.477176
17712	-1828.527	-2107.541	279.0144	0.9948862	2.319984	0.850212	0.149788	4.625741
17718	-1814.083	-2094.467	280.3842	1.114346	3.059667	0.677794	0.322206	3.580827
17724	-1817.662	-2099.375	281.7128	1.337119	2.605377	0.854656	0.145344	2.779722
17730	-1819.035	-2100.062	281.027	1.343141	3.088171	0.885934	0.114066	3.060575
17736	-1823.204	-2103.959	280.7549	1.159135	4.357082	0.893499	0.106501	3.060575
17742	-1804.735	-2085.402	280.667	1.345303	4.134176	0.905325	0.0946751	3.044584
17748	-1801.158	-2082.488	281.3305	1.259009	3.269181	0.900623	0.0993767	2.884547
17754	-1813.978	-2094.877	280.8987	1.163256	2.536555	0.939457	0.0605435	3.389405
17760	-1810.125	-2090.452	280.3265	1.213198	2.313876	0.723948	0.276052	3.758309
17766	-1814.076	-2095.262	281.1854	1.213198	3.111114	0.66244	0.33756	3.037865
17772	-1811.84	-2092.825	280.9854	1.36324	3.234053	0.866863	0.133137	3.037865
17778	-1811.968	-2093.047	281.0795	1.36324	2.854007	0.625633	0.374367	3.077144
17784	-1811.646	-2092.877	281.2314	1.334877	2.824863	0.756238	0.243762	3.010973
17790	-1809.475	-2090.179	280.7043	1.355361	4.022418	0.803179	0.196821	3.038415
17796	-1806.888	-2088.543	281.655	1.293198	2.158826	0.803179	0.196821	2.979608
17802	-1817.025	-2098.358	281.333	1.159919	1.722221	0.973517	0.0264832	3.405583
17808	-1818.636	-2099.712	281.0767	1.547335	3.605178	0.970933	0.0290667	2.785907
17814	-1813.364	-2095.089	281.7254	1.484967	2.666296	0.984899	0.0151011	2.663868
17820	-1815.307	-2095.393	280.0859	1.139323	2.654395	0.867108	0.132892	3.842368
17826	-1819.064	-2099.065	280.0007	1.074671	2.989932	0.815647	0.184353	3.842368
17832	-1821.716	-2101.464	279.748	1.229732	2.508881	0.838474	0.161526	4.0241
17838	-1831.419	-2111.309	279.8903	1.181678	3.192806	0.629293	0.370707	3.795895
17844	-1828.791	-2108.786	279.9947	1.158321	4.167902	0.808349	0.191651	3.544785
17850	-1825.982	-2105.268	279.286	1.203891	2.696217	0.806049	0.193951	4.250815
17856	-1826.58	-2106.608	280.0277	1.19396	2.650194	0.863106	0.136894	3.845547
17862	-1820.1	-2100.826	280.7264	1.17684	3.24136	0.963981	0.0360188	3.300574
17868	-1815.12	-2095.205	280.0844	1.300058	3.4833	0.90543	0.0945695	3.549406
17874	-1827.606	-2108.491	280.8849	1.216381	2.42764	0.7699	0.2301	3.397935
17880	-1822.002	-2100.483	278.4803	1.094191	2.647805	0.754195	0.245805	4.778274
17886	-1822.691	-2101.839	279.1477	1.126157	2.038304	0.769791	0.230209	4.564034
17892	-1808.317	-2088.831	280.5139	1.431284	2.875474	0.929837	0.0701635	3.36604
17898	-1816.482	-2097.673	281.1914	1.445494	3.364627	0.725719	0.274281	2.833167
17904	-1812.591	-2093.865	281.2742	1.394549	3.283329	0.767946	0.232054	2.833167
17910	-1808.57	-2089.986	281.4166	1.171035	2.385365	0.871655	0.128345	3.123305
17916	-1822.409	-2103.589	281.1797	1.4797	2.248036	0.908296	0.0917042	3.123305
17922	-1821.769	-2103.208	281.4392	1.548201	4.246571	0.791803	0.208197	2.425037
17928	-1816.223	-2096.113	279.8899	1.258516	3.585173	0.758416	0.241584	3.66446
17934	-1818.688	-2098.367	279.6786	1.479383	3.559025	0.894678	0.105322	3.66446
17940	-1818.783	-2098.962	280.1791	1.342923	3.093692	0.803895	0.196105	3.558891
17946	-1829.586	-2109.847	280.2615	1.19681	2.511123	0.803895	0.196105	3.747647
17952	-1823.953	-2105.091	281.1374	1.412395	3.838173	0.864298	0.135702	2.780433
17958	-1817.008	-2098.234	281.226	1.174344	2.455497	0.812278	0.187722	3.213529
17964	-1839.093	-2117.456	278.3638	1.079284	2.315143	0.889078	0.110922	4.94329
17970	-1827.393	-2107.155	279.762	1.234858	2.866261	0.886544	0.113456	3.918147
17976	-1834.337	-2113.861	279.5237	1.028165	1.963355	0.928286	0.0717144	4.432332
17982	-1830.815	-2109.414	278.5993	1.005796	2.351133	0.887408	0.112592	4.842671
17988	-1822.335	-2100.618	278.2828	1.062548	3.017193	0.935869	0.0641305	4.814314
17994	-1829.03	-2109.599	280.5695	1.062548	3.017193	0.950482	0.0495176	3.513479
18000	-1820.844	-2098.774	277.9296	1.016169	3.303615	0.742242	0.257758	4.971873
18006	-1834.241	-2113.124	278.8824	0.9551992	1.577302	0.759162	0.240838	4.971873
18012	-1835.711	-2115.625	279.9146	1.125928	2.240035	0.775657	0.224343	4.066859
18018	-1824.058	-2104.612	280.5535	1.210488	4.101379	0.906862	0.0931384	3.198819
18024	-1823.224	-2103.459	280.2353	1.293116	3.256637	0.763001	0.236999	3.516664
18030	-1817.245	-2096.751	279.5059	1.11965	3.256637	0.789649	0.210351	4.03709
18036	-1818.662	-2098.067	279.4051	1.178533	3.142449	0.852989	0.147011	4.087309
18042	-1843.459	-2123.84	280.3813	1.320581	4.968076	0.753455	0.246545	3.078803
18048	-1834.634	-2115.46	280.8257	1.262515	3.749285	0.852283	0.147717	3.0776
18054	-1823.19	-2104.702	281.5125	1.358743	4.515883	0.889628	0.110372	2.445198
18060	-1827.215	-2108.626	281.4113	1.450835	3.490158	0.774067	0.225933	2.666219
18066	-1822.475	-2103.126	280.651	1.311369	3.331897	0.782295	0.217705	3.244598
18072	-1829.024	-2109.431	280.4075	1.255528	3.361651	0.896206	0.103794	3.41391
18078	-1831.423	-2112.918	281.4943	1.255528	3.698982	0.810347	0.189653	2.688159
18084	-1841.21	-2121.907	280.6969	1.252391	3.698982	0.815282	0.184718	3.171005
18090	-1830.236	-2110.313	280.0767	1.257104	2.979968	0.823472	0.176528	3.695839
18096	-1832.055	-2111.574	279.5186	1.245058	4.549577	0.920268	0.0797319	3.701087
18102	-1834.787	-2113.361	278.5737	1.106046	4.924482	0.829323	0.170677	4.258181
18108	-1819.939	-2100.436	280.4966	1.380168	2.807307	0.876044	0.123956	3.423878
18114	-1836.399	-2114.602	278.2036	1.21542	2.807307	0.841537	0.158463	4.824181
18120	-1824.638	-2104.531	279.8923	1.211591	2.807307	0.791701	0.208299	3.871795
18126	-1821.634	-2102.481	280.8463	1.352222	3.423562	0.791701	0.208299	3.083357
18132	-1816.62	-2098.205	281.5847	1.466499	2.801441	0.963448	0.0365519	2.723591
18138	-1815.741	-2097.371	281.6308	1.467509	3.012023	0.911768	0.0882321	2.638225
18144	-1817.795	-2097.662	279.8673	1.253074	3.493162	0.814178	0.185822	3.700478
18150	-1824.351	-2104.366	280.0145	1.158502	3.35517	0.783515	0.216485	3.700478
18156	-1819.556	-2099.704	280.1483	1.306751	3.117952	0.913167	0.0868334	3.59199
18162	-1828.793	-2110.284	281.4914	1.452858	3.117952	0.939588	0.0604116	2.705759
18168	-1822.086	-2101.623	279.5372	1.341182	4.640982	0.829812	0.170188	3.618743
18174	-1818.961	-2098.592	279.6305	1.249895	2.924454	0.92417	0.0758298	3.970288
18180	-1806.438	-2086.556	280.1177	1.27051	3.278135	0.859317	0.140683	3.593273
18186	-1800.436	-2080.101	279.6654	1.263058	3.278135	0.893316	0.106684	3.858792
18192	-1820.764	-2100.847	280.0831	1.327489	3.773762	0.871426	0.128574	3.472437
18198	-1819.022	-2099.227	280.2055	1.268684	3.773762	0.896325	0.103675	3.435263
18204	-1821.511	-2100.041	278.5302	1.171031	2.944104	0.804893	0.195107	4.632765
18210	-1838.252	-2118.037	279.7846	1.492299	3.185713	0.837636	0.162364	3.679277
18216	-1834.331	-2115.867	281.536	1.605127	3.378876	0.681701	0.318299	2.519678
18222	-1822.344	-2101.587	279.2424	1.04448	2.935656	0.814609	0.185391	4.305089
18228	-1836.953	-2116.23	279.2764	1.286466	2.935656	0.836557	0.163443	4.148583
18234	-1837.738	-2117.105	279.3664	1.081776	3.250812	0.750208	0.249792	4.139496
18240	-1825.535	-2106.688	281.1539	1.433106	3.073999	0.770218	0.229782	2.933939
18246	-1819.75	-2100.596	280.8462	1.516017	3.087036	0.817538	0.182462	3.065565
18252	-1826.07	-2107.538	281.4678	1.504507	3.429469	0.913878	0.0861225	2.612479
18258	-1813.465	-2094.994	281.5292	1.208036	4.092211	0.79415	0.20585	2.612479
18264	-1815.721	-2097.046	281.3254	1.495232	3.798492	0.749074	0.250926	2.622755
18270	-1805.505	-2085.73	280.2248	1.397846	2.907094	0.884695	0.115305	3.546488
18276	-1818.349	-2099.64	281.2909	1.361266	3.659091	0.884695	0.115305	2.756779
18282	-1816.448	-2097.368	280.9209	1.434692	3.59617	0.772878	0.227122	2.950484
18288	-1821.21	-2099.785	278.5747	1.021421	3.817041	0.735688	0.264312	4.501928
18294	-1821.547	-2102.146	280.5997	1.208289	2.187624	0.859596	0.140404	3.642209
18300	-1819.146	-2100.913	281.7666	1.208289	1.656471	0.859596	0.140404	3.147156
18306	-1816.516	-2096.403	279.8872	0.9619726	1.902617	0.755678	0.244322	4.285113
18312	-1819.913	-2098.091	278.1784	0.9574406	1.870412	0.811578	0.188422	5.253556
18318	-1827.241	-2105.19	277.9493	0.9118252	1.702535	0.856588	0.143412	5.464389
18324	-1827.487	-2108.041	280.5547	1.10967	1.673342	0.863325	0.136675	3.904512
18330	-1823.411	-2102.138	278.7272	1.081897	2.306791	0.950201	0.0497995	4.74165
18336	-1817.637	-2095.431	277.7939	0.9484417	2.480364	0.920007	0.079993	5.285108
18342	-1813.539	-2092.629	279.0895	0.9484417	1.852506	0.841161	0.158839	4.75855
18348	-1813.93	-2093.555	279.6252	1.253198	2.954446	0.893209	0.106791	3.963999
18354	-1825.774	-2102.426	276.6521	1.055638	4.635255	0.835028	0.164972	5.405595
18360	-1815.788	-2096.418	280.6301	1.31375	2.776942	0.867036	0.132964	3.392593
18366	-1807.396	-2086.721	279.3244	1.225986	2.415457	0.818616	0.181384	4.293377
18372	-1821.92	-2101.582	279.6623	1.12582	2.025245	0.818616	0.181384	4.278343
18378	-1834.43	-2113.641	279.2116	1.017131	2.264234	0.848564	0.151436	4.519001
18384	-1829.22	-2109.176	279.9563	1.20353	3.146664	0.828876	0.171124	3.756086
18390	-1834.267	-2114.095	279.8279	1.125363	2.767602	0.89426	0.10574	3.968362
18396	-1825.018	-2106.986	281.9675	1.180571	2.009031	0.955055	0.0449446	2.910446
18402	-1806.499	-2088.17	281.6709	1.333456	2.900754	0.843987	0.156013	2.725337
18408	-1814.766	-2096.139	281.3729	1.467933	4.750277	0.843987	0.156013	2.420297
18414	-1820.79	-2103.09	282.2997	1.417333	2.428113	0.986534	0.0134655	2.420297
18420	-1816.43	-2099.046	282.6164	1.706481	2.713875	0.958471	0.041529	1.937347
18426	-1816.82	-2098.945	282.1245	1.571055	2.444515	0.958471	0.041529	2.428645
18432	-1814.937	-2096.555	281.6183	1.283392	3.402918	0.907474	0.092526	2.662285
18438	-1814.113	-2095.66	281.5476	1.481716	3.383012	0.957246	0.0427541	2.58821
18444	-1826.369	-2107.526	281.1568	1.301836	3.71612	0.875474	0.124526	2.862004
18450	-1835.942	-2116.314	280.3724	1.371874	2.802747	0.731191	0.268809	3.502519
18456	-1823.551	-2104.681	281.1302	1.276387	4.054113	0.839113	0.160887	2.822881
18462	-1835.601	-2115.365	279.7642	1.328202	4.273099	0.631464	0.368536	3.560325
18468	-1827.67	-2108.255	280.5851	1.381923	2.550177	0.907912	0.0920879	3.441156
18474	-1809.086	-2089.872	280.7863	1.340601	2.803248	0.877092	0.122908	3.277934
18480	-1819.445	-2101.602	282.1573	1.32126	2.914843	0.877092	0.122908	2.427247
18486	-1821.143	-2104.042	282.8985	1.466349	2.506012	0.84453	0.15547	1.975487
18492	-1818.406	-2101.324	282.9183	1.427871	2.044115	0.907577	0.0924225	2.149775
18498	-1820.739	-2103.584	282.8449	1.400889	1.642503	0.917253	0.0827466	2.375863
18504	-1811.624	-2093.395	281.7703	1.241385	2.419109	0.852395	0.147605	2.858391
18510	-1816.644	-2097.403	280.7591	1.308572	3.195967	0.947384	0.0526164	3.214219
18516	-1813.903	-2095.717	281.8134	1.469654	3.242196	0.980614	0.0193856	2.464458
18522	-1825.256	-2107.965	282.7094	1.476645	1.498365	0.855118	0.144882	2.477894
18528	-1830.642	-2110.707	280.0645	1.043764	2.089437	0.801344	0.198656	4.075582
18534	-1827.767	-2108.344	280.5772	1.159419	1.776423	0.950698	0.0493021	3.824008
18540	-1820.864	-2101.294	280.4305	1.257063	3.096004	0.890224	0.109776	3.461825
18546	-1838.378	-2118.332	279.954	1.189486	2.674809	0.881136	0.118864	3.883826
18552	-1831.361	-2114.636	283.2745	1.595136	2.070565	0.830806	0.169194	1.788449
18558	-1832.332	-2115.444	283.1127	1.572599	2.080913	0.766652	0.233348	1.910721
18564	-1826.448	-2108.428	281.9799	1.572599	2.915911	0.827424	0.172576	2.380301
18570	-1831.541	-2113.479	281.9375	1.572599	1.967448	0.84269	0.15731	2.70515
18576	-1826.877	-2109.097	282.2207	1.256442	1.781314	0.821949	0.178051	2.795552
18582	-1827.815	-2109.294	281.479	1.437576	2.839096	0.809041	0.190959	2.795552
18588	-1841.336	-2122.261	280.9251	1.522393	5.33139	0.820324	0.179676	2.564982
18594	-1831.875	-2112.869	280.9942	1.536199	4.251897	0.726208	0.273792	2.707863
18600	-1823.525	-2104.515	280.9903	1.560196	4.061418	0.91605	0.0839505	2.73363
18606	-1828.617	-2109.298	280.6809	1.484841	4.579202	0.738192	0.261808	2.868096
18612	-1821.993	-2102.52	280.5269	1.502397	4.579202	0.727457	0.272543	2.950499
18618	-1812.885	-2094.761	281.8769	1.488995	3.033317	0.913018	0.0869821	2.46619
18624	-1829.445	-2110.631	281.1859	1.422614	3.66164	0.870742	0.129258	2.782864
18630	-1821.147	-2101.887	280.7393	1.451455	3.866764	0.908708	0.0912923	2.991602
18636	-1806.717	-2088.897	282.1801	1.566218	3.399244	0.908708	0.0912923	2.128903
18642	-1811.577	-2092.684	281.1074	1.459596	4.288808	0.685874	0.314126	2.678141
18648	-1826.427	-2107.553	281.126	1.38026	4.288808	0.934589	0.0654113	2.715428
18654	-1841.391	-2122.831	281.4403	1.348443	2.457775	0.930369	0.0696307	2.981253
18660	-1815.733	-2096.687	280.9544	1.390357	3.575639	0.820076	0.179924	2.961525
18666	-1817.554	-2096.916	279.3619	1.456517	3.918367	0.820076	0.179924	3.786744
18672	-1804.25	-2084.036	279.7853	1.293855	5.749453	0.846361	0.153639	3.324981
18678	-1802.55	-2083.596	281.0458	1.452625	5.427463	0.830432	0.169568	2.517446
18684	-1805.235	-2086.264	281.0284	1.528095	5.028231	0.790644	0.209356	2.548561
18690	-1817.974	-2099.409	281.4343	1.506789	2.979492	0.790644	0.209356	2.74324
18696	-1816.696	-2098.629	281.9333	1.68874	4.483121	0.647301	0.352699	1.965659
18702	-1822.158	-2104.059	281.901	1.239564	2.907227	0.920563	0.0794367	2.639895
18708	-1823.436	-2103.682	280.2461	1.236249	4.877952	0.818813	0.181187	3.224465
18714	-1823.449	-2103.146	279.6978	1.38323	2.706819	0.876467	0.123533	3.911163
18720	-1816.755	-2095.799	279.0436	0.9965762	3.142431	0.847186	0.152814	4.395329
18726	-1820.023	-2100.682	280.6593	1.363494	2.826141	0.839023	0.160977	3.333279
18732	-1827.16	-2107.791	280.6311	1.324854	3.599943	0.908477	0.0915233	3.18834
18738	-1830.905	-2111.303	280.3979	1.215134	4.639414	0.816759	0.183241	3.18834
18744	-1824.732	-2106.314	281.5822	1.172473	2.877781	0.781148	0.218852	2.883424
18750	-1815.44	-2094.711	279.2711	1.264015	3.964356	0.863833	0.136167	3.940431
18756	-1834.783	-2115.153	280.3699	1.10649	2.231549	0.739511	0.260489	3.819906
18762	-1836.281	-2114.267	277.9862	1.118116	4.285847	0.789821	0.210179	4.690124
18768	-1838.735	-2117.924	279.1888	1.076987	3.009017	0.837074	0.162926	4.299263
18774	-1823.495	-2103.33	279.8356	1.132776	2.667526	0.811483	0.188517	3.986069
18780	-1813.78	-2093.768	279.9882	1.217524	3.752534	0.888808	0.111192	3.596173
18786	-1827.896	-2108.524	280.628	1.409583	3.371838	0.80072	0.19928	3.190908
18792	-1839.9	-2120.231	280.3306	1.369265	2.966732	0.745776	0.254224	3.486459
18798	-1825.952	-2107.207	281.2554	1.402303	3.668668	0.939351	0.0606492	2.751249
18804	-1823.024	-2105.205	282.1806	1.440595	3.208208	0.794025	0.205975	2.258585
18810	-1810.912	-2092.808	281.8961	1.431402	2.57449	0.794025	0.205975	2.618442
18816	-1804.697	-2086.129	281.4323	1.41185	3.683935	0.9004	0.0995997	2.633373
18822	-1826.212	-2107.174	280.9615	1.434847	3.970522	0.690222	0.309778	2.846119
18828	-1813.79	-2093.852	280.0616	1.340956	2.977577	0.786834	0.213166	3.656611
18834	-1812.635	-2092.497	279.8621	1.229427	2.177492	0.897415	0.102585	4.057115
18840	-1823.564	-2103.69	280.1256	1.138096	2.217921	0.848102	0.151898	3.946189
18846	-1816.113	-2095.612	279.4991	1.095894	3.169632	0.899182	0.100818	4.074473
18852	-1815.476	-2096.029	280.5532	1.203229	3.60457	0.887652	0.112348	3.305263
18858	-1820.888	-2101.467	280.5793	1.381904	3.459382	0.958598	0.0414024	3.216294
18864	-1823.354	-2105.686	282.3317	1.342	3.335718	0.851955	0.148045	2.192105
18870	-1827.834	-2108.828	280.9939	1.466191	2.877125	0.851955	0.148045	3.060697
18876	-1814.214	-2095.994	281.7805	1.44344	3.310245	0.851955	0.148045	2.484613
18882	-1834.261	-2115.61	281.3489	1.630153	3.970085	0.806937	0.193063	2.487502
18888	-1838.934	-2119.928	280.9946	1.448006	3.970085	0.889354	0.110646	2.818091
18894	-1820.085	-2101.342	281.2566	1.466731	2.503827	0.848511	0.151489	3.006791
18900	-1826.648	-2107.547	280.8989	1.529614	2.754701	0.834261	0.165739	3.112199
18906	-1822.868	-2104.692	281.8236	1.554467	2.855408	0.725555	0.274445	2.506615
18912	-1822.476	-2105.226	282.7504	1.625934	2.460936	0.725555	0.274445	1.982685
18918	-1827.089	-2109.416	282.3265	1.851279	3.107857	0.758424	0.241576	1.919391
18924	-1822.06	-2105.203	283.1433	1.749513	1.834274	0.919613	0.0803869	1.869763
18930	-1831.131	-2113.55	282.4191	1.74877	2.198104	0.91832	0.08168	2.2095
18936	-1836.353	-2119.014	282.6611	1.606511	2.686789	0.928729	0.071271	1.982857
18942	-1840.826	-2123.326	282.5	1.558709	3.167978	0.953837	0.046163	1.982857
18948	-1828.789	-2112.06	283.2708	1.775653	1.906534	0.775791	0.224209	1.732455
18954	-1830.668	-2114.266	283.598	1.712224	2.013582	0.874259	0.125741	1.494981
18960	-1828.241	-2111.589	283.3474	1.634073	2.013582	0.898538	0.101462	1.733322
18966	-1823.02	-2106.26	283.2405	1.648896	2.188814	0.762924	0.237076	1.728524
18972	-1814.587	-2097.308	282.7219	1.592448	2.188814	0.762924	0.237076	2.117539
18978	-1834.452	-2116.279	281.8271	1.681415	4.118168	0.731348	0.268652	2.117539
18984	-1842.745	-2126.128	283.3837	1.681415	2.449743	0.794534	0.205466	1.50243
18990	-1833.306	-2114.962	281.6558	1.458708	2.148637	0.933189	0.0668115	2.882722
18996	-1844.983	-2124.503	279.5207	1.136028	2.80801	0.909836	0.0901642	4.127192
19002	-1834.177	-2115.955	281.7785	1.389821	1.73128	0.829312	0.170688	3.001763
19008	-1833.098	-2114.311	281.2126	1.32701	2.920422	0.876666	0.123334	3.001763
19014	-1828.801	-2109.905	281.1042	1.224172	1.975568	0.786432	0.213568	3.409229
19020	-1827.391	-2108.972	281.5808	1.297411	3.220464	0.95881	0.0411899	2.720668
19026	-1838.354	-2119.454	281.0997	1.29722	1.626284	0.976601	0.0233992	3.499516
19032	-1840.166	-2120.29	280.1237	1.250054	2.20697	0.858378	0.141622	3.886507
19038	-1822.309	-2104.54	282.2306	1.466183	2.20697	0.870542	0.129458	2.505484
19044	-1813.406	-2095.615	282.2095	1.374753	2.053945	0.903105	0.0968946	2.628398
19050	-1827.243	-2107.716	280.4727	1.361226	2.756423	0.892938	0.107062	3.462381
19056	-1828.559	-2110.894	282.3358	1.307458	1.672202	0.970713	0.0292867	2.738012
19062	-1834.34	-2115.312	280.9723	1.34682	2.694079	0.940179	0.0598208	3.1937
19068	-1831.957	-2112.936	280.9784	1.34682	1.972876	0.985408	0.0145922	3.412048
19074	-1828.759	-2110.527	281.7678	1.414771	2.467534	0.965103	0.0348972	2.739648
19080	-1824.22	-2105.062	280.8424	1.194413	2.258459	0.912362	0.0876377	3.486859
19086	-1837.229	-2118.499	281.2703	1.427401	2.144668	0.565832	0.434168	3.134016
19092	-1844.79	-2125.307	280.5172	1.336944	2.905863	0.855039	0.144961	3.411613
19098	-1842.494	-2122.796	280.3018	1.082507	2.263157	0.963512	0.0364878	3.863112
19104	-1828.221	-2108.577	280.356	1.094132	2.562864	0.801746	0.198254	3.737871
19110	-1816.278	-2096.862	280.5846	1.285783	1.818758	0.856652	0.143348	3.731348
19116	-1818.524	-2098.381	279.8565	1.339369	3.16331	0.906239	0.093761	3.731348
19122	-1833.921	-2114.057	280.1365	1.396996	2.836289	0.85022	0.14978	3.616415
19128	-1828.468	-2109.955	281.4869	1.349453	2.357482	0.666804	0.333196	2.983155
19134	-1824.181	-2106.604	282.4226	1.349453	1.688609	0.666804	0.333196	2.652124
19140	-1819.764	-2102.184	282.4205	1.301288	2.15138	0.839179	0.160821	2.508876
19146	-1830.005	-2111.589	281.5837	1.289333	1.754224	0.934517	0.0654831	3.169026
19152	-1816.371	-2097.78	281.4093	1.564039	4.093351	0.844439	0.155561	2.465263
19158	-1807.999	-2089.637	281.6381	1.307714	2.825237	0.755488	0.244512	2.78147
19164	-1817.124	-2097.763	280.6388	1.22859	2.812028	0.773014	0.226986	3.428156
19170	-1816.783	-2097.579	280.7963	1.410276	4.298742	0.824211	0.175789	2.895884
19176	-1817.643	-2099.829	282.1864	1.413286	2.489696	0.908276	0.0917241	2.474727
19182	-1811.167	-2092.281	281.1139	1.41677	2.471275	0.908276	0.0917241	3.131476
19188	-1807.621	-2088.799	281.1781	1.098822	2.712675	0.893299	0.106701	3.213631
19194	-1819.877	-2100.168	280.2917	1.194451	2.273647	0.925422	0.0745778	3.801333
19200	-1828.394	-2108.456	280.0617	1.252842	2.525112	0.89423	0.10577	3.826521
19206	-1828.975	-2109.648	280.6735	1.635377	2.770587	0.864162	0.135838	3.179022
19212	-1812.783	-2094.203	281.4194	1.511986	3.187269	0.822115	0.177885	2.696258
19218	-1819.035	-2101.784	282.7494	1.567827	1.766884	0.935353	0.0646466	2.277716
19224	-1824.635	-2106.864	282.2299	1.480456	2.494331	0.827348	0.172652	2.403694
19230	-1819.009	-2101.498	282.4886	1.509467	1.828141	0.909548	0.090452	2.455274
19236	-1833.037	-2115.594	282.5572	1.413076	2.044983	0.836647	0.163353	2.390559
19242	-1832.837	-2114.386	281.5495	1.309821	2.28976	0.92081	0.0791896	2.990537
19248	-1815.71	-2096.304	280.5938	1.238024	2.768213	0.827556	0.172444	3.460477
19254	-1821.475	-2101.077	279.6017	1.253192	2.768213	0.890182	0.109818	4.024461
19260	-1816.706	-2097.391	280.6849	1.238326	3.582164	0.765255	0.234745	3.211611
19266	-1825.55	-2106.097	280.5473	1.395294	3.696822	0.89586	0.10414	3.175468
19272	-1847.027	-2127.501	280.4731	1.221537	3.851096	0.951706	0.0482939	3.289895
19278	-1832.381	-2112.203	279.8221	1.210651	3.249909	0.915844	0.0841562	3.805306
19284	-1829.075	-2109.464	280.3891	1.296199	3.264086	0.827383	0.172617	3.423275
19290	-1827.073	-2110.619	283.5458	1.495394	2.041448	0.826273	0.173727	1.679611
19296	-1828.059	-2109.397	281.3388	1.436301	2.295764	0.95766	0.0423395	3.039113
19302	-1832.157	-2113.929	281.7721	1.164443	2.004813	0.928922	0.0710778	3.039113
19308	-1813.678	-2095.424	281.7459	1.276845	2.17323	0.94081	0.0591896	2.929963
19314	-1817.166	-2097.298	280.132	1.156244	1.968521	0.921071	0.0789293	4.012948
19320	-1812.446	-2092.779	280.3327	1.104308	2.221545	0.847189	0.152811	3.845665
19326	-1816.476	-2097.374	280.8976	1.077372	1.386083	0.930675	0.0693249	3.845665
19332	-1815.008	-2094.47	279.4623	1.283961	3.830878	0.927036	0.0729635	3.845665
19338	-1822.673	-2104.268	281.5944	1.291228	1.89065	0.858438	0.141562	3.110343
19344	-1825.908	-2108.089	282.1808	1.805998	2.523829	0.92274	0.0772596	2.218059
19350	-1817.124	-2097.082	279.9583	1.562432	4.122989	0.928447	0.0715526	3.338236
19356	-1814.954	-2094.357	279.4022	1.203162	2.895493	0.940341	0.0596589	4.13438
19362	-1815.106	-2093.778	278.6723	1.256157	3.675656	0.923068	0.0769322	4.342847
19368	-1825.155	-2103.591	278.4356	1.176019	4.48631	0.876828	0.123172	4.369823
19374	-1827.112	-2106.234	279.1216	1.350296	4.57175	0.829232	0.170768	3.865367
19380	-1827.854	-2107.627	279.7738	1.22003	2.821465	0.763169	0.236831	3.931295
19386	-1831.096	-2112.967	281.8705	1.363318	2.497645	0.783369	0.216631	2.699093
19392	-1831.974	-2113.45	281.4762	1.620414	3.957761	0.852985	0.147015	2.416266
19398	-1823.228	-2105.744	282.5157	1.834795	3.056807	0.863795	0.136205	1.815897
19404	-1821.1	-2103.699	282.599	1.704839	1.910386	0.877782	0.122218	2.228502
19410	-1815.417	-2096.216	280.799	1.548856	3.140279	0.929144	0.0708563	3.061047
19416	-1818.874	-2099.469	280.5943	1.393949	4.435749	0.863376	0.136624	3.001463
19422	-1823.001	-2104.024	281.0233	1.3678	3.480962	0.818627	0.181373	2.954867
19428	-1812.806	-2094.61	281.8039	1.356934	2.408566	0.923601	0.0763992	2.770982
19434	-1813.293	-2094.753	281.4599	1.466097	4.16394	0.836237	0.163763	2.480422
19440	-1826.043	-2107.098	281.0555	1.429787	2.214703	0.909597	0.0904029	3.237272
19446	-1812.115	-2092.975	280.8599	1.438738	4.080097	0.909597	0.0904029	2.883085
19452	-1814.825	-2096.248	281.4229	1.438738	3.644891	0.86464	0.13536	2.631334
19458	-1825.342	-2107.416	282.0737	1.514406	3.55756	0.775586	0.224414	2.193002
19464	-1821.085	-2101.806	280.7203	1.43482	2.69341	0.711031	0.288969	3.29084
19470	-1822.588	-2103.969	281.3804	1.386216	2.461511	0.796979	0.203021	2.993406
19476	-1820.815	-2100.302	279.4872	1.372456	4.14777	0.804239	0.195761	3.718713
19482	-1819.371	-2098.97	279.5989	1.042981	2.604492	0.879997	0.120003	4.189016
19488	-1815.553	-2093.62	278.067	1.048902	2.604492	0.850476	0.149524	5.044941
19494	-1827.321	-2106.448	279.1275	1.005027	2.715652	0.850476	0.149524	4.447596
19500	-1835.41	-2114.257	278.8471	1.039657	3.293728	0.837993	0.162007	4.447596
19506	-1829.76	-2110.016	280.2554	1.081329	2.731679	0.771624	0.228376	3.757513
19512	-1838.425	-2119.331	280.906	1.159425	1.905141	0.909046	0.0909541	3.58734
19518	-1822.308	-2101.737	279.4294	1.032888	2.653157	0.909046	0.0909541	4.277786
19524	-1823.894	-2105.063	281.1688	1.285738	2.127684	0.802081	0.197919	3.283638
19530	-1838.377	-2116.318	277.9405	1.044222	2.382084	0.893936	0.106064	5.178426
19536	-1831.63	-2109.538	277.9076	0.8715023	2.153026	0.771741	0.228259	5.359282
19542	-1830.558	-2111.725	281.1666	1.379103	2.528647	0.847669	0.152331	3.105731
19548	-1828.63	-2109.562	280.9314	1.334665	2.804173	0.847669	0.152331	3.19545
19554	-1835.205	-2117.69	282.4846	1.546481	2.526471	0.776158	0.223842	2.188593
19560	-1821.705	-2105.179	283.4733	1.556463	1.847034	0.746664	0.253336	1.769846
19566	-1811.899	-2094.333	282.4344	1.682027	4.225076	0.746664	0.253336	1.680656
19572	-1822.376	-2104.778	282.4021	1.734097	2.745265	0.879087	0.120913	2.05227
19578	-1817.768	-2099.499	281.7311	1.496452	2.51765	0.879087	0.120913	2.696927
19584	-1818.131	-2100.23	282.0989	1.359699	2.078975	0.965822	0.0341781	2.696927
19590	-1819.909	-2101.196	281.2867	1.359699	3.403663	0.822207	0.177793	2.81826
19596	-1824.942	-2106.649	281.7074	1.576045	3.117878	0.940715	0.0592848	2.495755
19602	-1828.399	-2109.57	281.1719	1.687144	4.779014	0.798732	0.201268	2.403504
19608	-1823.52	-2105.731	282.2113	1.550808	4.048785	0.762169	0.237831	1.964782
19614	-1811.943	-2093.58	281.6371	1.504788	4.002432	0.818507	0.181493	2.378143
19620	-1834.504	-2115.824	281.3193	1.583835	3.917716	0.853794	0.146206	2.545972
19626	-1825.675	-2107.288	281.6128	1.481065	3.522209	0.839152	0.160848	2.515211
19632	-1817.184	-2099.414	282.2297	1.658778	3.160653	0.837098	0.162902	2.097566
19638	-1834.682	-2117.918	283.2357	1.566475	2.619527	0.944293	0.0557065	1.634802
19644	-1821.912	-2103.275	281.3628	1.756709	3.697351	0.785475	0.214525	2.459056
19650	-1812.457	-2093.683	281.2261	1.715247	3.573566	0.66638	0.33362	2.598165
19656	-1811.775	-2092.217	280.4417	1.394943	2.714148	0.868067	0.131933	3.472111
19662	-1828.85	-2108.69	279.8392	1.226403	3.649695	0.902894	0.097106	3.69873
19668	-1820.719	-2101.348	280.6282	1.104974	1.876817	0.884516	0.115484	3.789586
19674	-1840.239	-2121.051	280.8124	1.245092	2.971041	0.898571	0.101429	3.27551
19680	-1826.319	-2107.477	281.1581	1.327992	2.832057	0.706806	0.293194	3.057027
19686	-1829.888	-2110.969	281.0813	1.328847	2.832057	0.830105	0.169895	3.102356
19692	-1808.566	-2087.879	279.3124	1.26026	2.507548	0.824448	0.175552	4.254823
19698	-1813.404	-2092.446	279.0428	1.034047	3.549662	0.93331	0.0666896	4.284997
19704	-1820.704	-2099.908	279.2041	1.200414	3.549662	0.690304	0.309696	4.09897
19710	-1815.157	-2095.522	280.3643	1.200414	2.573394	0.875877	0.124123	3.668684
19716	-1821.573	-2099.509	277.9357	1.263245	3.601261	0.70108	0.29892	4.767826
19722	-1825.201	-2104.348	279.1466	1.322992	2.47745	0.94264	0.0573602	4.321528
19728	-1818.07	-2098.365	280.2945	1.190272	3.459841	0.943165	0.0568352	3.496163
19734	-1821.593	-2102.632	281.0383	1.311626	2.37324	0.758486	0.241514	3.267905
19740	-1806.737	-2086.197	279.4593	1.301363	4.163295	0.858282	0.141718	3.772882
19746	-1816.57	-2095.819	279.2495	1.253825	4.163295	0.779296	0.220704	3.920773
19752	-1822.196	-2101.455	279.259	1.213743	4.25799	0.827941	0.172059	3.920773
19758	-1833.219	-2112.582	279.3633	1.130643	4.211496	0.814992	0.185008	3.917173
19764	-1823.957	-2104.106	280.1484	1.205112	2.742368	0.814992	0.185008	3.745046
19770	-1828.448	-2109.832	281.3832	1.602609	4.570501	0.748083	0.251917	2.362414
19776	-1823.997	-2104.782	280.7848	1.527011	3.891244	0.804844	0.195156	2.913636
19782	-1831.381	-2112.519	281.138	1.381765	2.857647	0.77106	0.22894	3.030117
19788	-1825.017	-2104.887	279.8698	1.18006	2.805863	0.766743	0.233257	3.903205
19794	-1804.611	-2084.015	279.4045	1.112034	2.93849	0.714452	0.285548	4.174258
19800	-1805.239	-2084.51	279.271	1.26713	2.840816	0.840667	0.159333	4.186277
19806	-1812.618	-2091.67	279.0518	1.189536	3.445206	0.772883	0.227117	4.214014
19812	-1810.473	-2091.072	280.5983	1.175776	2.159154	0.87608	0.12392	3.67089
19818	-1816.049	-2095.544	279.495	1.211933	2.64135	0.827909	0.172091	4.142142
19824	-1819.129	-2099.364	280.2341	1.060838	1.969742	0.88103	0.11897	4.008662
19830	-1820.311	-2099.849	279.5385	1.256329	3.371532	0.92378	0.0762201	3.914501
19836	-1823.336	-2103.93	280.5936	1.347248	2.547045	0.957414	0.0425863	3.45733
19842	-1814.496	-2095.334	280.8378	1.389691	4.247033	0.918217	0.0817826	2.893189
19848	-1807.754	-2088.798	281.044	1.402307	3.736437	0.866606	0.133394	2.865105
19854	-1808.001	-2089.336	281.3353	1.421352	2.896599	0.866606	0.133394	2.877222
19860	-1826.376	-2107.642	281.2658	1.609314	3.683844	0.815924	0.184076	2.614287
19866	-1828.13	-2109.363	281.2332	1.609314	3.683844	0.851549	0.148451	2.634433
19872	-1829.347	-2110.761	281.4142	1.70487	3.683844	0.768295	0.231705	2.462365
19878	-1826.06	-2107.431	281.3708	1.274529	3.948301	0.85741	0.14259	2.69883
19884	-1822.739	-2104.713	281.9743	1.330105	3.349947	0.819271	0.180729	2.424366
19890	-1815.929	-2097.86	281.9315	1.635417	5.394949	0.753095	0.246905	1.827261
19896	-1820.259	-2102.292	282.0326	1.534377	5.394949	0.862534	0.137466	1.827261
19902	-1816.848	-2098.847	281.9987	1.701376	3.827365	0.837992	0.162008	2.056378
19908	-1811.522	-2092.045	280.5231	1.19664	3.303266	0.791116	0.208884	3.394063
19914	-1810.684	-2091.394	280.7095	1.362596	2.842424	0.837288	0.162712	3.29997
19920	-1815.585	-2095.888	280.3029	1.244815	2.839447	0.819848	0.180152	3.607329
19926	-1818.066	-2099.071	281.0041	1.34221	3.567471	0.807451	0.192549	2.962397
19932	-1824.572	-2102.914	278.3424	1.279313	4.139282	0.857933	0.142067	4.426141
19938	-1830.578	-2109.501	278.9223	1.304538	4.149952	0.786156	0.213844	4.081256
19944	-1818.155	-2098.068	279.9131	1.267204	4.387875	0.780717	0.219283	3.488008
19950	-1834.758	-2114.645	279.8876	1.393426	3.954103	0.61962	0.38038	3.511599
19956	-1833.373	-2111.787	278.4138	1.039211	3.965638	0.858208	0.141792	4.55358
19962	-1830.567	-2108.8	278.2336	1.150646	5.058836	0.870368	0.129632	4.403887
19968	-1842.493	-2121.591	279.0979	1.098324	4.168146	0.638309	0.361691	4.095318
19974	-1824.024	-2103.078	279.0547	1.096336	2.295892	0.83062	0.16938	4.553295
19980	-1832.666	-2113.685	281.0186	1.237764	2.351386	0.847905	0.152095	3.329661
19986	-1834.542	-2115.376	280.8345	1.432247	3.000883	0.753019	0.246981	3.144039
19992	-1837.82	-2118.145	280.3248	1.256495	3.000883	0.773503	0.226497	3.547087
19998	-1826.281	-2106.511	280.2304	1.077338	3.957924	0.754553	0.245447	3.495266
20004	-1827.125	-2107.097	279.9721	1.248926	3.132369	0.95268	0.0473204	3.724103
20010	-1824.264	-2105.601	281.3374	1.395903	3.909316	0.95268	0.0473204	2.652942
20016	-1822.462	-2103.693	281.2307	1.21531	3.079583	0.771305	0.228695	3.017299
20022	-1828.9	-2107.981	279.0816	1.343121	2.970803	0.945245	0.054755	4.218434
20028	-1824.651	-2104.872	280.2209	1.284825	2.609771	0.830796	0.169204	3.692784
20034	-1825.698	-2105.496	279.7982	1.359403	3.117418	0.80679	0.19321	3.764243
20040	-1820.068	-2099.361	279.2925	1.157287	3.117418	0.788197	0.211803	4.169248
20046	-1816.231	-2097.458	281.2271	1.343506	2.975987	0.86073	0.13927	2.968739
20052	-1805.469	-2085.609	280.1401	1.30603	3.21407	0.88322	0.11678	3.574501
20058	-1819.307	-2097.803	278.4958	1.106456	2.904122	0.865711	0.134289	4.697948
20064	-1819.707	-2100.317	280.6095	1.079663	2.213562	0.769597	0.230403	3.702804
20070	-1822.665	-2103.399	280.7338	1.365891	4.877016	0.934337	0.0656627	2.855106
20076	-1825.99	-2107.058	281.0679	1.478279	4.051999	0.865449	0.134551	2.738191
20082	-1829.298	-2111.303	282.0048	1.617721	3.81316	0.92579	0.0742099	2.11062
20088	-1828.885	-2110.183	281.2984	1.770079	3.81316	0.879344	0.120656	2.465322
20094	-1830.68	-2112.049	281.3688	1.525079	5.11576	0.88796	0.11204	2.320977
20100	-1835.458	-2117.121	281.6632	1.768369	3.394421	0.869603	0.130397	2.332982
20106	-1822.437	-2104.632	282.1946	1.657174	3.200185	0.882899	0.117101	2.111152
20112	-1817.886	-2100.397	282.5108	1.724395	2.678558	0.8061	0.1939	2.006991
20118	-1827.972	-2109.84	281.8677	1.721209	3.866101	0.931934	0.068066	2.120547
20124	-1834.404	-2115.991	281.5873	1.503911	3.695268	0.91635	0.0836498	2.47725
20130	-1829.767	-2110.679	280.9122	1.743561	3.224172	0.970453	0.0295474	2.855301
20136	-1828.175	-2108.712	280.5365	1.587083	3.224172	0.924803	0.0751968	3.174358
20142	-1823.881	-2105.624	281.7427	1.621711	2.616671	0.924803	0.0751968	2.58309
20148	-1817.701	-2098.361	280.6599	1.506864	4.320699	0.956018	0.0439818	2.915715
20154	-1825.907	-2107.881	281.9745	1.511965	2.749467	0.845738	0.154262	2.468564
20160	-1818.551	-2098.907	280.3552	1.307388	2.059241	0.922692	0.0773083	3.76777
20166	-1818.221	-2099.239	281.0175	1.168973	2.011772	0.823246	0.176754	3.479792
20172	-1820.57	-2101.678	281.1079	1.284524	2.781189	0.872424	0.127576	3.126512
20178	-1821.472	-2100.672	279.1998	1.125768	2.666846	0.868785	0.131215	4.351473
20184	-1821.641	-2100.786	279.145	0.9181192	3.278583	0.964228	0.0357719	4.351473
20190	-1837.649	-2116.446	278.7971	1.265985	3.278583	0.926091	0.0739091	4.351473
20196	-1830.979	-2110.143	279.1641	1.04527	2.925246	0.785752	0.214248	4.351473
20202	-1834.237	-2115.655	281.4178	1.3903	2.753703	0.785752	0.214248	2.884619
20208	-1830.072	-2111.177	281.1047	1.373871	4.172604	0.893143	0.106857	2.755265
20214	-1812.221	-2093.845	281.6232	1.447557	3.362557	0.893191	0.106809	2.567409
20220	-1811.461	-2093.844	282.3831	1.353489	2.996895	0.863668	0.136332	2.240614
20226	-1824.64	-2104.83	280.1909	1.132202	3.352803	0.897928	0.102072	3.61411
20232	-1835.154	-2115.295	280.1403	1.182801	3.352803	0.797036	0.202964	3.61411
20238	-1829.471	-2109.805	280.3342	1.265012	2.700161	0.841966	0.158034	3.61411
20244	-1833.839	-2112.273	278.434	0.9205785	3.531362	0.801054	0.198946	4.695242
20250	-1827.595	-2106.656	279.0608	1.204395	2.615152	0.801054	0.198946	4.399302
20256	-1830.42	-2109.544	279.1232	1.034524	2.849663	0.801054	0.198946	4.399302
20262	-1830.012	-2111.647	281.6349	1.141037	2.873835	0.76893	0.23107	2.871566
20268	-1828.643	-2108.628	279.9846	1.141037	2.643605	0.778502	0.221498	3.902442
20274	-1838.468	-2118.237	279.7691	1.052797	2.643605	0.862065	0.137935	4.076081
20280	-1809.97	-2089.687	279.717	1.120053	2.397368	0.831522	0.168478	4.135935
20286	-1821.33	-2101.29	279.9594	1.168255	3.870425	0.913934	0.0860664	3.6175
20292	-1811.897	-2094.219	282.3219	1.451316	2.189666	0.984083	0.015917	2.463532
20298	-1813.175	-2094.693	281.5173	1.306907	3.283696	0.983628	0.0163721	2.738332
20304	-1830.567	-2113.61	283.0432	1.694653	2.905726	0.979042	0.0209582	1.587221
20310	-1831.59	-2113.275	281.6846	1.483533	2.903076	0.858049	0.141951	2.62399
20316	-1824.577	-2107.068	282.4908	1.817151	3.04792	0.913006	0.0869943	1.847751
20322	-1816.382	-2099.25	282.8683	1.471949	2.798549	0.748914	0.251086	1.899564
20328	-1829.236	-2111.698	282.4622	1.701419	3.443136	0.850259	0.149741	1.838528
20334	-1822.186	-2104.037	281.8509	1.496365	3.498037	0.917352	0.0826479	2.361505
20340	-1828.956	-2110.845	281.8888	1.496365	3.498037	0.942443	0.0575566	2.337413
20346	-1809.061	-2086.981	277.92	1.056765	3.559588	0.88985	0.11015	4.900274
20352	-1820.856	-2100.492	279.6367	1.30779	3.559999	0.791706	0.208294	3.787576
20358	-1839.594	-2119.95	280.3564	1.289253	2.559026	0.94261	0.0573898	3.625836
20364	-1842.817	-2123.288	280.4711	1.289253	3.250481	0.981319	0.0186812	3.382462
20370	-1840.362	-2121.451	281.0899	1.153722	2.120616	0.762056	0.237944	3.409978
20376	-1836.757	-2116.35	279.5933	1.221188	2.215064	0.970653	0.0293472	4.20309
20382	-1815.84	-2095.04	279.2004	1.089311	2.094744	0.952286	0.0477144	4.536964
20388	-1811.119	-2090.292	279.1725	1.101053	3.192864	0.983586	0.0164139	4.251813
20394	-1818.36	-2097.847	279.4874	1.105042	4.163061	0.962524	0.0374758	3.86969
20400	-1811.319	-2089.685	278.3656	1.019412	4.012427	0.925649	0.074351	4.582897
20406	-1807.341	-2086.449	279.1076	1.273114	3.256516	0.955761	0.0442395	4.176522
20412	-1817.522	-2097.377	279.8545	1.204149	3.444784	0.856374	0.143626	3.746679
20418	-1822.412	-2102.847	280.435	1.335908	3.659167	0.895743	0.104257	3.28503
20424	-1814.492	-2094.759	280.2668	1.422669	3.509227	0.881488	0.118512	3.365456
20430	-1816.387	-2098.126	281.7394	1.495417	3.477406	0.88193	0.11807	2.437435
20436	-1812.542	-2093.009	280.4667	1.39337	3.477406	0.757893	0.242107	3.272074
20442	-1822.551	-2102.984	280.4329	1.422069	3.620387	0.870345	0.129655	3.243723
20448	-1814.876	-2097.259	282.3831	1.468726	3.222906	0.802839	0.197161	2.105166
20454	-1827.429	-2108.907	281.4777	1.663994	4.28745	0.903719	0.0962813	2.31903
20460	-1821.093	-2102.817	281.7245	1.508992	2.793848	0.597632	0.402368	2.613505
20466	-1816.484	-2098.169	281.6854	1.473449	3.857831	0.896555	0.103445	2.398623
20472	-1816.892	-2098.933	282.0408	1.579391	2.610957	0.896555	0.103445	2.424969
20478	-1814.233	-2095.847	281.6137	1.37872	2.87488	0.896555	0.103445	2.739614
20484	-1803.622	-2084.213	280.5914	1.37872	2.854802	0.882382	0.117618	3.356748
20490	-1807.889	-2090.703	282.8131	1.518911	2.171951	0.88718	0.11282	2.111986
20496	-1808.223	-2089.781	281.5577	1.236965	2.507549	0.643561	0.356439	2.962892
20502	-1809.293	-2088.432	279.1386	1.173272	3.180493	0.700249	0.299751	4.232931
20508	-1802.757	-2082.086	279.3287	1.258956	2.689771	0.86163	0.13837	4.197062
20514	-1805.915	-2085.007	279.0926	1.215902	4.931062	0.902628	0.0973724	3.898813
20520	-1813.909	-2093.808	279.8983	1.194308	3.461407	0.847493	0.152507	3.723396
20526	-1818.559	-2098.628	280.0697	1.419354	3.461407	0.828954	0.171046	3.49328
20532	-1814.103	-2093.323	279.2199	1.008665	4.208083	0.86699	0.13301	4.069499
20538	-1806.273	-2087.446	281.1728	1.239652	3.208297	0.894508	0.105492	3.005842
20544	-1808.604	-2087.777	279.1728	1.002148	2.949138	0.729487	0.270513	4.365085
20550	-1804.307	-2085.362	281.0549	1.177071	3.217049	0.77741	0.22259	3.111623
20556	-1809.219	-2089.877	280.658	1.448365	3.687653	0.741848	0.258152	3.079946
20562	-1826.321	-2106.517	280.1956	1.284513	3.536626	0.690313	0.309687	3.48201
20568	-1828.709	-2110.192	281.4834	1.426528	3.67073	0.828248	0.171752	2.595691
20574	-1835.671	-2117.382	281.7119	1.421575	2.598358	0.623638	0.376362	2.730742
20580	-1827.641	-2107.476	279.8349	1.363493	3.692021	0.800969	0.199031	3.612962
20586	-1817.186	-2099.478	282.292	1.491585	3.678622	0.926152	0.073848	2.035969
20592	-1829.166	-2110.985	281.8183	1.539631	3.975944	0.740417	0.259583	2.245991
20598	-1815.704	-2096.739	281.0342	1.284638	3.249099	0.740417	0.259583	3.052143
20604	-1817.252	-2097.329	280.0767	1.14574	3.332138	0.738779	0.261221	3.677109
20610	-1829.574	-2108.951	279.3777	1.130574	2.633685	0.791078	0.208922	4.256935
20616	-1827.631	-2106.844	279.2131	1.048511	2.633685	0.779136	0.220864	4.396371
20622	-1827.181	-2107.431	280.2497	1.258777	1.682108	0.794272	0.205728	3.99037
20628	-1825.703	-2105.882	280.1788	1.247283	3.030186	0.766877	0.233123	3.630081
20634	-1832.14	-2111.609	279.4693	1.314668	5.389883	0.827396	0.172604	3.551741
20640	-1815.24	-2095.931	280.6909	1.415548	4.948779	0.915481	0.0845193	2.838655
20646	-1816.802	-2097.199	280.3972	1.260339	3.534185	0.815598	0.184402	3.378737
20652	-1808.798	-2088.303	279.5054	1.082221	4.396039	0.790845	0.209155	3.829806
20658	-1817.894	-2097.102	279.2084	1.098538	3.056041	0.770344	0.229656	4.264766
20664	-1824.159	-2106.043	281.8841	1.386726	2.588046	0.866299	0.133701	2.649371
20670	-1831.726	-2113.398	281.6724	1.364088	2.711807	0.880269	0.119731	2.757518
20676	-1828.262	-2109.624	281.3614	1.364088	2.388317	0.880269	0.119731	3.040124
20682	-1832.425	-2114.401	281.9764	1.359038	2.849735	0.693379	0.306621	2.534753
20688	-1829.633	-2110.426	280.7926	1.582629	4.084954	0.771725	0.228275	2.835658
20694	-1825.554	-2107.42	281.8654	1.577818	3.306241	0.845537	0.154463	2.347378
20700	-1825.473	-2108.098	282.6247	1.578518	2.671186	0.818207	0.181793	2.030533
20706	-1824.522	-2105.429	280.9068	1.193675	2.671186	0.791094	0.208906	3.329107
20712	-1830.314	-2111.317	281.0032	1.3791	3.429926	0.837841	0.162159	2.971829
20718	-1819.321	-2098.718	279.3964	1.265792	3.357816	0.879652	0.120348	3.993494
20724	-1831.371	-2111.024	279.6529	1.009287	3.357816	0.958139	0.0418613	3.993494
20730	-1812.435	-2090.716	278.2806	1.036674	2.942694	0.877337	0.122663	4.847752
20736	-1830.376	-2108.56	278.1839	0.9601199	3.366746	0.840056	0.159944	4.847752
20742	-1831.48	-2110.139	278.6591	1.132092	2.601649	0.793463	0.206537	4.669272
20748	-1831.827	-2111.968	280.1413	1.199248	3.4113	0.934496	0.0655038	3.59087
20754	-1816.946	-2098.92	281.9747	1.303095	1.967432	0.964738	0.0352615	2.846834
20760	-1818.238	-2098.193	279.9551	1.15274	3.799727	0.922425	0.0775751	3.643263
20766	-1828.54	-2110.609	282.0691	1.344682	2.571373	0.821047	0.178953	2.565879
20772	-1818.355	-2099.26	280.9045	1.538928	2.965449	0.929897	0.0701026	3.047691
20778	-1813.591	-2093.839	280.2489	1.297681	3.164248	0.779594	0.220406	3.527745
20784	-1808.577	-2089.611	281.0349	1.409037	3.316698	0.779594	0.220406	2.961087
20790	-1824.28	-2107.695	283.4152	1.588592	2.247753	0.832958	0.167042	1.624284
20796	-1813.538	-2094.893	281.3546	1.380223	2.684442	0.895957	0.104043	2.948063
20802	-1808.822	-2089.832	281.0102	1.277712	2.815429	0.811411	0.188589	3.179497
20808	-1805.908	-2087.098	281.1898	1.079235	3.258426	0.957409	0.0425913	3.079685
20814	-1802.938	-2082.969	280.0317	1.075641	2.346182	0.866212	0.133788	3.99681
20820	-1801.661	-2081.039	279.3776	1.057221	2.881819	0.92193	0.0780699	4.234603
20826	-1811.152	-2090.482	279.3291	1.17341	2.881819	0.919731	0.0802686	4.19618
20832	-1816.71	-2097.13	280.4207	1.189705	2.944201	0.89607	0.10393	3.544246
20838	-1820.589	-2101.029	280.4398	1.24083	3.170991	0.964226	0.0357744	3.447906
20844	-1833.551	-2114.405	280.8541	1.24083	2.188248	0.884266	0.115734	3.47504
20850	-1823.196	-2102.887	279.6911	1.143378	2.209752	0.884266	0.115734	4.193358
20856	-1823.747	-2103.452	279.7057	1.086472	2.088463	0.953047	0.046953	4.25553
20862	-1814.693	-2094.154	279.4609	1.159993	3.034948	0.749702	0.250298	4.091453
20868	-1817.902	-2097.642	279.7398	1.207458	3.419914	0.889512	0.110488	3.81628
20874	-1825.881	-2106.241	280.3593	1.152232	3.309039	0.833458	0.166542	3.514424
20880	-1822.561	-2104.207	281.6467	1.395861	3.309039	0.869572	0.130428	2.597819
20886	-1818.879	-2099.012	280.133	1.251572	3.179326	0.911088	0.0889115	3.618343
20892	-1817.896	-2096.671	278.774	1.072532	2.808457	0.895704	0.104296	4.58472
20898	-1806.313	-2085.715	279.4016	1.087606	1.986606	0.832983	0.167017	4.459912
20904	-1819.609	-2100.108	280.4984	1.225305	2.32765	0.832983	0.167017	3.647766
20910	-1821.664	-2102.476	280.8119	1.390656	3.024184	0.862118	0.137882	3.176293
20916	-1818.081	-2098.376	280.2947	1.297211	3.024184	0.823762	0.176238	3.535171
20922	-1831.102	-2111.975	280.8736	1.372875	2.803744	0.829365	0.170635	3.207115
20928	-1831.481	-2110.872	279.3908	1.347035	3.334562	0.795726	0.204274	3.955419
20934	-1839.933	-2118.222	278.2891	1.0136	2.808389	0.749658	0.250342	4.888786
20940	-1820.9	-2099.751	278.8511	1.089071	2.901698	0.827028	0.172972	4.508965
20946	-1830.097	-2109.971	279.8748	1.079511	3.033096	0.827028	0.172972	3.901384
20952	-1825.296	-2104.996	279.7001	1.147479	3.892453	0.812763	0.187237	3.775039
20958	-1825.362	-2103.416	278.0537	1.092156	3.875778	0.871288	0.128712	4.742928
20964	-1819.434	-2097.755	278.3206	1.135844	3.057136	0.815444	0.184556	4.742928
20970	-1817.357	-2098.352	280.9955	1.281738	3.083061	0.871345	0.128655	3.117283
20976	-1818.33	-2097.886	279.5562	1.30374	3.963591	0.741107	0.258893	3.753919
20982	-1816.605	-2097.498	280.8932	1.30374	3.422621	0.763054	0.236946	3.084514
20988	-1811.582	-2092.602	281.0198	1.416272	3.422621	0.92393	0.0760696	2.941136
20994	-1812.617	-2094.942	282.3249	1.57418	2.489159	0.86908	0.13092	2.285349
21000	-1808.692	-2090.861	282.1689	1.400354	2.20281	0.936882	0.0631177	2.586228
21006	-1814.375	-2097.346	282.9709	1.453772	2.678589	0.850279	0.149721	1.879444
21012	-1803.488	-2084.105	280.6171	1.461101	3.393524	0.832585	0.167415	3.161808
21018	-1820.617	-2101.999	281.3824	1.236579	2.331006	0.803683	0.196317	3.121304
21024	-1823.616	-2104.401	280.7846	1.311494	4.083185	0.953032	0.0469681	3.004454
21030	-1817.824	-2099.059	281.2349	1.311494	2.696268	0.884514	0.115486	3.057859
21036	-1820.563	-2100.873	280.3097	1.311494	3.18575	0.96978	0.0302197	3.479165
21042	-1823.026	-2103.482	280.4566	1.267269	3.225774	0.648846	0.351154	3.409627
21048	-1823.793	-2103.192	279.3991	1.072219	3.675144	0.687441	0.312559	4.034754
21054	-1824.229	-2104.627	280.3981	1.179197	2.902023	0.87348	0.12652	3.574189
21060	-1818.546	-2099.359	280.8127	1.354357	2.619724	0.838233	0.161767	3.304173
21066	-1824.753	-2103.629	278.8756	1.136498	2.615385	0.924888	0.0751119	4.541746
21072	-1813.207	-2090.284	277.0775	1.079063	3.16443	0.762399	0.237601	5.439224
21078	-1800.601	-2079.757	279.1558	1.052926	2.985806	0.758226	0.241774	4.337116
21084	-1809.574	-2089.255	279.6809	1.08738	3.290984	0.736241	0.263759	3.947742
21090	-1827.814	-2107.479	279.6652	1.417179	3.355801	0.736241	0.263759	3.752671
21096	-1829.641	-2108.384	278.7421	1.162504	4.721612	0.854283	0.145717	4.163871
21102	-1861.111	-2141.052	279.9408	1.334217	3.834515	0.906092	0.0939084	3.539106
21108	-1834.169	-2114.228	280.0586	1.442867	3.834515	0.831231	0.168769	3.40683
21114	-1839.335	-2119.696	280.3606	1.182831	3.284441	0.796256	0.203744	3.501475
21120	-1836.706	-2116.926	280.2203	1.331282	3.542841	0.592359	0.407641	3.438908
21126	-1828.803	-2109.069	280.2663	1.285345	3.542841	0.760167	0.239833	3.438908
21132	-1822.862	-2104.017	281.1551	1.483633	4.008703	0.908086	0.0919144	2.690336
21138	-1817.051	-2095.404	278.3533	1.24258	4.008703	0.923463	0.0765373	4.465078
21144	-1821.389	-2101.992	280.603	1.156704	2.816655	0.863101	0.136899	3.48986
21150	-1818.016	-2098.415	280.3983	1.32692	3.017291	0.77238	0.22762	3.459091
21156	-1817.361	-2098.248	280.8869	1.311008	3.017291	0.75186	0.24814	3.180827
21162	-1835.466	-2115.724	280.2577	1.038236	2.313882	0.544534	0.455466	3.898452
21168	-1829.903	-2108.338	278.4344	1.115321	2.859	0.888527	0.111473	4.738358
21174	-1830.907	-2111.279	280.3723	1.383249	3.434842	0.881532	0.118468	3.343106
21180	-1834.812	-2114.224	279.412	1.248712	2.603849	0.814488	0.185512	4.178497
21186	-1822.008	-2103.39	281.3822	1.248712	2.977571	0.702893	0.297107	2.932057
21192	-1828.014	-2107.795	279.7808	1.264929	3.88794	0.930851	0.0691486	3.661499
21198	-1815.401	-2095.106	279.7051	1.093532	2.351912	0.901596	0.0984042	4.171016
21204	-1821.338	-2101.772	280.4345	1.167076	2.792701	0.943934	0.0560657	3.588211
21210	-1819.32	-2098.793	279.4736	0.9056247	2.196332	0.902776	0.0972241	4.454925
21216	-1830.295	-2109.194	278.8985	1.077742	3.817562	0.776141	0.223859	4.287362
21222	-1832.833	-2110.689	277.856	1.169691	3.858799	0.78345	0.21655	4.813286
21228	-1828.088	-2107.294	279.2064	1.102205	2.948001	0.789932	0.210068	4.28979
21234	-1828.446	-2107.778	279.3318	1.099382	2.674276	0.920334	0.0796658	4.28979
21240	-1829.891	-2110.416	280.5253	1.1695	2.148152	0.854678	0.145322	3.720275
21246	-1826.766	-2107.605	280.8387	1.002831	2.258999	0.780924	0.219076	3.600406
21252	-1830.751	-2110.357	279.6062	1.069158	3.723589	0.779731	0.220269	3.908086
21258	-1827.041	-2107.819	280.7776	1.257146	1.993548	0.81989	0.18011	3.574443
21264	-1821.739	-2100.237	278.4987	1.100997	3.373547	0.900803	0.0991966	4.591454
21270	-1810.031	-2089.194	279.1625	1.127017	2.505054	0.779628	0.220372	4.415524
21276	-1813.043	-2093.639	280.5964	1.335955	2.505054	0.921882	0.0781175	3.47426
21282	-1821.019	-2100.048	279.0291	1.01116	3.936575	0.632736	0.367264	4.227811
21288	-1824.631	-2104.286	279.6548	1.068752	2.562938	0.709012	0.290988	4.153883
21294	-1803.665	-2083.283	279.6183	1.029438	3.037058	0.841069	0.158931	4.075695
21300	-1820.701	-2100.071	279.3699	0.9603634	3.871186	0.696683	0.303317	4.075695
21306	-1804.673	-2084.618	279.9443	1.261624	3.175471	0.954754	0.0452458	3.722692
21312	-1830.739	-2109.474	278.7351	1.143097	3.214106	0.934106	0.065894	4.470222
21318	-1811.925	-2093.304	281.3792	1.564104	3.089474	0.921135	0.0788654	2.713535
21324	-1818.327	-2100.198	281.871	1.353283	2.46931	0.881834	0.118166	2.713535
21330	-1815.894	-2096.721	280.8275	1.527569	3.591154	0.87891	0.12109	2.951893
21336	-1826.265	-2107.792	281.5276	1.442636	2.970977	0.894478	0.105522	2.727667
21342	-1819.343	-2098.44	279.0972	1.34127	3.217036	0.843314	0.156686	4.152671
21348	-1815.87	-2094.383	278.5125	1.293452	3.887347	0.867987	0.132013	4.369943
21354	-1820.619	-2101.099	280.4798	1.24023	4.445685	0.796761	0.203239	3.15975
21360	-1829.629	-2110.294	280.6643	1.24575	3.86405	0.826598	0.173402	3.15975
21366	-1832.022	-2113.509	281.487	1.342207	3.548103	0.858787	0.141213	2.673166
21372	-1827.227	-2108.706	281.4785	1.465468	3.515136	0.85382	0.14618	2.609997
21378	-1829.097	-2109.652	280.5549	1.144552	2.602188	0.896195	0.103805	3.582572
21384	-1835.763	-2117.66	281.8974	1.471791	2.602188	0.929296	0.0707043	2.584435
21390	-1829.324	-2109.907	280.5828	1.274595	3.204438	0.833575	0.166425	3.336321
21396	-1834.232	-2112.452	278.2203	1.115759	2.870477	0.912867	0.0871332	4.854834
21402	-1830.639	-2110.879	280.2404	1.274797	4.579087	0.746053	0.253947	3.256956
21408	-1828.528	-2108.194	279.6658	1.195334	2.788236	0.950319	0.049681	4.015694
21414	-1819.249	-2099.755	280.5057	1.352365	3.194988	0.967316	0.0326836	3.338132
21420	-1832.786	-2113.945	281.159	1.197945	3.553742	0.929914	0.0700863	2.959095
21426	-1818.701	-2098.735	280.0347	1.33402	3.13118	0.929681	0.0703192	3.638945
21432	-1812.899	-2094.868	281.9691	1.47402	3.13118	0.877589	0.122411	2.391971
21438	-1819.823	-2101.271	281.4482	1.588895	3.13118	0.661333	0.338667	2.645312
21444	-1809.406	-2091.094	281.688	1.461845	3.170667	0.679378	0.320622	2.565597
21450	-1814.279	-2095.495	281.2161	1.580292	2.794056	0.848799	0.151201	2.880676
21456	-1818.242	-2099.2	280.9579	1.470206	3.982204	0.889758	0.110242	2.824468
21462	-1824.648	-2103.553	278.9045	1.168108	3.365818	0.723618	0.276382	4.326795
21468	-1824.699	-2104.805	280.1061	1.150372	3.062179	0.781419	0.218581	3.720423
21474	-1828.467	-2107.018	278.5519	0.8826507	2.826156	0.920557	0.0794433	4.810849
21480	-1836.342	-2116.781	280.4386	1.180183	4.644213	0.864641	0.135359	3.184071
21486	-1827.306	-2107.449	280.1426	1.180183	4.678118	0.816196	0.183804	3.35288
21492	-1830.752	-2111.331	280.5796	1.173255	3.398566	0.911719	0.0882809	3.35288
21498	-1827.065	-2107.499	280.4342	1.219534	3.664602	0.806869	0.193131	3.35288
21504	-1833.68	-2113.488	279.8075	1.332858	5.328168	0.902162	0.0978381	3.35288
21510	-1834.481	-2114.657	280.1759	1.380059	2.857198	0.863638	0.136362	3.597992
21516	-1820.586	-2101.357	280.7708	1.447256	4.115488	0.800342	0.199658	2.924705
21522	-1826.059	-2106.475	280.4154	1.551461	6.089556	0.882519	0.117481	2.743496
21528	-1813.841	-2094.205	280.3644	1.376192	4.502898	0.89949	0.10051	3.137078
21534	-1831.033	-2111.605	280.5717	1.467087	4.708578	0.731363	0.268637	2.921525
21540	-1822.86	-2103.415	280.5556	1.381858	4.694908	0.776544	0.223456	2.984918
21546	-1835.121	-2115.709	280.5877	1.359874	3.182149	0.805253	0.194747	3.2885
21552	-1836.316	-2115.171	278.8548	1.10252	2.732489	0.815557	0.184443	4.541863
21558	-1836.379	-2114.093	277.7136	0.8700108	1.992992	0.916745	0.083255	5.517161
21564	-1816.455	-2096.599	280.1438	1.453357	3.175071	0.814253	0.185747	3.495715
21570	-1810.115	-2091.844	281.7293	1.657492	3.175071	0.766989	0.233011	2.416205
21576	-1814.169	-2095.606	281.4372	1.445314	3.846189	0.778373	0.221627	2.574115
21582	-1826.902	-2107.854	280.952	1.470597	2.358983	0.960565	0.039435	3.229249
21588	-1816.211	-2095.673	279.4616	1.158473	4.104387	0.888774	0.111226	3.864904
21594	-1817.217	-2095.855	278.6386	1.136565	3.489644	0.798923	0.201077	4.467981
21600	-1833.309	-2114.468	281.1592	1.390613	3.010826	0.716709	0.283291	2.97235
21606	-1818.326	-2098.951	280.6258	1.346507	2.449095	0.820059	0.179941	3.4671
21612	-1810.459	-2089.697	279.2375	1.3414	3.640267	0.773357	0.226643	3.980511
21618	-1803.999	-2083.39	279.391	1.174774	3.293924	0.854248	0.145752	4.062807
21624	-1806.231	-2087.248	281.0174	1.486685	3.293924	0.897007	0.102993	2.930244
21630	-1807.52	-2088.821	281.301	1.414795	3.182526	0.740759	0.259241	2.829063
21636	-1820.032	-2101.569	281.5368	1.485226	4.490476	0.76435	0.23565	2.354869
21642	-1835.032	-2116.481	281.4491	1.411031	3.512327	0.857383	0.142617	2.662376
21648	-1833.313	-2114.242	280.9285	1.411031	5.147616	0.82364	0.17636	2.662376
21654	-1824.822	-2105.488	280.6664	1.26184	3.002556	0.803314	0.196686	3.343745
21660	-1810.94	-2091.557	280.6169	1.132819	2.217275	0.863138	0.136862	3.666609
21666	-1798.748	-2078.882	280.1335	1.185678	3.592161	0.812313	0.187687	3.563837
21672	-1809.007	-2089.607	280.5995	1.444095	3.592161	0.916714	0.0832859	3.137994
21678	-1818.431	-2099.033	280.6017	1.29379	3.592161	0.854521	0.145479	3.225878
21684	-1823.538	-2104.684	281.1466	1.4569	2.567105	0.835863	0.164137	3.060114
21690	-1832.668	-2114.328	281.66	1.55086	3.566036	0.780134	0.219866	2.431673
21696	-1819.412	-2099.65	280.2385	1.292292	2.490206	0.906903	0.0930966	3.711746
21702	-1834.775	-2114.624	279.8489	1.27344	3.436405	0.834108	0.165892	3.711746
21708	-1824.305	-2103.362	279.0576	1.211626	3.220783	0.715142	0.284858	4.247896
21714	-1822.852	-2102.119	279.2672	1.145728	3.600795	0.836341	0.163659	4.08344
21720	-1817.08	-2096.547	279.4664	1.158674	3.598529	0.872837	0.127163	3.962806
21726	-1813.116	-2093.492	280.3766	1.299639	2.965436	0.934171	0.0658295	3.500603
21732	-1816.618	-2098.098	281.4799	1.379768	2.965436	0.829426	0.170574	2.796579
21738	-1806.647	-2086.262	279.615	1.374627	4.034841	0.882847	0.117153	3.665113
21744	-1825.98	-2105.781	279.8008	1.363213	4.034841	0.722816	0.277184	3.563913
21750	-1831.493	-2112.337	280.8434	1.484147	4.387358	0.846282	0.153718	2.805618
21756	-1824.067	-2104.191	280.1246	1.254134	4.70553	0.856182	0.143818	3.315222
21762	-1833.021	-2114.511	281.4906	1.319073	2.268926	0.939237	0.0607627	3.026922
21768	-1824.234	-2104.84	280.6058	1.319465	2.66123	0.895661	0.104339	3.434629
21774	-1821.574	-2102.927	281.3535	1.469603	3.666142	0.936642	0.0633584	2.650357
21780	-1814.147	-2095.67	281.5221	1.469603	2.825827	0.90543	0.0945698	2.753299
21786	-1808.012	-2089.657	281.6448	1.543247	3.48336	0.848838	0.151162	2.465387
21792	-1825.252	-2107.2	281.9479	1.510112	4.834767	0.911768	0.0882316	2.005422
21798	-1843.931	-2126.606	282.6751	1.539547	2.728288	0.903362	0.0966382	2.005422
21804	-1828.234	-2109.786	281.5525	1.609403	3.138926	0.753581	0.246419	2.566094
21810	-1840.063	-2122.125	282.0623	1.628172	2.849695	0.537066	0.462934	2.311088
21816	-1826.6	-2107.956	281.3567	1.715064	4.553057	0.76834	0.23166	2.311088
21822	-1820.008	-2101.736	281.7275	1.751546	5.122779	0.92324	0.0767597	1.937003
21828	-1812.351	-2093.366	281.0149	1.462336	3.33172	0.872052	0.127948	2.937498
21834	-1820.296	-2101.284	280.9885	1.538594	3.33172	0.730712	0.269288	2.907434
21840	-1812.157	-2093.419	281.262	1.624981	3.33172	0.65664	0.34336	2.688265
21846	-1822.371	-2104.176	281.8049	1.711566	3.552552	0.821151	0.178849	2.240415
21852	-1826.908	-2108.735	281.8268	1.711566	3.552552	0.912093	0.087907	2.226352
21858	-1838.3	-2118.479	280.1786	1.404831	3.552552	0.962261	0.0377386	3.418144
21864	-1817.848	-2098.184	280.3366	1.350993	3.887277	0.894356	0.105644	3.286644
21870	-1815.516	-2097.264	281.7481	1.299453	1.933761	0.740703	0.259297	2.997855
21876	-1816.806	-2098.382	281.5757	1.403632	3.104473	0.902146	0.0978538	2.687641
21882	-1811.568	-2092.056	280.4882	1.386203	3.005276	0.86628	0.13372	3.374686
21888	-1814.557	-2093.796	279.2393	1.179695	3.622295	0.946149	0.0538514	4.075522
21894	-1821.364	-2101.485	280.1216	1.301025	3.80712	0.845929	0.154071	3.458563
21900	-1811.885	-2092.515	280.6303	1.276983	3.221744	0.895701	0.104299	3.302863
21906	-1821.722	-2102.23	280.5078	1.280207	3.466874	0.708947	0.291053	3.316872
21912	-1823.279	-2101.169	277.8896	1.091341	3.320796	0.829056	0.170944	4.948552
21918	-1807.957	-2089.571	281.614	1.428914	3.760826	0.739243	0.260757	2.492862
21924	-1811.534	-2093.135	281.6004	1.451354	3.117084	0.866184	0.133816	2.639875
21930	-1821.951	-2103.304	281.3523	1.45962	3.744802	0.904703	0.0952973	2.639875
21936	-1814.85	-2096.142	281.2919	1.280761	2.987503	0.880517	0.119483	2.964564
21942	-1815.165	-2096.499	281.3333	1.383758	2.987503	0.7762	0.2238	2.877412
21948	-1817.325	-2099.101	281.776	1.500242	3.78319	0.846195	0.153805	2.340768
21954	-1814.975	-2096.919	281.9445	1.597101	2.663292	0.847357	0.152643	2.458929
21960	-1817.526	-2100.409	282.8822	1.645177	2.75159	0.840412	0.159588	1.785711
21966	-1814.954	-2097.185	282.2307	1.386079	2.895857	0.859605	0.140395	2.345066
21972	-1820.623	-2101.298	280.6757	1.308033	3.592875	0.832385	0.167615	3.173449
21978	-1842.582	-2123.611	281.0291	1.341622	3.045413	0.832505	0.167495	3.070902
21984	-1829.043	-2109.056	280.0129	1.202847	4.058404	0.739713	0.260287	3.529227
21990	-1834.723	-2113.605	278.8818	1.085326	2.999174	0.732733	0.267267	4.470201
21996	-1826.314	-2107.027	280.7125	1.23584	2.67548	0.935506	0.0644945	3.417271
22002	-1816.606	-2098.754	282.1482	1.357792	2.069127	0.874703	0.125297	2.671243
22008	-1816.315	-2098.112	281.7969	1.30761	2.488022	0.922165	0.0778355	2.781085
22014	-1829.001	-2110.869	281.8674	1.268461	1.496309	0.850854	0.149146	3.118733
22020	-1821.064	-2101.902	280.8382	1.1557	2.3424	0.897661	0.102339	3.486172
22026	-1811.674	-2092.284	280.6101	1.135356	3.048133	0.859714	0.140286	3.439656
22032	-1807.475	-2088.799	281.3236	1.357295	2.514781	0.85191	0.14809	3.029004
22038	-1805.515	-2086.804	281.2887	1.362537	2.487834	0.972604	0.0273962	3.054721
22044	-1815.775	-2097.502	281.7274	1.27152	2.753616	0.853501	0.146499	2.768765
22050	-1828.71	-2109.139	280.4295	1.311002	2.50143	0.964735	0.0352653	3.587032
22056	-1823.468	-2104.985	281.5169	1.461872	3.253158	0.73466	0.26534	2.650902
22062	-1831.614	-2112.894	281.2802	1.256727	3.338531	0.875604	0.124396	2.899845
22068	-1831.651	-2114.164	282.5131	1.612505	3.743924	0.872154	0.127846	1.788511
22074	-1827.332	-2110.456	283.1239	1.539078	2.458276	0.800542	0.199458	1.788511
22080	-1807.633	-2089.648	282.0151	1.436789	2.925774	0.913706	0.0862942	2.441083
22086	-1830.693	-2112.364	281.6702	1.391035	2.925774	0.938531	0.0614685	2.683791
22092	-1828.365	-2109.703	281.3385	1.195794	2.653678	0.833494	0.166506	3.076931
22098	-1829.127	-2109.93	280.8023	1.195794	1.787025	0.893405	0.106595	3.669208
22104	-1821.921	-2103.565	281.6433	1.48631	2.961058	0.857378	0.142622	2.632328
22110	-1822.63	-2104.58	281.9494	1.442455	2.299395	0.866473	0.133527	2.663927
22116	-1810.433	-2092.74	282.307	1.404897	2.471073	0.770536	0.229464	2.409987
22122	-1812.761	-2095.126	282.3645	1.504103	2.170905	0.892811	0.107189	2.409987
22128	-1812.174	-2094.502	282.3279	1.455406	2.673105	0.922273	0.0777273	2.303036
22134	-1814.891	-2096.979	282.0874	1.501393	3.117268	0.788627	0.211373	2.303036
22140	-1815.741	-2096.802	281.0614	1.553513	3.250764	0.682245	0.317755	2.873593
22146	-1802.932	-2084.332	281.3995	1.629902	3.258334	0.714684	0.285316	2.618339
22152	-1815.713	-2097.261	281.5482	1.45754	2.742811	0.667567	0.332433	2.767583
22158	-1833.913	-2114.71	280.7971	1.413618	3.444963	0.677391	0.322609	3.071216
22164	-1836.532	-2117.606	281.0744	1.304228	3.162913	0.838542	0.161458	3.037095
22170	-1840.69	-2121.939	281.2493	1.434138	2.057088	0.661286	0.338714	3.171887
22176	-1835.948	-2117.025	281.0777	1.192258	2.199923	0.978217	0.0217826	3.368836
22182	-1829.239	-2109.96	280.7207	1.192258	1.999985	0.965567	0.0344333	3.642887
22188	-1823.244	-2104.119	280.875	1.298843	2.991805	0.889281	0.110719	3.201501
22194	-1825.662	-2106.552	280.8894	1.284431	2.991805	0.868384	0.131616	3.201501
22200	-1820.766	-2101.414	280.6474	1.240441	3.727073	0.735002	0.264998	3.201501
22206	-1821.305	-2102.506	281.2006	1.244287	2.407108	0.779839	0.220161	3.201501
22212	-1816	-2096.461	280.4609	1.350554	3.946448	0.816724	0.183276	3.201501
22218	-1835.362	-2117.045	281.6832	1.499369	2.981133	0.743205	0.256795	2.594238
22224	-1826.76	-2107.764	281.004	1.182298	2.529379	0.75985	0.24015	3.318362
22230	-1836.373	-2116.836	280.4632	1.578637	3.950358	0.849034	0.150966	3.063586
22236	-1827.548	-2108.134	280.5855	1.320531	3.09854	0.900431	0.0995688	3.333154
22242	-1829.037	-2110.794	281.7568	1.280716	2.473598	0.81685	0.18315	2.8262
22248	-1829.908	-2109.941	280.0337	1.453005	3.497413	0.895255	0.104745	3.486755
22254	-1825.998	-2107.311	281.3131	1.460605	4.935965	0.920542	0.0794582	2.428861
22260	-1837.229	-2118.261	281.0323	1.425048	3.139413	0.575627	0.424373	2.995685
22266	-1839.528	-2120.493	280.9653	1.267329	3.728125	0.631272	0.368728	2.995685
22272	-1838.428	-2118.71	280.2817	1.257825	2.472394	0.858528	0.141472	3.711784
22278	-1838.259	-2118.697	280.438	1.270765	2.149379	0.884528	0.115472	3.711784
22284	-1841.988	-2122.128	280.1403	1.248842	2.790887	0.959004	0.0409961	3.711784
22290	-1832.005	-2111.039	279.0343	1.202798	3.403545	0.817308	0.182692	4.225425
22296	-1836.225	-2114.852	278.6273	1.108455	2.415731	0.765192	0.234808	4.751333
22302	-1829.065	-2107.359	278.2943	1.156189	3.03544	0.853203	0.146797	4.751333
22308	-1834.618	-2114.119	279.5005	1.246565	3.292086	0.925662	0.0743382	3.959656
22314	-1832.665	-2112.752	280.0871	1.279673	3.292086	0.879948	0.120052	3.602555
22320	-1830.499	-2112.317	281.8177	1.389621	3.457238	0.761238	0.238762	2.459524
22326	-1824.32	-2105.162	280.842	1.258534	2.617051	0.87299	0.12701	3.344051
22332	-1816.823	-2096.501	279.6777	1.318184	2.810818	0.828666	0.171334	3.932859
22338	-1813.967	-2095.112	281.1447	1.32361	2.826986	0.84642	0.15358	3.069016
22344	-1824.301	-2104.803	280.5024	1.198312	2.99916	0.898892	0.101108	3.477879
22350	-1813.696	-2093.9	280.2038	1.243306	2.99916	0.877361	0.122639	3.625496
22356	-1819.631	-2099.838	280.2069	1.208692	3.07403	0.869523	0.130477	3.625496
22362	-1821.383	-2102.198	280.8156	1.309718	3.764698	0.880165	0.119835	3.052215
22368	-1825.973	-2106.837	280.8636	1.309718	2.805837	0.898653	0.101347	3.249869
22374	-1831.034	-2111.624	280.5899	1.076099	3.179567	0.864914	0.135086	3.454449
22380	-1831.464	-2113.011	281.5463	1.43279	3.213011	0.713249	0.286751	2.66059
22386	-1809.056	-2091.229	282.1729	1.457578	3.142713	0.902282	0.0977178	2.269667
22392	-1825.06	-2107.26	282.2001	1.595859	3.809036	0.828138	0.171862	1.996971
22398	-1819.735	-2101.926	282.1907	1.386531	3.027007	0.937069	0.0629308	2.334372
22404	-1819.33	-2102.051	282.7206	1.624001	3.096371	0.752687	0.247313	1.808604
22410	-1828.855	-2109.201	280.3458	1.260319	2.317161	0.829967	0.170033	3.718945
22416	-1835.051	-2114.689	279.6384	1.246018	4.071338	0.862355	0.137645	3.718945
22422	-1832.117	-2109.696	277.5787	1.272474	3.298266	0.785872	0.214128	5.025555
22428	-1814.033	-2092.988	278.9554	1.142381	4.849317	0.892889	0.107111	4.032684
22434	-1809.949	-2090.668	280.7191	1.517676	4.192983	0.791813	0.208187	2.898146
22440	-1823.195	-2105.242	282.0472	1.394381	2.449276	0.685079	0.314921	2.585793
22446	-1842.051	-2123.514	281.4621	1.48885	5.442595	0.782905	0.217095	2.228154
22452	-1841.81	-2123.247	281.4368	1.532495	2.155817	0.880722	0.119278	2.967938
22458	-1831.818	-2113.045	281.2276	1.444554	2.748967	0.75749	0.24251	2.967938
22464	-1826.133	-2106.509	280.3761	1.363901	3.176051	0.919633	0.0803669	3.411927
22470	-1820.508	-2100.725	280.2169	1.323634	2.948453	0.834684	0.165316	3.583813
22476	-1820.223	-2100.432	280.209	1.378977	2.50016	0.970316	0.0296841	3.675843
22482	-1827.046	-2108.636	281.5901	1.371398	2.238769	0.811931	0.188069	2.945426
22488	-1828.905	-2107.849	278.9439	1.302747	2.796807	0.6991	0.3009	4.362448
22494	-1833.81	-2113.752	279.9418	1.198943	3.231707	0.774169	0.225831	3.747247
22500	-1832.294	-2112.138	279.8442	1.361288	3.073208	0.877656	0.122344	3.747247
22506	-1825.397	-2105.11	279.7136	1.195663	3.853583	0.78837	0.21163	3.747247
22512	-1817.905	-2100.503	282.5981	1.482588	2.682222	0.863175	0.136825	2.107953
22518	-1823.319	-2104.915	281.5958	1.312491	4.394229	0.756956	0.243044	2.445451
22524	-1806.69	-2088.128	281.4385	1.549986	4.143121	0.784193	0.215807	2.445451
22530	-1802.955	-2085.048	282.093	1.549986	3.132269	0.800292	0.199708	2.264378
22536	-1810.332	-2093.478	283.1458	1.614534	2.356209	0.909341	0.0906591	1.756685
22542	-1814.382	-2095.783	281.4014	1.372049	2.40903	0.874034	0.125966	3.005108
22548	-1817.711	-2099.214	281.5033	1.310598	3.637783	0.740365	0.259635	2.662338
22554	-1812.841	-2093.887	281.0465	1.32043	3.235317	0.869024	0.130976	3.02664
22560	-1824.078	-2104.92	280.8422	1.504011	3.287523	0.867095	0.132905	3.02664
22566	-1832.445	-2112.835	280.39	1.297428	3.287523	0.922367	0.0776327	3.41661
22572	-1821.598	-2102.464	280.8658	1.314309	2.21539	0.923394	0.0766064	3.41661
22578	-1810.238	-2089.27	279.0321	1.287891	4.233803	0.818665	0.181335	4.012633
22584	-1807.833	-2089.452	281.6197	1.512354	3.762124	0.823546	0.176454	2.436661
22590	-1803.595	-2084.836	281.2405	1.479503	4.084831	0.939614	0.0603856	2.624672
22596	-1808.071	-2091.43	283.3591	1.792856	2.161818	0.775236	0.224764	1.550186
22602	-1812.064	-2094.409	282.3445	1.662548	4.781578	0.785642	0.214358	1.637102
22608	-1822.813	-2104.406	281.5932	1.523467	4.33464	0.869424	0.130576	2.325494
22614	-1820.354	-2100.91	280.5555	1.288138	3.45012	0.810265	0.189735	3.287844
22620	-1819.356	-2101.027	281.6708	1.298406	3.289353	0.852086	0.147914	2.647929
22626	-1818.524	-2099.018	280.4934	1.393475	2.591385	0.733636	0.266364	3.476407
22632	-1806.484	-2086.737	280.2525	1.235883	2.769823	0.871597	0.128403	3.659881
22638	-1809.107	-2089.706	280.5985	1.341627	2.769823	0.897814	0.102186	3.396698
22644	-1825.218	-2106.193	280.9747	1.568991	3.097679	0.699847	0.300153	2.954105
22650	-1829.244	-2109.292	280.0472	1.324923	3.710943	0.858116	0.141884	3.507931
22656	-1816.127	-2097.33	281.203	1.608083	4.14331	0.803446	0.196554	2.556293
22662	-1807.448	-2089.667	282.219	1.454768	2.29282	0.880329	0.119671	2.491181
22668	-1816.374	-2096.859	280.4848	1.271178	2.656541	0.864345	0.135655	3.534739
22674	-1818.221	-2099.111	280.8906	1.419232	4.137733	0.818157	0.181843	2.864794
22680	-1813.908	-2094.946	281.0372	1.483709	3.664291	0.733761	0.266239	2.835517
22686	-1809.083	-2089.099	280.0161	1.246142	3.664291	0.603099	0.396901	3.581695
22692	-1823.222	-2103.476	280.2533	1.394605	3.210501	0.82809	0.17191	3.457724
22698	-1834.317	-2114.744	280.4269	1.365249	3.210501	0.916403	0.0835973	3.373182
22704	-1824.084	-2102.55	278.4656	1.287688	3.580718	0.605041	0.394959	4.461191
22710	-1833.974	-2114.998	281.0236	1.207019	2.302036	0.756757	0.243243	3.359867
22716	-1824.907	-2104	279.0932	1.183248	3.483238	0.842653	0.157347	4.185918
22722	-1828.687	-2108.644	279.9573	1.082464	1.814092	0.835258	0.164742	4.208299
22728	-1832.788	-2112.164	279.3758	1.219339	3.009551	0.731092	0.268908	4.11226
22734	-1839.184	-2117.629	278.4447	1.441509	4.223394	0.794251	0.205749	4.261232
22740	-1820.639	-2101.972	281.3332	1.317899	2.648427	0.864086	0.135914	3.008499
22746	-1815.878	-2092.618	276.7402	1.080962	2.648427	0.845616	0.154384	5.747114
22752	-1816.542	-2096.279	279.7361	1.080962	2.912167	0.834233	0.165767	4.009527
22758	-1808.804	-2088.575	279.771	1.138817	2.705177	0.897047	0.102953	4.009527
22764	-1822.287	-2102.484	280.1976	1.056682	2.835638	0.928214	0.0717857	3.778009
22770	-1820.245	-2101.771	281.5258	1.363808	2.41177	0.809594	0.190406	2.934454
22776	-1825.04	-2105.993	280.9532	1.490848	2.314498	0.74179	0.25821	3.230223
22782	-1810.593	-2090.238	279.6447	1.319624	3.422823	0.822537	0.177463	3.805842
22788	-1810.345	-2092.533	282.1882	1.369245	2.369195	0.780209	0.219791	2.539008
22794	-1806.526	-2088.982	282.4559	1.546842	2.062338	0.875261	0.124739	2.363695
22800	-1815.374	-2095.839	280.4653	1.658259	2.828965	0.789254	0.210746	3.273167
22806	-1810.389	-2091.454	281.0651	1.435057	3.645942	0.841591	0.158409	2.852168
22812	-1813.802	-2093.445	279.6435	1.436015	3.115849	0.811229	0.188771	3.8096
22818	-1804.888	-2086.773	281.8852	1.376482	2.464979	0.841695	0.158305	2.691941
22824	-1805.8	-2087.029	281.2289	1.429052	2.401611	0.737154	0.262846	3.076442
22830	-1812.781	-2094.111	281.3299	1.302631	3.961906	0.840536	0.159464	2.703834
22836	-1813.546	-2095.191	281.6454	1.528263	3.609465	0.803662	0.196338	2.445067
22842	-1821.373	-2102.575	281.2025	1.528263	2.312998	0.904317	0.0956828	3.060271
22848	-1817.203	-2097.967	280.7646	1.469937	4.805925	0.827027	0.172973	2.785589
22854	-1810.883	-2092.83	281.9472	1.531593	3.900081	0.756554	0.243446	2.184665
22860	-1827.575	-2109.126	281.5516	1.441932	2.446156	0.870547	0.129453	2.861153
22866	-1808.728	-2089.955	281.2271	1.423938	3.836721	0.902757	0.0972425	2.718882
22872	-1818.934	-2099.99	281.0553	1.476114	4.192804	0.861623	0.138377	2.718882
22878	-1805.907	-2086.793	280.8865	1.451368	2.971295	0.746146	0.253854	3.109223
22884	-1798.333	-2077.103	278.7693	1.237615	3.970367	0.804462	0.195538	4.240163
22890	-1804.525	-2083.916	279.3911	1.281418	3.882904	0.799083	0.200917	3.877626
22896	-1807.172	-2087.527	280.3549	1.077388	2.128644	0.878667	0.121333	3.877626
22902	-1806.453	-2086.258	279.8048	1.196192	3.020624	0.865707	0.134293	3.877626
22908	-1805.267	-2084.342	279.0747	1.342818	3.299807	0.88108	0.11892	4.145908
22914	-1807.998	-2089.215	281.2176	1.424682	3.581117	0.795002	0.204998	2.780188
22920	-1806.299	-2087.538	281.2387	1.438385	3.386949	0.95401	0.04599	2.803522
22926	-1828.374	-2108.608	280.2346	0.9576761	1.860636	0.904463	0.0955368	4.105004
22932	-1823.24	-2100.515	277.2751	0.9773098	2.255158	0.955703	0.0442972	5.618481
22938	-1809.748	-2088.238	278.4902	0.9352063	2.110282	0.831313	0.168687	5.014835
22944	-1813.189	-2091.174	277.9851	1.200419	2.572382	0.853322	0.146678	5.014835
22950	-1824.657	-2103.863	279.2056	1.209319	3.084109	0.884939	0.115061	4.1969
22956	-1812.199	-2091.582	279.3829	1.38029	4.710044	0.834068	0.165932	3.673624
22962	-1806.091	-2086.552	280.4616	1.364915	2.298795	0.90564	0.09436	3.596874
22968	-1811.112	-2091.636	280.5246	1.364915	4.132908	0.815904	0.184096	3.118149
22974	-1810.858	-2090.182	279.3243	1.202632	3.799318	0.907138	0.0928625	3.977731
22980	-1826.285	-2105.961	279.6765	1.286975	2.722418	0.749513	0.250487	3.974346
22986	-1819.491	-2099.524	280.0334	1.056234	2.660748	0.89747	0.10253	3.918451
22992	-1814.567	-2094.944	280.3773	1.231663	2.660748	0.772395	0.227605	3.619094
22998	-1809.701	-2090.709	281.0079	1.298212	2.679166	0.964169	0.0358312	3.205502
23004	-1811.687	-2089.897	278.2104	1.039764	2.545374	0.732858	0.267142	4.986166
23010	-1828.129	-2106.115	277.9858	1.364226	2.345881	0.904184	0.0958161	4.986166
23016	-1823.987	-2103.787	279.8008	1.223717	3.161752	0.741767	0.258233	3.830431
23022	-1818.349	-2099.351	281.0023	1.236093	3.268032	0.902414	0.0975865	3.095675
23028	-1816.013	-2095.738	279.7253	1.274047	2.98448	0.957424	0.0425756	3.887373
23034	-1835.393	-2115.272	279.8788	1.347355	2.509004	0.915908	0.0840918	3.881872
23040	-1829.105	-2108.58	279.475	1.284165	3.617822	0.873137	0.126863	3.881872
23046	-1830.83	-2112.179	281.3483	1.213359	4.131717	0.846097	0.153903	2.712581
23052	-1841.651	-2123.24	281.5889	1.475472	3.617326	0.846588	0.153412	2.511705
23058	-1833.646	-2113.598	279.9521	1.253059	3.258041	0.866118	0.133882	3.703988
23064	-1823.207	-2102.983	279.7762	1.051174	1.848687	0.877198	0.122802	4.316258
23070	-1825.281	-2104.374	279.0932	1.087382	3.141541	0.777001	0.222999	4.316258
23076	-1800.43	-2079.68	279.2502	1.072907	2.808603	0.905854	0.094146	4.316258
23082	-1812.493	-2093.403	280.9097	1.248185	2.478099	0.923763	0.0762375	3.349881
23088	-1820.721	-2100.847	280.1257	1.240309	2.633846	0.854723	0.145277	3.76689
23094	-1822.249	-2101.935	279.6855	1.235213	3.724211	0.871406	0.128594	3.76689
23100	-1803.635	-2084.634	280.9988	1.359877	2.736688	0.886377	0.113623	3.158581
23106	-1821.016	-2102.314	281.2985	1.442947	2.917469	0.861088	0.138912	2.880938
23112	-1820.419	-2101.243	280.8241	1.157619	2.917469	0.749017	0.250983	3.333791
23118	-1824.728	-2106.321	281.5927	1.203949	3.955563	0.850641	0.149359	2.604089
23124	-1813.812	-2094.531	280.7187	1.491791	3.089121	0.904395	0.0956047	3.155477
23130	-1804.433	-2085.802	281.3683	1.600198	3.475271	0.840774	0.159226	2.604089
23136	-1814.339	-2096.122	281.7831	1.541197	4.534426	0.836868	0.163132	2.151987
23142	-1819.161	-2100.483	281.3213	1.541197	3.981441	0.837786	0.162214	2.557788
23148	-1822.016	-2104.203	282.1869	1.640469	3.189134	0.908095	0.0919055	2.130064
23154	-1827.39	-2109.404	282.014	1.480301	2.559511	0.815723	0.184277	2.519306
23160	-1833.201	-2115.941	282.7397	1.491967	2.768715	0.912361	0.0876393	1.98171
23166	-1836.217	-2119.097	282.8805	1.491967	2.493224	0.780876	0.219124	1.974578
23172	-1840.807	-2121.302	280.4944	1.146175	3.015864	0.775901	0.224099	3.508848
23178	-1824.155	-2104.808	280.6532	1.211723	3.015864	0.909057	0.0909433	3.377612
23184	-1818.793	-2097.045	278.2526	1.027635	3.015864	0.923789	0.0762112	4.850957
23190	-1817.185	-2095.528	278.3436	1.029655	2.802389	0.885191	0.114809	4.850957
23196	-1824.537	-2101.3	276.763	0.9131527	4.246795	0.842343	0.157657	5.489112
23202	-1818.421	-2096.305	277.8841	1.170528	1.943975	0.825693	0.174307	5.273654
23208	-1824.716	-2103.864	279.1487	1.162957	2.408006	0.68093	0.31907	4.430354
23214	-1807.646	-2087.757	280.1106	1.208215	2.868366	0.88062	0.11938	3.732443
23220	-1816.794	-2097.494	280.7002	1.363717	2.448188	0.685417	0.314583	3.413768
23226	-1819.705	-2099.474	279.769	1.172321	2.771228	0.909707	0.0902926	3.974302
23232	-1818.782	-2098.451	279.6687	1.112221	3.15075	0.961655	0.0383447	3.972728
23238	-1811.635	-2092.357	280.7214	1.444468	3.639577	0.950466	0.0495339	3.054767
23244	-1830.661	-2111.582	280.9206	1.395186	3.245586	0.87194	0.12806	3.054767
23250	-1845.246	-2124.817	279.571	1.180089	3.222403	0.803005	0.196995	3.97319
23256	-1824.672	-2103.99	279.318	1.208278	3.081174	0.761699	0.238301	4.134292
23262	-1810.663	-2093.065	282.4012	1.51561	3.288317	0.961628	0.0383721	2.045158
23268	-1828.517	-2111.098	282.5811	1.545888	2.371933	0.933105	0.0668948	2.176509
23274	-1819.815	-2101.293	281.4779	1.362238	2.509411	0.821802	0.178198	2.934944
23280	-1827.03	-2108.12	281.0895	1.353237	2.735467	0.965123	0.0348772	3.108939
23286	-1830.479	-2108.784	278.305	1.089104	3.313338	0.676587	0.323413	4.719753
23292	-1815.332	-2093.121	277.7891	1.314688	3.896747	0.864259	0.135741	4.762379
23298	-1819.32	-2097.87	278.5506	1.245756	2.373366	0.880427	0.119573	4.729493
23304	-1811.401	-2092.374	280.9738	1.08406	2.777259	0.844344	0.155656	3.325538
23310	-1807.049	-2087.943	280.8937	1.193979	2.711905	0.922887	0.0771134	3.325538
23316	-1807.548	-2087.27	279.7221	1.193979	3.220695	0.720777	0.279223	3.879077
23322	-1817.702	-2099.2	281.498	1.212773	3.011672	0.80975	0.19025	2.875002
23328	-1814.529	-2095.206	280.6768	1.309382	2.259725	0.829785	0.170215	3.515983
23334	-1820.634	-2101.875	281.2414	1.288656	2.789575	0.775795	0.224205	3.042123
23340	-1810.033	-2091.03	280.997	1.251719	2.97285	0.721977	0.278023	3.161865
23346	-1814.326	-2094.008	279.6815	1.391381	3.361023	0.843797	0.156203	3.75702
23352	-1810.324	-2090.59	280.2661	1.402591	3.194191	0.913765	0.0862354	3.449373
23358	-1823.652	-2102.551	278.8987	1.232835	3.002281	0.660987	0.339013	4.376736
23364	-1828.12	-2107.082	278.9621	1.046908	2.505323	0.936987	0.0630134	4.5733
23370	-1827.706	-2108.954	281.2474	1.342601	3.354581	0.923224	0.0767755	2.863992
23376	-1829.418	-2110.307	280.8889	1.342601	2.926044	0.727475	0.272525	3.184025
23382	-1828.428	-2108.011	279.5834	1.411515	2.926044	0.736671	0.263329	3.904332
23388	-1818.175	-2097.536	279.3615	1.085912	3.059856	0.8685	0.1315	4.184187
23394	-1817.819	-2099.68	281.8603	1.305426	3.823394	0.950528	0.0494716	2.401862
23400	-1803.754	-2085.611	281.857	1.437473	3.468831	0.828255	0.171745	2.401862
23406	-1822.964	-2104.503	281.539	1.559628	4.985975	0.843135	0.156865	2.21279
23412	-1813.372	-2096.332	282.9601	1.474222	2.277118	0.863003	0.136997	2.006988
23418	-1816.846	-2098.605	281.759	1.474222	3.862573	0.85561	0.14439	2.350517
23424	-1828.82	-2110.293	281.4735	1.474222	3.237305	0.875542	0.124458	2.673852
23430	-1830.53	-2111.577	281.0478	1.368199	3.656338	0.919902	0.0800984	2.900824
23436	-1830.109	-2111.244	281.1356	1.221936	2.642989	0.765234	0.234766	3.185068
23442	-1835.368	-2116.975	281.6068	1.066248	1.980719	0.889622	0.110378	3.204416
23448	-1822.128	-2102.353	280.2251	1.203985	2.621733	0.755126	0.244874	3.733811
23454	-1821.158	-2101.457	280.2989	1.19596	2.485531	0.758776	0.241224	3.733811
23460	-1824.788	-2105.721	280.9325	1.256199	3.300085	0.690052	0.309948	3.117757
23466	-1832.574	-2113.235	280.6618	1.126153	1.796276	0.847884	0.152116	3.78715
23472	-1824.146	-2103.514	279.3684	1.241281	3.193326	0.912889	0.0871106	4.060655
23478	-1824.369	-2105.68	281.3114	1.131018	2.514924	0.851462	0.148538	3.171175
23484	-1825.083	-2106.319	281.2354	1.246471	2.948703	0.896411	0.103589	3.028997
23490	-1838.619	-2116.02	277.4009	1.002982	3.110798	0.834247	0.165753	5.314992
23496	-1836.517	-2117.083	280.5651	1.187167	2.520428	0.85709	0.14291	3.574812
23502	-1826.37	-2107.964	281.5939	1.393875	2.762953	0.729499	0.270501	2.772978
23508	-1813.746	-2095.631	281.8851	1.384027	2.196118	0.935885	0.0641145	2.772978
23514	-1816.7	-2098.886	282.1857	1.697315	2.914224	0.883383	0.116617	2.168896
23520	-1806.957	-2088.655	281.6982	1.378422	2.914224	0.819538	0.180462	2.677405
23526	-1818.944	-2100.079	281.1345	1.260715	2.914224	0.713207	0.286793	3.089728
23532	-1814.042	-2094.776	280.7335	1.261275	3.960146	0.795969	0.204031	3.089728
23538	-1821.617	-2101.687	280.0704	1.393819	5.798061	0.857651	0.142349	3.089728
23544	-1826.087	-2106.526	280.4398	1.293791	4.609295	0.860092	0.139908	3.122051
23550	-1827.165	-2107.554	280.3885	1.310501	4.726116	0.697743	0.302257	3.122051
23556	-1832.498	-2113.045	280.547	1.147914	2.499164	0.767388	0.232612	3.614157
23562	-1829.958	-2111.861	281.9024	1.705827	3.312346	0.720104	0.279896	2.240341
23568	-1836.995	-2118.831	281.8363	1.440143	3.312346	0.856367	0.143633	2.451156
23574	-1820.826	-2102.419	281.5932	1.451789	3.160173	0.862178	0.137822	2.633107
23580	-1830.607	-2112.174	281.5674	1.454489	2.932905	0.806312	0.193688	2.706045
23586	-1838.744	-2119.11	280.3666	1.421392	3.558889	0.93798	0.0620199	3.296632
23592	-1826.981	-2107.875	280.8932	1.407967	2.753844	0.844219	0.155781	3.188112
23598	-1817.906	-2097.707	279.8003	1.105438	2.73812	0.832506	0.167494	4.00324
23604	-1831.426	-2112.22	280.7945	1.149771	1.985824	0.774843	0.225157	3.629588
23610	-1820.853	-2102.075	281.2218	1.327237	2.858968	0.913001	0.0869991	3.012222
23616	-1830.774	-2111.118	280.3439	1.226727	3.846563	0.727369	0.272631	3.3638
23622	-1813.799	-2093.6	279.8008	1.080923	3.058606	0.964115	0.0358849	3.936817
23628	-1808.311	-2088.289	279.9782	1.1743	2.463921	0.831064	0.168936	3.936817
23634	-1807.63	-2088.819	281.1888	1.1743	1.868079	0.916887	0.0831128	3.42705
23640	-1817.139	-2098.17	281.0306	1.155333	3.183998	0.927574	0.0724263	3.146948
23646	-1815.96	-2095.762	279.8014	1.307971	3.243135	0.696939	0.303061	3.762686
23652	-1815.861	-2096.343	280.4825	1.14833	3.23958	0.971079	0.0289207	3.460862
23658	-1812.715	-2093.995	281.2798	1.300468	3.002088	0.76416	0.23584	2.956229
23664	-1826.799	-2107.689	280.8898	1.166212	3.050068	0.941185	0.0588151	3.256614
23670	-1818.24	-2100.163	281.9232	1.244945	1.819843	0.934471	0.0655287	2.967652
23676	-1819.37	-2101.69	282.32	1.287456	2.594713	0.923642	0.0763582	2.437886
23682	-1833.048	-2115.286	282.2383	1.32969	2.678525	0.938005	0.0619949	2.437886
23688	-1825.953	-2107.922	281.9684	1.374246	2.031677	0.818256	0.181744	2.784451
23694	-1819.865	-2101.353	281.4874	1.434875	2.940035	0.930794	0.069206	2.765096
23700	-1815.067	-2094.854	279.7869	1.103649	3.303735	0.692369	0.307631	3.874788
23706	-1820.085	-2099.699	279.6143	1.166689	3.591959	0.840369	0.159631	3.874788
23712	-1822.137	-2102.805	280.6674	1.455734	3.591959	0.787266	0.212734	3.090679
23718	-1816.036	-2097.081	281.0457	1.356285	4.663053	0.878657	0.121343	2.708894
23724	-1813.226	-2094.942	281.7165	1.545433	3.921586	0.840965	0.159035	2.319284
23730	-1813.696	-2095.336	281.6404	1.519974	3.182537	0.864038	0.135962	2.556048
23736	-1825.774	-2108.002	282.2281	1.456867	2.955659	0.883785	0.116215	2.285038
23742	-1825.568	-2106.55	280.9816	1.220696	2.954495	0.870155	0.129845	3.194092
23748	-1828.451	-2109.146	280.6953	1.456379	3.074041	0.945412	0.0545876	3.194092
23754	-1821.196	-2103.238	282.0428	1.573031	3.057648	0.835525	0.164475	2.301559
23760	-1834.4	-2115.935	281.5353	1.645026	3.712096	0.655437	0.344563	2.41749
23766	-1827.84	-2109.905	282.0648	1.42711	2.661145	0.873505	0.126495	2.490656
23772	-1809.832	-2091.613	281.781	1.552547	2.371203	0.761338	0.238662	2.676884
23778	-1815.13	-2097.059	281.9292	1.552547	2.472688	0.825033	0.174967	2.553603
23784	-1832.77	-2114.302	281.5324	1.34321	3.154225	0.968255	0.0317445	2.738656
23790	-1832.291	-2113.698	281.4072	1.337334	2.886864	0.958606	0.0413937	2.887142
23796	-1824.272	-2105.611	281.339	1.317249	2.730485	0.862439	0.137561	2.982551
23802	-1818.062	-2099.728	281.6663	1.343725	2.702385	0.830091	0.169909	2.776295
23808	-1809.608	-2089.275	279.6677	1.317011	2.850137	0.873634	0.126366	3.929217
23814	-1822.512	-2102.314	279.8025	1.126534	2.907479	0.942733	0.0572668	3.946686
23820	-1831.734	-2112.167	280.4328	1.238032	3.163024	0.835622	0.164378	3.455516
23826	-1825.022	-2104.323	279.3006	1.25601	3.163024	0.818006	0.181994	4.097877
23832	-1827.042	-2106.325	279.2839	1.153286	3.467683	0.878654	0.121346	4.097877
23838	-1828.807	-2107.914	279.1063	1.33083	3.467683	0.852727	0.147273	4.097877
23844	-1839.96	-2118.01	278.0507	1.094369	2.563073	0.965624	0.0343764	5.039758
23850	-1830.715	-2109.953	279.2378	1.042617	2.563073	0.898268	0.101732	4.404738
23856	-1832.894	-2112.972	280.0785	1.230053	3.218944	0.835097	0.164903	3.653154
23862	-1831.742	-2111.784	280.0421	1.428673	2.834921	0.838327	0.161673	3.653154
23868	-1814.875	-2095.321	280.4458	1.490859	2.808197	0.892124	0.107876	3.388553
23874	-1817.881	-2098.813	280.9322	1.227112	1.876893	0.957458	0.0425417	3.542813
23880	-1810.665	-2091.261	280.5962	1.201829	2.862663	0.813195	0.186805	3.455547
23886	-1814.113	-2095.988	281.8758	1.201829	1.772499	0.815413	0.184587	3.040041
23892	-1811.947	-2093.535	281.5886	1.278687	2.123077	0.822944	0.177056	3.040041
23898	-1823.172	-2103.352	280.1801	1.170841	2.203847	0.905087	0.0949132	3.900581
23904	-1818.708	-2098.27	279.5621	1.234967	2.513457	0.904751	0.0952488	4.125787
23910	-1817.959	-2098.354	280.3949	1.404633	3.016336	0.866753	0.133247	3.415856
23916	-1821.823	-2105.027	283.2039	1.600732	2.153217	0.782352	0.217648	1.801309
23922	-1826.017	-2109.185	283.1684	1.590804	1.647978	0.931893	0.0681069	2.041464
23928	-1827.92	-2111.025	283.1058	1.634576	2.484442	0.815223	0.184777	1.725337
23934	-1815.149	-2098.361	283.2118	1.539793	2.461741	0.84474	0.15526	1.725337
23940	-1820.159	-2103.039	282.8801	1.599409	2.193212	0.942212	0.0577876	2.006888
23946	-1825.108	-2104.763	279.6551	1.475344	3.36276	0.802494	0.197506	3.723394
23952	-1821.333	-2102.451	281.1181	1.321029	3.255942	0.818504	0.181496	2.978363
23958	-1818.775	-2098.975	280.2002	1.296455	3.384718	0.78814	0.21186	3.505955
23964	-1819.558	-2099.763	280.2049	1.359841	2.715921	0.842339	0.157661	3.629857
23970	-1833.748	-2114.604	280.8562	1.419694	4.21996	0.825354	0.174646	2.869164
23976	-1827.391	-2110.041	282.6507	1.419694	1.952342	0.816252	0.183748	2.361583
23982	-1812.949	-2093.053	280.1044	1.422472	3.419344	0.941471	0.0585291	3.48059
23988	-1824.635	-2106.435	281.7993	1.376285	2.901001	0.699716	0.300284	2.619931
23994	-1817.649	-2098.411	280.762	1.448871	3.630154	0.878203	0.121797	3.029877
24000	-1810.633	-2092.837	282.2041	1.249329	2.387426	0.831485	0.168515	2.597753
24006	-1810.44	-2090.758	280.3172	1.329933	2.80959	0.838583	0.161417	3.557289
24012	-1822.141	-2104.134	281.9928	1.329933	2.81566	0.820836	0.179164	2.552102
24018	-1813.224	-2093.735	280.5104	1.300782	4.096295	0.752156	0.247844	3.171853
24024	-1817.205	-2098.129	280.9242	1.357435	4.557837	0.901766	0.0982338	2.801651
24030	-1810.649	-2092.133	281.4845	1.350491	3.246576	0.801889	0.198111	2.740745
24036	-1820.384	-2098.646	278.2615	1.114877	3.392882	0.851477	0.148523	4.712406
24042	-1807.087	-2087.708	280.621	1.441481	3.392882	0.697398	0.302602	3.171283
24048	-1824.781	-2105.636	280.8542	1.426076	2.863743	0.879495	0.120505	3.171283
24054	-1821.072	-2101.095	280.0237	1.279464	3.632555	0.803445	0.196555	3.564587
24060	-1830.211	-2110.371	280.1602	1.069735	2.804426	0.864745	0.135255	3.800099
24066	-1822.254	-2102.418	280.1646	1.297808	3.643075	0.955457	0.0445431	3.469544
24072	-1824.808	-2105.785	280.9769	1.359646	4.715956	0.89647	0.10353	2.739355
24078	-1814.265	-2096.502	282.2365	1.446068	3.058741	0.657371	0.342629	2.25855
24084	-1814.808	-2097.548	282.7399	1.643992	3.107464	0.785517	0.214483	1.778186
24090	-1813.958	-2095.195	281.2365	1.327028	2.914266	0.724979	0.275021	2.988992
24096	-1823.348	-2104.471	281.1227	1.481623	4.791082	0.758639	0.241361	2.560803
24102	-1819.682	-2100.485	280.8031	1.510915	4.791082	0.853799	0.146201	2.739715
24108	-1815.746	-2096.097	280.3515	1.306367	3.009785	0.895719	0.104281	3.500271
24114	-1814.267	-2093.708	279.4419	1.168428	3.313674	0.860971	0.139029	4.032928
24120	-1819.61	-2099.07	279.4599	1.150498	3.313674	0.756524	0.243476	4.032928
24126	-1817.594	-2096.985	279.3905	1.039251	2.685802	0.809864	0.190136	4.287584
24132	-1829.499	-2109.196	279.6975	1.150095	3.229459	0.670645	0.329355	3.91632
24138	-1832.405	-2111.742	279.3366	1.015989	3.229459	0.806921	0.193079	4.198624
24144	-1823.182	-2101.032	277.8497	1.170411	3.204283	0.802029	0.197971	4.952501
24150	-1822.226	-2100.408	278.1814	0.9061455	2.919854	0.884445	0.115555	4.981134
24156	-1816.436	-2096.029	279.5925	1.262648	3.45696	0.857486	0.142514	3.861124
24162	-1812.833	-2093.023	280.1895	1.12702	3.45696	0.879194	0.120806	3.594711
24168	-1814.073	-2094.043	279.9695	1.229516	3.778518	0.859638	0.140362	3.594711
24174	-1821.864	-2102.288	280.4242	1.157347	3.513657	0.883473	0.116527	3.427777
24180	-1821.721	-2101.098	279.3773	1.126491	3.214155	0.869314	0.130686	4.116156
24186	-1820.57	-2101.111	280.5417	1.046421	1.803849	0.80316	0.19684	3.899238
24192	-1803.004	-2082.233	279.2282	1.176167	4.600037	0.830251	0.169749	3.899238
24198	-1803.282	-2084.925	281.6432	1.694694	3.023882	0.803319	0.196681	2.486241
24204	-1819.172	-2101.762	282.5906	1.694694	3.023882	0.766963	0.233037	1.870142
24210	-1833.356	-2115.162	281.8058	1.416076	4.210925	0.838488	0.161512	2.283517
24216	-1824.206	-2105.704	281.4978	1.172948	2.604591	0.811119	0.188881	3.009133
24222	-1828.811	-2108.26	279.4491	1.172948	2.638494	0.824527	0.175473	4.191131
24228	-1839.625	-2118.63	279.0055	1.032149	3.183134	0.921796	0.0782036	4.387448
24234	-1823.702	-2102.935	279.2325	1.099901	3.817845	0.774103	0.225897	4.085045
24240	-1815.884	-2095.94	280.0555	1.217291	3.545818	0.724777	0.275223	3.600727
24246	-1823.285	-2102.672	279.3874	1.167587	4.434478	0.802141	0.197859	3.841685
24252	-1815.508	-2096.343	280.836	1.008436	1.806864	0.841093	0.158907	3.750694
24258	-1815.555	-2094.63	279.0741	1.059586	2.695527	0.754606	0.245394	4.452204
24264	-1814.599	-2095.533	280.9337	1.211764	2.362648	0.834589	0.165411	3.391391
24270	-1814.804	-2094.857	280.0529	1.074448	2.058693	0.904344	0.0956556	4.074691
24276	-1816.13	-2097.473	281.3427	1.161071	2.058693	0.79351	0.20649	3.277646
24282	-1823.846	-2105.271	281.4243	1.37619	3.195438	0.945916	0.0540843	2.774328
24288	-1816.498	-2097.881	281.3827	1.221336	3.289932	0.770376	0.229624	2.870782
24294	-1830.372	-2111.085	280.7125	1.487539	4.838349	0.728286	0.271714	2.8009
24300	-1816.088	-2097.296	281.2077	1.487013	4.929249	0.828338	0.171662	2.479692
24306	-1813.928	-2095.503	281.5755	1.444783	4.929249	0.796956	0.203044	2.273502
24312	-1827.758	-2108.666	280.9081	1.343742	4.375531	0.870901	0.129099	2.853805
24318	-1830.474	-2110.369	279.8941	1.223512	3.361855	0.848165	0.151835	3.730996
24324	-1828.333	-2108.354	280.021	1.223512	3.047089	0.961398	0.0386024	3.730996
24330	-1848.234	-2128.073	279.8386	1.258584	3.414908	0.736987	0.263013	3.730996
24336	-1837.824	-2117.984	280.1601	1.002821	3.246575	0.839711	0.160289	3.730996
24342	-1816.089	-2094.929	278.8396	0.9367848	2.330275	0.837263	0.162737	4.753098
24348	-1820.491	-2101.946	281.454	1.27942	2.402789	0.737713	0.262287	3.030969
24354	-1828.006	-2108.773	280.7667	1.555026	3.556151	0.863076	0.136924	2.979739
24360	-1830.776	-2110.796	280.0201	1.15555	3.003976	0.827775	0.172225	3.78122
24366	-1825.706	-2105.865	280.1593	1.235599	2.394997	0.84818	0.15182	3.817573
24372	-1826.215	-2107.493	281.2777	1.307073	3.455991	0.895531	0.104469	2.843562
24378	-1830.722	-2111.93	281.2076	1.238807	2.879502	0.918708	0.0812918	3.0682
24384	-1825.208	-2105.01	279.8029	1.186187	3.110349	0.884402	0.115598	3.862936
24390	-1804.688	-2084.392	279.7041	1.158544	3.429038	0.834617	0.165383	3.862936
24396	-1814.379	-2093.576	279.1963	1.158544	3.429038	0.829749	0.170251	4.153023
24402	-1822.711	-2101.817	279.1057	1.158503	3.673598	0.80813	0.19187	4.153023
24408	-1828.501	-2108.388	279.8869	1.003009	2.238686	0.718512	0.281488	4.153023
24414	-1848.216	-2127.731	279.5144	1.134783	3.080917	0.875352	0.124648	4.064399
24420	-1845.184	-2124.02	278.8358	1.088821	2.659285	0.819714	0.180286	4.579215
24426	-1839.911	-2117.655	277.744	1.189819	2.801393	0.916222	0.0837777	5.095473
24432	-1816.702	-2097.5	280.7979	1.530982	3.146371	0.823926	0.176074	3.070919
24438	-1827.438	-2107.845	280.4064	1.492407	4.107744	0.953081	0.0469188	3.1175
24444	-1825.77	-2105.199	279.429	1.282233	3.023912	0.837037	0.162963	4.042598
24450	-1827.273	-2107.209	279.936	1.282233	2.557316	0.832246	0.167754	3.872881
24456	-1829.545	-2108.601	279.0563	0.9183456	2.546042	0.740361	0.259639	4.581437
24462	-1820.659	-2102.422	281.7632	1.232455	2.363206	0.874489	0.125511	2.885341
24468	-1820.214	-2100.852	280.6381	1.195067	2.801501	0.838903	0.161097	3.450958
24474	-1828.557	-2107.15	278.5928	0.9695463	3.726313	0.853595	0.146405	4.538893
24480	-1823.82	-2104.037	280.2171	1.114311	3.291568	0.857186	0.142814	3.623162
24486	-1820.338	-2101.57	281.2317	1.2209	3.628563	0.93875	0.0612499	2.884781
24492	-1815.755	-2095.94	280.1843	1.146315	3.175775	0.747227	0.252773	3.6505
24498	-1831.483	-2109.995	278.5123	1.135263	3.52803	0.902158	0.0978417	4.531641
24504	-1837.577	-2116.089	278.5123	1.135263	3.52803	0.723769	0.276231	4.531641
24510	-1820.907	-2099.476	278.5689	1.084008	2.832632	0.865065	0.134935	4.687192
24516	-1820.46	-2100.601	280.1413	1.378793	3.390031	0.848235	0.151765	3.491073
24522	-1819.363	-2098.58	279.217	1.212493	4.414333	0.89043	0.10957	3.917342
24528	-1823.752	-2104.018	280.2666	1.336238	3.065599	0.74959	0.25041	3.51864
24534	-1818.342	-2098.189	279.8465	1.432256	3.759827	0.681482	0.318518	3.552216
24540	-1817.106	-2098.017	280.9111	1.271804	3.005793	0.849038	0.150962	3.192609
24546	-1813.88	-2094.554	280.6741	1.113635	2.38887	0.703932	0.296068	3.592312
24552	-1838.528	-2119.465	280.937	1.113635	3.359223	0.670983	0.329017	3.186066
24558	-1817.362	-2097.046	279.6837	1.334973	3.770087	0.846175	0.153825	3.700941
24564	-1820.501	-2098.882	278.3802	1.13268	2.902523	0.825483	0.174517	4.748296
24570	-1821.632	-2100.466	278.8342	1.13268	2.000506	0.894677	0.105323	4.748296
24576	-1828.974	-2106.745	277.7705	0.9223865	2.000506	0.96455	0.0354497	5.454657
24582	-1814.159	-2091.686	277.5272	0.9733029	2.350297	0.914056	0.0859441	5.454657
24588	-1811.161	-2092.148	280.9872	1.12013	1.881612	0.98492	0.0150802	3.57139
24594	-1818.374	-2099.653	281.2795	1.245935	2.615368	0.846717	0.153283	3.092986
24600	-1820.612	-2101.026	280.414	1.29441	2.310188	0.629721	0.370279	3.661875
24606	-1824.391	-2106.026	281.6351	1.639606	3.485231	0.84811	0.15189	2.410463
24612	-1841.069	-2124.225	283.1565	1.639606	2.510241	0.785381	0.214619	1.676846
24618	-1821.63	-2102.872	281.2418	1.485326	2.510241	0.856347	0.143653	3.002658
24624	-1823.296	-2105.324	282.0281	1.479383	2.773249	0.934744	0.0652561	2.448597
24630	-1828.925	-2110.073	281.1479	1.533444	4.021468	0.89422	0.10578	2.661521
24636	-1827.996	-2108.364	280.3678	1.339477	4.021468	0.829879	0.170121	3.24812
24642	-1813.387	-2094.313	280.9259	1.33682	3.013758	0.923035	0.0769647	3.143177
24648	-1804.196	-2085.016	280.8203	1.193902	2.933979	0.954423	0.0455771	3.310429
24654	-1807.382	-2088.297	280.9143	1.295175	2.437063	0.816472	0.183528	3.331607
24660	-1811.59	-2092.672	281.0816	1.225599	2.437063	0.887099	0.112901	3.274008
24666	-1798.078	-2079.208	281.1299	1.164396	2.744622	0.926767	0.073233	3.194644
24672	-1805.125	-2085.638	280.5131	1.217516	2.744622	0.838945	0.161055	3.525826
24678	-1816.439	-2095.699	279.2591	0.9822839	2.087961	0.943297	0.0567028	4.566308
24684	-1821.167	-2101.881	280.7135	1.398071	2.591	0.743216	0.256784	3.344875
24690	-1816.873	-2097.389	280.5151	1.283594	3.315509	0.84803	0.15197	3.344875
24696	-1812.85	-2093.902	281.0518	1.343776	2.903211	0.928541	0.0714594	3.092373
24702	-1814.574	-2094.42	279.8458	1.404674	3.162501	0.882279	0.117721	3.699988
24708	-1809.33	-2090.959	281.6284	1.210656	2.030772	0.858832	0.141168	3.088314
24714	-1813.22	-2092.567	279.3467	1.348935	3.450528	0.854389	0.145611	3.953991
24720	-1818.823	-2098.16	279.337	1.339181	4.759301	0.728937	0.271063	3.715594
24726	-1828.722	-2107.341	278.6186	1.331938	3.309018	0.831359	0.168641	4.408219
24732	-1818.167	-2097.461	279.2943	1.345065	3.064255	0.788007	0.211993	4.073949
24738	-1820.19	-2099.658	279.468	1.077438	3.295881	0.848706	0.151294	4.073949
24744	-1818.255	-2097.886	279.6309	1.195648	2.503702	0.894152	0.105848	4.111722
24750	-1814.571	-2093.908	279.3371	1.110199	3.614582	0.878734	0.121266	4.060972
24756	-1812.52	-2091.625	279.1053	1.016574	4.598904	0.865186	0.134814	4.060972
24762	-1815.686	-2095.536	279.8506	1.162574	5.47352	0.950807	0.0491932	3.405074
24768	-1814.181	-2095.923	281.7417	1.335004	2.336132	0.802525	0.197475	2.844715
24774	-1817.493	-2098.777	281.2837	1.275777	3.639919	0.953194	0.0468059	2.817482
24780	-1828.596	-2110.108	281.5117	1.397232	3.4212	0.962136	0.0378635	2.653531
24786	-1803.529	-2083.01	279.481	1.326265	5.02839	0.852535	0.147465	3.595204
24792	-1812.569	-2093.979	281.41	1.259094	3.113885	0.809296	0.190704	2.874391
24798	-1819.931	-2100.47	280.5384	1.524262	3.203868	0.882667	0.117333	3.215346
24804	-1822.187	-2103.99	281.8031	1.524262	3.203868	0.890251	0.109749	2.446267
24810	-1820.329	-2102.25	281.9217	1.427238	3.327784	0.742261	0.257739	2.401696
24816	-1813.926	-2095.7	281.7738	1.357755	3.183117	0.860618	0.139382	2.573808
24822	-1815.98	-2096.525	280.545	1.381845	3.98664	0.941112	0.0588876	3.124877
24828	-1814.442	-2095.915	281.473	1.343907	3.445227	0.84204	0.15796	2.704458
24834	-1832.312	-2114.319	282.007	1.273913	2.140646	0.747919	0.252081	2.784383
24840	-1838.807	-2120.019	281.2115	1.345525	2.49108	0.74096	0.25904	3.109941
24846	-1820.606	-2101.302	280.6952	1.214327	4.113687	0.855817	0.144183	3.109941
24852	-1843.765	-2125.118	281.3528	1.424121	2.581977	0.928399	0.0716007	2.951863
24858	-1846.959	-2126.714	279.7547	1.291572	3.051671	0.731514	0.268486	3.844084
24864	-1827.571	-2108.575	281.0039	1.051616	2.677064	0.781719	0.218281	3.353956
24870	-1818.83	-2098.646	279.8161	1.082411	2.677064	0.89871	0.10129	4.023438
24876	-1820.783	-2099.339	278.556	0.8602266	2.035649	0.939485	0.0605149	5.043569
24882	-1818.55	-2096.522	277.9727	1.068705	2.61314	0.923877	0.0761235	5.084014
24888	-1819.034	-2098.691	279.6564	1.212272	2.61314	0.936666	0.0633336	4.057595
24894	-1810.796	-2091.227	280.4315	1.236346	3.167079	0.902705	0.0972953	3.456324
24900	-1820.661	-2100.499	279.8381	1.237725	3.845399	0.838156	0.161844	3.652556
24906	-1817.688	-2098.009	280.3202	1.276037	3.845399	0.863384	0.136616	3.348979
24912	-1812.09	-2092.575	280.4857	1.208465	3.041378	0.686953	0.313047	3.471319
24918	-1835.698	-2114.357	278.659	1.103372	3.949844	0.687099	0.312901	4.382457
24924	-1832.709	-2113.187	280.4785	1.095011	2.13492	0.955611	0.0443886	3.794466
24930	-1819.979	-2100.405	280.4267	1.286181	2.514512	0.936234	0.0637664	3.599361
24936	-1825.195	-2104.435	279.2401	1.200837	3.190204	0.945967	0.0540326	4.157444
24942	-1816.119	-2096.235	280.1168	1.148521	2.827848	0.822885	0.177115	3.773644
24948	-1831.135	-2111.991	280.8563	1.225538	3.071241	0.740081	0.259919	3.23613
24954	-1844.162	-2125.388	281.2256	1.170544	2.352521	0.856604	0.143396	3.246912
24960	-1834.269	-2112.615	278.3457	1.291204	3.646469	0.788106	0.211894	4.513128
24966	-1830.591	-2110.987	280.3966	1.16384	3.058252	0.885381	0.114619	3.54516
24972	-1815.682	-2095.479	279.7967	1.17825	4.314526	0.782129	0.217871	3.620909
24978	-1821.581	-2103.345	281.7642	1.317171	4.368062	0.940015	0.0599853	2.341212
24984	-1820.181	-2101.014	280.8325	1.212481	2.538536	0.888128	0.111872	3.398758
24990	-1819.963	-2101.063	281.1003	1.499963	3.511104	0.759739	0.240261	2.821558
24996	-1817.932	-2097.37	279.437	1.35984	5.849902	0.93334	0.0666598	3.475863
25002	-1823.891	-2106.094	282.2034	1.621513	3.841027	0.789759	0.210241	1.970109
25008	-1821.707	-2103.586	281.8791	1.606181	3.593594	0.851237	0.148763	2.250751
25014	-1818.129	-2098.556	280.4274	1.350233	3.529041	0.908972	0.0910282	3.309236
25020	-1819.877	-2101.766	281.8887	1.516513	2.898667	0.857638	0.142362	2.477744
25026	-1828.563	-2110.594	282.0303	1.459977	2.699915	0.794135	0.205865	2.480434
25032	-1819.79	-2102.403	282.6135	1.392884	1.752515	0.70692	0.29308	2.480434
25038	-1836.704	-2120.018	283.3148	1.517959	2.201324	0.641463	0.358537	1.76343
25044	-1825.999	-2106.912	280.9125	1.052445	1.741599	0.833031	0.166969	3.705363
25050	-1822.571	-2102.743	280.1728	1.263489	2.711671	0.846064	0.153936	3.705363
25056	-1821.611	-2104.461	282.8503	1.605961	3.690716	0.881074	0.118926	1.56633
25062	-1830.003	-2112.413	282.4102	1.752762	3.067377	0.724851	0.275149	1.940727
25068	-1827.093	-2111.242	284.1485	1.752762	1.518204	0.85387	0.14613	1.28447
25074	-1813.667	-2097.26	283.5924	1.740926	2.535574	0.93979	0.0602104	1.258665
25080	-1814.844	-2097.111	282.2675	1.455943	1.807176	0.787828	0.212172	2.634452
25086	-1813.212	-2094.696	281.4846	1.422663	3.286699	0.808966	0.191034	2.686689
25092	-1825.28	-2106.339	281.0583	1.26059	2.971371	0.860675	0.139325	3.120526
25098	-1813.491	-2095.46	281.9689	1.364814	3.464272	0.8779	0.1221	2.378189
25104	-1816.079	-2096.741	280.6629	1.399125	2.732159	0.873819	0.126181	3.335147
25110	-1813.095	-2093.125	280.0301	1.248007	4.016883	0.86615	0.13385	3.50099
25116	-1810.381	-2090.982	280.601	1.124895	2.849868	0.814732	0.185268	3.50099
25122	-1803.059	-2083.309	280.2497	1.374037	3.833706	0.800774	0.199226	3.335233
25128	-1812.007	-2093.455	281.4478	1.591511	3.447245	0.675237	0.324763	2.56676
25134	-1805.197	-2086.172	280.9751	1.402504	2.576311	0.91021	0.0897897	3.191945
25140	-1820.544	-2103.061	282.5174	1.309995	1.715522	0.921882	0.078118	2.606936
25146	-1828.489	-2109.048	280.5594	1.289748	3.484832	0.88716	0.11284	3.276867
25152	-1835.48	-2115.31	279.8307	1.279401	2.94179	0.881504	0.118496	3.834232
25158	-1821.078	-2102.699	281.6217	1.474487	2.882707	0.642399	0.357601	2.67382
25164	-1818.254	-2098.877	280.6232	1.323346	2.975403	0.915164	0.0848359	3.339795
25170	-1824.561	-2105.099	280.5374	1.181458	3.547462	0.845958	0.154042	3.339795
25176	-1837.292	-2115.989	278.6966	1.07968	4.234177	0.918108	0.0818924	4.321461
25182	-1820.234	-2099.857	279.6227	1.07968	2.416018	0.87763	0.12237	4.207127
25188	-1832.697	-2112.804	280.1072	1.027788	1.671558	0.866472	0.133528	4.207127
25194	-1829.843	-2109.515	279.6721	0.9848201	1.858584	0.920766	0.0792344	4.409029
25200	-1842.223	-2124.546	282.3228	1.359918	2.267385	0.752971	0.247029	2.493999
25206	-1834.585	-2115.226	280.6415	1.166844	1.885604	0.895792	0.104208	3.743121
25212	-1832.139	-2112.981	280.8425	1.073008	1.631051	0.947993	0.052007	3.776677
25218	-1828.641	-2109.429	280.7876	1.110692	1.747953	0.767129	0.232871	3.741462
25224	-1832.292	-2113.3	281.0086	1.214234	2.767086	0.868827	0.131173	3.230934
25230	-1829.923	-2109.522	279.5989	1.116507	2.568243	0.934868	0.0651321	4.157103
25236	-1820.772	-2100.578	279.8056	1.098519	2.143247	0.913458	0.0865416	4.174533
25242	-1824.255	-2104.086	279.8315	1.058225	2.169428	0.977602	0.0223976	4.174533
25248	-1813.288	-2093.521	280.2338	1.175555	2.31968	0.954997	0.045003	3.831596
25254	-1817.471	-2098.725	281.2542	1.230301	2.105688	0.931445	0.0685555	3.273268
25260	-1816.274	-2097.289	281.015	1.388199	3.024001	0.751319	0.248681	3.056867
25266	-1828.957	-2110.769	281.8114	1.457435	2.404258	0.964404	0.0355958	2.706214
25272	-1825.035	-2106.435	281.4	1.411574	3.189383	0.705306	0.294694	2.769067
25278	-1824.159	-2105.754	281.5951	1.249407	2.334698	0.883933	0.116067	2.985351
25284	-1842.058	-2122.181	280.1221	1.17677	2.334698	0.854064	0.145936	3.89056
25290	-1835.545	-2116.334	280.7894	1.073433	1.430128	0.937381	0.0626193	3.89056
25296	-1822.548	-2104.205	281.6575	1.302145	2.418808	0.805484	0.194516	2.889982
25302	-1816.78	-2097.134	280.3538	1.298232	3.303865	0.9482	0.0517995	3.433579
25308	-1811.883	-2092.324	280.4405	1.274334	3.147047	0.832912	0.167088	3.433579
25314	-1815.457	-2097.375	281.9181	1.149459	1.90607	0.852034	0.147966	2.995945
25320	-1816.849	-2097.817	280.9681	1.34475	2.589399	0.784041	0.215959	3.226605
25326	-1824.577	-2105.508	280.9311	1.313576	2.73518	0.849353	0.150647	3.226605
25332	-1821.752	-2102.457	280.7045	1.156465	2.314576	0.81511	0.18489	3.57204
25338	-1824.928	-2105.859	280.9311	1.235971	3.190099	0.981426	0.0185743	3.15669
25344	-1828.67	-2109.632	280.9625	1.235701	2.645201	0.597431	0.402569	3.278685
25350	-1828.966	-2108.131	279.1643	1.235701	2.722641	0.75649	0.24351	4.294812
25356	-1819.682	-2098.796	279.1142	1.219299	3.853136	0.799015	0.200985	4.077443
25362	-1820.768	-2100.138	279.3699	1.12173	2.383024	0.862944	0.137056	4.335916
25368	-1822.367	-2102.825	280.4573	1.424578	2.703268	0.776821	0.223179	3.448596
25374	-1822.197	-2103.472	281.2745	1.250863	2.703268	0.796601	0.203399	3.068476
25380	-1827.752	-2108.85	281.0983	1.312626	2.774837	0.733368	0.266632	3.117237
25386	-1828.613	-2108.832	280.219	1.513677	4.208127	0.776018	0.223982	3.196779
25392	-1829.31	-2109.435	280.1243	1.183756	2.234248	0.874169	0.125831	3.915753
25398	-1823.823	-2105.155	281.332	1.53452	4.344288	0.753916	0.246084	2.481484
25404	-1828.804	-2108.288	279.4834	1.021501	2.865032	0.863949	0.136051	4.199036
25410	-1843.214	-2125.141	281.927	1.409262	2.865032	0.803877	0.196123	2.530022
25416	-1832.888	-2114.803	281.9152	1.299922	3.150783	0.925283	0.0747173	2.530022
25422	-1820.167	-2101.554	281.3879	1.379854	2.637139	0.913403	0.0865973	2.9416
25428	-1819.738	-2102.13	282.3926	1.43943	2.347235	0.862564	0.137436	2.373672
25434	-1840.107	-2121.867	281.7605	1.37393	2.965482	0.845174	0.154826	2.628146
25440	-1827.356	-2107.56	280.2043	1.058738	2.965482	0.73486	0.26514	3.740275
25446	-1823.006	-2101.436	278.4295	0.9792833	2.743923	0.86529	0.13471	4.845915
25452	-1826.802	-2106.075	279.2722	1.09609	3.584736	0.965356	0.0346437	4.11223
25458	-1822.818	-2102.248	279.4306	0.9759217	2.275834	0.915854	0.0841457	4.415457
25464	-1821.283	-2101.951	280.668	1.139862	2.877688	0.821749	0.178251	3.445942
25470	-1810.013	-2091.193	281.1795	1.227033	3.020027	0.930196	0.0698042	3.055898
25476	-1827.583	-2108.531	280.948	1.423289	1.706057	0.966911	0.033089	3.482949
25482	-1828.984	-2109.428	280.4441	1.250356	2.787678	0.929249	0.0707514	3.535525
25488	-1829.694	-2110.366	280.6719	1.250356	2.31744	0.94869	0.05131	3.535525
25494	-1823.56	-2104.88	281.3202	1.366622	2.438882	0.958922	0.0410784	3.047972
25500	-1816.2	-2097.466	281.2669	1.293431	2.70187	0.922072	0.0779281	3.047972
25506	-1833.206	-2115.442	282.2359	1.759612	3.002649	0.870404	0.129596	2.070385
25512	-1825.796	-2108.111	282.3155	1.583931	2.575509	0.934527	0.0654734	2.25818
25518	-1821.393	-2102.244	280.851	1.296923	2.241325	0.945533	0.0544666	3.427265
25524	-1814	-2094.675	280.6747	1.153131	2.904969	0.803633	0.196367	3.427265
25530	-1807.849	-2086.979	279.1297	1.163387	3.208636	0.909779	0.0902215	4.237144
25536	-1816.797	-2096.254	279.4573	1.093113	3.039173	0.978035	0.0219652	4.130565
25542	-1821.147	-2100.903	279.7555	1.066715	2.654212	0.874388	0.125612	4.073076
25548	-1820.703	-2100.632	279.9288	1.244164	2.925882	0.778277	0.221723	3.802071
25554	-1823.354	-2104.266	280.912	1.384414	3.85691	0.905337	0.0946629	2.930077
25560	-1831.551	-2113.389	281.8388	1.515138	3.480317	0.798671	0.201329	2.361526
25566	-1819.171	-2100.94	281.7683	1.515138	3.480317	0.86648	0.13352	2.40614
25572	-1820.155	-2102.203	282.0479	1.679498	3.125707	0.875478	0.124522	2.211813
25578	-1836.217	-2118.811	282.594	1.449015	1.660037	0.901688	0.0983122	2.495965
25584	-1835.158	-2115.946	280.7879	1.448403	2.7149	0.968702	0.0312982	3.237035
25590	-1817.932	-2098.62	280.6883	1.199311	2.013843	0.894717	0.105283	3.652898
25596	-1803.959	-2083.427	279.4679	1.30593	3.188133	0.990086	0.0099141	3.968094
25602	-1815.179	-2096.296	281.1172	1.43091	2.962465	0.848423	0.151577	2.985724
25608	-1822.797	-2103.628	280.8316	1.210002	2.991818	0.81759	0.18241	3.279661
25614	-1825.861	-2107.738	281.8775	1.332996	2.398882	0.942715	0.057285	2.743645
25620	-1821.278	-2102.761	281.483	1.511773	3.380888	0.906497	0.0935027	2.610091
25626	-1817.49	-2097.867	280.3779	1.233376	3.058276	0.869441	0.130559	3.515546
25632	-1832.607	-2112.712	280.105	1.261888	3.103095	0.810085	0.189915	3.646732
25638	-1834.779	-2114.633	279.8537	1.35652	3.488855	0.763993	0.236007	3.649377
25644	-1816.175	-2097.086	280.911	1.441134	3.071767	0.957645	0.0423545	3.075392
25650	-1811.081	-2092.258	281.1768	1.333413	2.711064	0.962288	0.0377116	3.075392
25656	-1826.224	-2107.799	281.5743	1.333413	3.417735	0.983895	0.0161048	2.655077
25662	-1840.969	-2123.671	282.7023	1.691375	3.005728	0.890439	0.109561	1.80097
25668	-1838.834	-2121.527	282.693	1.706423	2.992175	0.964342	0.0356577	1.80097
25674	-1831.006	-2113.165	282.1587	1.596552	2.889312	0.851436	0.148564	2.258457
25680	-1828.442	-2109.938	281.4964	1.669757	3.786214	0.958135	0.0418646	2.409853
25686	-1833.396	-2115.667	282.2711	1.510902	3.786214	0.912653	0.0873471	2.011622
25692	-1840.698	-2121.596	280.8986	1.346658	3.003385	0.612413	0.387587	3.1562
25698	-1841.826	-2122.695	280.8691	1.302681	2.928781	0.697866	0.302134	3.21875
25704	-1829.159	-2109.631	280.4722	1.31329	4.303856	0.849865	0.150135	3.147216
25710	-1826.942	-2108.021	281.0793	1.218741	3.246044	0.764027	0.235973	3.065255
25716	-1819.702	-2099.734	280.0314	1.150897	2.761346	0.901012	0.0989875	3.83867
25722	-1828.074	-2106.148	278.0738	1.059032	2.394547	0.863346	0.136654	5.092839
25728	-1812.317	-2090.591	278.2744	1.089848	3.381379	0.796598	0.203402	4.721627
25734	-1812.232	-2091.912	279.6794	1.301204	3.381379	0.844667	0.155333	3.805606
25740	-1810.314	-2088.959	278.6446	1.104062	3.079805	0.812847	0.187153	4.573937
25746	-1808.572	-2087.375	278.8033	1.095217	2.736088	0.842849	0.157151	4.573937
25752	-1807.625	-2086.478	278.8531	1.192064	2.430141	0.887391	0.112609	4.573937
25758	-1802.55	-2082.059	279.5094	1.199195	2.742739	0.935518	0.0644822	4.114452
25764	-1814.011	-2093.404	279.3933	1.121477	3.194536	0.834152	0.165848	4.114452
25770	-1810.564	-2092.184	281.6198	1.099547	1.784013	0.947294	0.0527064	3.248647
25776	-1814.286	-2094.753	280.4671	1.107188	2.480502	0.861154	0.138846	3.689393
25782	-1809.364	-2089.07	279.7069	1.107188	2.480502	0.959261	0.0407388	4.125335
25788	-1813.295	-2092.822	279.5274	1.056537	2.905384	0.865494	0.134506	4.144107
25794	-1818.406	-2098.087	279.6808	1.07697	2.940517	0.775109	0.224891	4.036361
25800	-1823.971	-2103.706	279.7348	1.140194	2.679024	0.672661	0.327339	4.036361
25806	-1821.774	-2101.355	279.5813	1.108774	3.10076	0.891278	0.108722	4.036361
25812	-1816.074	-2096.534	280.4606	1.375511	3.106812	0.785666	0.214334	3.372211
25818	-1831.042	-2112.668	281.6259	1.345326	1.668438	0.902657	0.0973434	3.144491
25824	-1826.487	-2108.104	281.6169	1.08566	2.104464	0.855381	0.144619	3.144491
25830	-1808.352	-2089.234	280.8821	1.206483	2.122909	0.910662	0.0893383	3.499845
25836	-1816.663	-2096.784	280.1209	1.090308	4.226469	0.821142	0.178858	3.499845
25842	-1810.255	-2090.298	280.0426	1.349694	3.240153	0.868549	0.131451	3.599687
25848	-1813.769	-2094.039	280.27	1.555562	3.240153	0.869669	0.130331	3.346592
25854	-1807.206	-2088.29	281.0844	1.311207	3.084013	0.88884	0.11116	3.04637
25860	-1820.827	-2101.333	280.5068	1.311207	3.435656	0.950845	0.0491553	3.306175
25866	-1828.504	-2109.128	280.6243	1.167629	2.910744	0.82512	0.17488	3.446793
25872	-1832.496	-2113.456	280.9597	1.412788	3.357618	0.887817	0.112183	2.994422
25878	-1820.218	-2102.106	281.8876	1.509001	2.976941	0.950876	0.0491236	2.461977
25884	-1822.091	-2104.189	282.0982	1.348138	3.518595	0.850304	0.149696	2.293514
25890	-1820.216	-2101.698	281.4823	1.547756	3.055428	0.784055	0.215945	2.668997
25896	-1824.598	-2104.437	279.8385	1.410319	6.183687	0.781926	0.218074	3.162417
25902	-1826.47	-2107.862	281.392	1.415471	3.281687	0.855597	0.144403	2.749049
25908	-1831.382	-2112.394	281.0123	1.374866	2.686316	0.890081	0.109919	3.155445
25914	-1819.267	-2101.103	281.8358	1.413294	2.451298	0.867542	0.132458	2.703806
25920	-1818.021	-2099.147	281.1262	1.220139	3.226029	0.773982	0.226018	3.041172
25926	-1840.661	-2120.015	279.3531	1.133175	3.282356	0.66074	0.33926	4.11067
25932	-1822.433	-2102.522	280.089	1.045731	3.227118	0.852438	0.147562	3.751736
25938	-1823.028	-2103.035	280.0066	1.105214	2.463706	0.936895	0.0631046	3.960175
25944	-1822.664	-2101.421	278.757	1.148161	3.984055	0.875919	0.124081	4.295171
25950	-1823.604	-2104.549	280.9453	1.338594	4.010023	0.94579	0.0542097	2.906111
25956	-1809.761	-2090.338	280.5767	1.306447	3.973097	0.903481	0.0965195	3.153559
25962	-1824.39	-2103.132	278.7411	1.346392	4.781635	0.75522	0.24478	4.049744
25968	-1820.094	-2101.061	280.967	1.499718	4.145485	0.861476	0.138524	2.767914
25974	-1828.025	-2109.775	281.7501	1.720433	3.495128	0.784818	0.215182	2.283687
25980	-1826.305	-2108.491	282.1861	1.592213	4.001647	0.930418	0.0695823	1.964514
25986	-1834.02	-2115.424	281.4042	1.538527	3.875887	0.840788	0.159212	2.530303
25992	-1816.106	-2097.196	281.0905	1.337442	3.867856	0.752859	0.247141	2.848263
25998	-1820.515	-2100.865	280.3496	1.255626	3.7463	0.766135	0.233865	3.364164
26004	-1817.601	-2098.281	280.6796	1.26246	2.889925	0.922797	0.077203	3.364164
26010	-1819.036	-2099.77	280.7339	1.26246	3.851315	0.893875	0.106125	3.111077
26016	-1816.625	-2098.184	281.5593	1.42226	2.672502	0.839499	0.160501	2.802074
26022	-1826.978	-2108.141	281.1627	1.371122	2.99554	0.683269	0.316731	2.985857
26028	-1823.995	-2105.58	281.585	1.371122	3.520502	0.745707	0.254293	2.601218
26034	-1824.16	-2104.725	280.5649	1.216242	3.17878	0.820291	0.179709	3.387164
26040	-1821.749	-2103.294	281.5457	1.377367	2.972042	0.745345	0.254655	2.756227
26046	-1823.84	-2105.836	281.996	1.658084	3.919867	0.746568	0.253432	2.065617
26052	-1806.899	-2088.871	281.9714	1.680749	3.280085	0.842554	0.157446	2.220164
26058	-1814.123	-2096.371	282.2479	1.640538	3.423926	0.889995	0.110005	2.029099
26064	-1819.18	-2101.177	281.9974	1.595279	3.24417	0.833004	0.166996	2.267635
26070	-1818.751	-2102.289	283.5387	1.632348	2.52985	0.858993	0.141007	1.391269
26076	-1823.009	-2105.507	282.498	1.495275	3.347803	0.879094	0.120906	1.978818
26082	-1814.402	-2095.952	281.5504	1.352914	2.232933	0.87932	0.12068	2.982293
26088	-1833.941	-2114.285	280.3434	1.364659	4.358773	0.890723	0.109277	3.182919
26094	-1842.737	-2122.025	279.2887	1.164853	2.117995	0.858664	0.141336	4.43743
26100	-1846.59	-2125.31	278.7207	1.18224	3.828818	0.701189	0.298811	4.326579
26106	-1844.896	-2123.316	278.4194	1.022147	3.828818	0.901945	0.0980551	4.586439
26112	-1841.924	-2118.967	277.0424	1.264804	4.122759	0.753492	0.246508	5.163101
26118	-1836.642	-2117.257	280.6151	1.486414	3.960449	0.79076	0.20924	3.025867
26124	-1843.022	-2123.145	280.1234	1.321914	6.322991	0.8993	0.1007	3.025867
26130	-1821.654	-2102.216	280.5624	1.207493	2.984635	0.922292	0.0777078	3.441052
26136	-1828.887	-2110.32	281.4334	1.344859	3.082229	0.816985	0.183015	2.816159
26142	-1829.249	-2109.809	280.5603	1.217407	3.131478	0.939633	0.0603668	3.400496
26148	-1838.352	-2119.338	280.9868	1.205551	3.019573	0.944688	0.0553117	3.183559
26154	-1840.454	-2122.151	281.6978	1.583777	4.094344	0.781079	0.218921	2.269655
26160	-1834.843	-2115.327	280.4832	1.42538	2.942509	0.919864	0.0801358	3.370367
26166	-1843.283	-2125.508	282.2246	1.572772	2.595682	0.937926	0.0620738	2.317319
26172	-1840.168	-2121.483	281.3151	1.603291	5.047928	0.925226	0.0747739	2.317319
26178	-1839.08	-2121.17	282.0906	1.603291	2.782728	0.946431	0.0535689	2.327943
26184	-1825.959	-2107.739	281.7798	1.571361	4.271014	0.853649	0.146351	2.187804
26190	-1825.804	-2108.084	282.2797	1.801116	4.026062	0.818503	0.181497	1.751928
26196	-1825.027	-2107.056	282.0285	1.673594	3.077492	0.792853	0.207147	2.240975
26202	-1820.052	-2103.33	283.2784	1.661716	2.051081	0.947661	0.0523391	1.74707
26208	-1825.413	-2108.249	282.8364	1.559379	3.78396	0.877349	0.122651	1.586353
26214	-1827.957	-2108.922	280.9656	1.414442	3.946219	0.904173	0.0958269	2.861021
26220	-1827.033	-2106.939	279.9054	1.304611	3.447837	0.787917	0.212083	3.658517
26226	-1826.09	-2104.98	278.8896	1.200162	3.447837	0.628663	0.371337	4.299293
26232	-1819.591	-2098.458	278.8674	1.02293	3.447837	0.832468	0.167532	4.411988
26238	-1820.262	-2100.218	279.9553	1.217928	2.143297	0.817619	0.182381	4.021279
26244	-1823.892	-2104.537	280.6448	1.388948	4.83516	0.902597	0.0974028	2.902272
26250	-1794.87	-2075.876	281.0065	1.402349	3.351654	0.830134	0.169866	2.973978
26256	-1805.252	-2087.2	281.948	1.498633	2.88565	0.953666	0.0463336	2.45534
26262	-1820.163	-2100.606	280.4427	1.293502	3.466394	0.851455	0.148545	3.347476
26268	-1802.872	-2082.449	279.5765	1.153045	3.466394	0.765471	0.234529	3.931148
26274	-1806.698	-2086.654	279.9563	1.132585	3.466394	0.83181	0.16819	3.724501
26280	-1828.183	-2109.277	281.0946	1.467248	1.762103	0.868777	0.131223	3.349843
26286	-1824.255	-2105.968	281.7133	1.467248	2.377986	0.80201	0.19799	2.768426
26292	-1826.312	-2106.569	280.2571	1.180567	3.733055	0.906638	0.0933615	3.46506
26298	-1833.58	-2112.152	278.5718	1.06155	2.426635	0.81162	0.18838	4.805449
26304	-1826.021	-2104.292	278.2706	1.119095	2.950622	0.711169	0.288831	4.805449
26310	-1825.663	-2105.008	279.3447	1.261761	2.950622	0.782042	0.217958	4.120112
26316	-1829.323	-2109.87	280.5473	1.278869	3.573368	0.733539	0.266461	3.270908
26322	-1826.336	-2106.986	280.6505	1.312198	3.843355	0.947072	0.0529275	3.132758
26328	-1810.433	-2091.208	280.7753	1.312372	3.843355	0.850085	0.149915	3.058213
26334	-1824.233	-2104.738	280.5057	1.359044	3.128859	0.910093	0.0899067	3.350071
26340	-1824.582	-2105.308	280.7266	1.502868	4.122515	0.730148	0.269852	2.916404
26346	-1818.583	-2099.839	281.2556	1.375382	2.889087	0.807253	0.192747	2.95502
26352	-1819.681	-2101.277	281.5955	1.447373	4.298256	0.868157	0.131843	2.379611
26358	-1817.347	-2098.321	280.9739	1.458943	2.809656	0.929473	0.0705266	3.094835
26364	-1828.971	-2109.936	280.9648	1.402882	3.002974	0.870631	0.129369	3.083417
26370	-1819.899	-2099.437	279.5384	1.287925	4.055204	0.858358	0.141642	3.755535
26376	-1827.448	-2108.157	280.7091	1.342169	3.32892	0.811444	0.188556	3.192692
26382	-1847.716	-2128.319	280.6033	1.358452	2.751199	0.868765	0.131235	3.388953
26388	-1854.897	-2136.095	281.1977	1.383442	3.014285	0.85956	0.14044	2.95261
26394	-1831.557	-2113.948	282.3915	1.547616	2.627018	0.899718	0.100282	2.216885
26400	-1829.534	-2111.609	282.0753	1.435088	3.259772	0.834556	0.165444	2.316291
26406	-1819.808	-2101.43	281.6225	1.463328	3.259772	0.920365	0.0796353	2.583058
26412	-1837.929	-2119.759	281.8297	1.337855	3.478694	0.961316	0.038684	2.479343
26418	-1835.825	-2117.167	281.3421	1.2361	3.530928	0.841499	0.158501	2.830473
26424	-1812.63	-2094.409	281.7791	1.468307	3.857435	0.861699	0.138301	2.342621
26430	-1816.008	-2097.071	281.0631	1.182394	2.931768	0.933507	0.0664928	3.174279
26436	-1810.606	-2091.276	280.6703	1.311869	3.433019	0.783918	0.216082	3.209804
26442	-1813.915	-2094.408	280.4933	1.224208	2.904387	0.873321	0.126679	3.49189
26448	-1811.009	-2091.628	280.6191	1.233949	2.904387	0.806645	0.193355	3.412649
26454	-1817.077	-2097.539	280.4614	1.25385	3.967646	0.941252	0.0587482	3.254128
26460	-1813.883	-2092.859	278.9762	0.9714124	3.086673	0.785575	0.214425	4.460457
26466	-1820.841	-2099.932	279.0916	0.9954155	2.669373	0.748095	0.251905	4.485311
26472	-1809.097	-2087.855	278.7578	0.9904517	2.495369	0.804756	0.195244	4.722148
26478	-1814.797	-2094.436	279.6384	1.095367	2.495369	0.863967	0.136033	4.166783
26484	-1811.916	-2089.119	277.2028	0.9793843	3.176609	0.836725	0.163275	5.422374
26490	-1821.27	-2100.459	279.1892	1.19867	3.104026	0.855919	0.144081	4.207591
26496	-1828.792	-2108.902	280.1102	1.116569	2.169298	0.767611	0.232389	3.982464
26502	-1821.129	-2101.533	280.4042	1.326684	2.458485	0.75386	0.24614	3.604971
26508	-1812.568	-2092.551	279.9832	1.22546	3.701577	0.662584	0.337416	3.604971
26514	-1822.262	-2101.769	279.5071	1.062861	2.981272	0.91553	0.0844696	4.133417
26520	-1814.412	-2093.38	278.9679	1.36155	3.589045	0.772515	0.227485	4.133417
26526	-1803.777	-2084.559	280.7824	1.131919	2.649515	0.841791	0.158209	3.444242
26532	-1809.576	-2090.362	280.7864	1.187719	2.187066	0.897165	0.102835	3.545865
26538	-1812.212	-2092.303	280.0912	1.180342	2.839143	0.943315	0.0566849	3.767175
26544	-1813.006	-2092.422	279.4163	1.257289	3.46146	0.954334	0.045666	3.964238
26550	-1821.075	-2101.123	280.0487	1.147403	2.285318	0.92952	0.0704802	3.964238
26556	-1827.873	-2107.216	279.3434	1.180548	3.785381	0.874724	0.125276	3.982221
26562	-1818.889	-2098.815	279.9265	1.112472	2.44077	0.822139	0.177861	4.008407
26568	-1830.015	-2109.811	279.7959	1.149405	2.633449	0.772954	0.227046	4.008407
26574	-1827.978	-2107.16	279.1826	1.079436	1.990239	0.921052	0.0789481	4.586403
26580	-1823.511	-2102.54	279.0291	1.118563	2.191979	0.796809	0.203191	4.586403
26586	-1824.339	-2105.149	280.8106	1.118563	3.169754	0.839921	0.160079	3.302321
26592	-1817.557	-2096.823	279.2656	1.128661	1.950534	0.859946	0.140054	4.525374
26598	-1831.069	-2110.158	279.0889	1.004288	2.507497	0.878898	0.121102	4.525374
26604	-1829.281	-2106.616	277.3347	1.046946	1.99667	0.849098	0.150902	5.626916
26610	-1832.298	-2113.111	280.8128	1.325898	3.381675	0.843289	0.156711	3.128548
26616	-1825.635	-2105.822	280.1872	1.424336	3.381675	0.784915	0.215085	3.439559
26622	-1823.426	-2102.61	279.1836	1.16816	3.459926	0.830993	0.169007	4.148118
26628	-1838.539	-2120.348	281.809	1.390238	3.755147	0.903312	0.0966881	2.395899
26634	-1837.589	-2117.93	280.3414	1.226009	3.790297	0.885654	0.114346	3.377262
26640	-1828.124	-2108.735	280.6109	1.376916	2.737684	0.773791	0.226209	3.377262
26646	-1831.396	-2111.983	280.5866	1.239766	3.109622	0.980734	0.0192656	3.377262
26652	-1827.754	-2107.781	280.027	1.218787	3.292941	0.850879	0.149121	3.67248
26658	-1824.071	-2104.994	280.9231	1.30919	4.532723	0.739471	0.260529	2.836308
26664	-1841.523	-2121.449	279.9258	1.446924	3.404788	0.877194	0.122806	3.573635
26670	-1821.855	-2102.067	280.212	1.197155	3.31088	0.855228	0.144772	3.573635
26676	-1818.355	-2098.55	280.1943	1.285622	3.134435	0.840411	0.159589	3.573635
26682	-1829.706	-2109.58	279.8747	1.162658	4.374933	0.888687	0.111313	3.573635
26688	-1825.671	-2104.527	278.8554	0.9372381	2.749398	0.873963	0.126037	4.629903
26694	-1816.999	-2096.947	279.9479	1.093508	3.073309	0.774048	0.225952	3.841693
26700	-1834.876	-2113.429	278.5528	1.211865	4.49609	0.723656	0.276344	4.281619
26706	-1864.571	-2144.002	279.431	1.228537	3.222509	0.770086	0.229914	4.0255
26712	-1827.323	-2107.213	279.8909	1.247821	3.188724	0.903668	0.096332	3.758358
26718	-1820.914	-2099.807	278.8928	1.275669	4.029647	0.620993	0.379007	4.137145
26724	-1814.621	-2094.151	279.5306	1.141922	3.840168	0.887331	0.112669	3.886118
26730	-1837.279	-2116.139	278.8598	1.284857	3.173809	0.74595	0.25405	4.329136
26736	-1830.874	-2110.776	279.9025	1.2023	3.022457	0.799984	0.200016	3.81751
26742	-1838.837	-2120.252	281.4151	1.387925	2.843015	0.74455	0.25545	2.863412
26748	-1841.83	-2122.938	281.1075	1.370006	3.20909	0.559703	0.440297	2.966611
26754	-1827.888	-2108.985	281.0972	1.519162	3.549332	0.843154	0.156846	2.803135
26760	-1829.587	-2111.072	281.4849	1.749394	4.804748	0.492394	0.507606	2.158329
26766	-1820.816	-2101.177	280.3604	1.099065	2.664956	0.742593	0.257407	3.704519
26772	-1823.319	-2103.371	280.0511	1.209334	2.832234	0.91479	0.08521	3.775367
26778	-1823.238	-2103.34	280.1023	1.275811	2.832234	0.870243	0.129757	3.70743
26784	-1819.421	-2100.627	281.2063	1.275811	3.723832	0.971626	0.0283736	2.846105
26790	-1831.753	-2112.486	280.7327	1.378488	2.559225	0.828316	0.171684	3.354039
26796	-1823.624	-2102.903	279.2792	1.223096	2.952617	0.758116	0.241884	4.17887
26802	-1836.752	-2117.101	280.3483	1.44132	3.077417	0.962306	0.037694	3.406633
26808	-1836.898	-2116.946	280.0487	1.193333	3.831598	0.806959	0.193041	3.558892
26814	-1836.636	-2116.965	280.3292	1.331665	4.625652	0.821892	0.178108	3.162413
26820	-1842.842	-2122.686	279.8438	1.278292	5.58138	0.805827	0.194173	3.32474
26826	-1824.987	-2105.415	280.4283	1.40332	3.31881	0.860633	0.139367	3.32474
26832	-1808.874	-2089.328	280.4546	1.377063	3.31881	0.756014	0.243986	3.32474
26838	-1813.941	-2093.279	279.3374	1.326248	3.710001	0.903555	0.0964451	3.917577
26844	-1830.934	-2110.446	279.5113	1.152297	3.710001	0.824703	0.175297	3.917577
26850	-1841.219	-2121.26	280.0412	1.372197	2.633861	0.648996	0.351004	3.739544
26856	-1822.913	-2102.87	279.9578	1.356418	3.618606	0.808118	0.191882	3.561105
26862	-1824.997	-2106.323	281.3257	1.658054	4.281696	0.85725	0.14275	2.420312
26868	-1815.055	-2094.648	279.5928	1.193873	3.272995	0.906081	0.0939186	3.941294
26874	-1816.926	-2096.444	279.5172	1.198038	3.369327	0.819804	0.180196	3.960622
26880	-1836.148	-2116.808	280.6595	1.071418	2.812794	0.81575	0.18425	3.507696
26886	-1834.394	-2115.317	280.9232	1.388163	2.439102	0.724673	0.275327	3.270927
26892	-1839.041	-2120.16	281.1196	1.372223	2.882724	0.783608	0.216392	3.040214
26898	-1832.205	-2112.217	280.0119	1.315594	3.309834	0.634565	0.365435	3.62128
26904	-1815.18	-2095.656	280.4762	1.252117	2.407536	0.895669	0.104331	3.62128
26910	-1814.268	-2093.781	279.5132	1.300481	3.094788	0.90583	0.0941702	3.967151
26916	-1812.169	-2092.434	280.2648	1.203495	2.689497	0.87528	0.12472	3.692792
26922	-1822.705	-2102.87	280.1656	1.230571	2.848654	0.694506	0.305494	3.692792
26928	-1826.916	-2107.719	280.8036	1.304423	3.602419	0.840974	0.159026	3.097432
26934	-1831.219	-2112.523	281.3043	1.45825	3.793649	0.781264	0.218736	2.659666
26940	-1825.934	-2107.255	281.3209	1.221583	2.815276	0.879705	0.120295	3.027798
26946	-1817.175	-2099.474	282.299	1.358899	2.218013	0.814329	0.185671	2.526002
26952	-1804.776	-2085.609	280.8334	1.396055	3.71525	0.71808	0.28192	3.000361
26958	-1809.164	-2089.703	280.5393	1.441907	2.985873	0.830459	0.169541	3.316743
26964	-1807.122	-2088.794	281.6722	1.522792	3.116429	0.710221	0.289779	2.551323
26970	-1815.124	-2094.697	279.5733	1.254878	2.818893	0.953142	0.0468578	4.026708
26976	-1825.743	-2105.804	280.0609	1.174957	2.016458	0.899077	0.100923	4.026708
26982	-1835.278	-2112.901	277.6227	0.8376734	1.589825	0.75089	0.24911	5.726757
26988	-1832.232	-2112.254	280.0217	1.28157	2.415338	0.860362	0.139638	3.864354
26994	-1833.714	-2113.721	280.0074	1.199723	3.133504	0.887882	0.112118	3.731909
27000	-1827.884	-2108.54	280.6555	1.258244	3.192605	0.900224	0.0997757	3.305939
27006	-1813.225	-2094.517	281.292	1.531602	4.051133	0.823272	0.176728	2.567429
27012	-1819.39	-2100.831	281.4411	1.320636	2.618171	0.907178	0.092822	2.950622
27018	-1831.139	-2111.131	279.9916	1.270479	2.998687	0.820494	0.179506	3.732682
27024	-1835.506	-2116.015	280.5088	1.213075	3.92666	0.86421	0.13579	3.258462
27030	-1832.609	-2112.804	280.1953	1.270525	2.862037	0.795344	0.204656	3.649024
27036	-1827.525	-2107.433	279.9073	1.247996	3.134492	0.819729	0.180271	3.761527
27042	-1831.112	-2111.192	280.0802	1.225419	3.428155	0.878828	0.121172	3.60741
27048	-1832.086	-2114.211	282.1252	1.225419	1.849196	0.819636	0.180364	2.846291
27054	-1825.01	-2105.344	280.3347	1.225419	2.942714	0.797677	0.202323	3.573882
27060	-1840.212	-2118.605	278.3926	1.232211	3.68844	0.678759	0.321241	4.511425
27066	-1844.904	-2123.532	278.6279	1.115335	2.758783	0.869263	0.130737	4.655191
27072	-1832.202	-2111.376	279.1733	1.134665	3.230338	0.920439	0.0795608	4.223765
27078	-1844.433	-2125.569	281.1355	1.529947	4.017203	0.71612	0.28388	2.672141
27084	-1837.351	-2118.765	281.4148	1.370893	5.419912	0.755954	0.244046	2.337772
27090	-1827.354	-2109.618	282.2639	1.578496	5.042096	0.870278	0.129722	1.701732
27096	-1829.276	-2111.858	282.5812	1.75419	3.141233	0.845759	0.154241	1.802205
27102	-1833.886	-2116.323	282.4376	1.653286	3.566712	0.910944	0.0890563	1.856673
27108	-1824.23	-2105.392	281.1617	1.478343	3.552311	0.607742	0.392258	2.788006
27114	-1818.302	-2098.794	280.4925	1.322913	4.666662	0.764142	0.235858	3.063079
27120	-1829.867	-2109.375	279.5085	1.167279	2.767503	0.763034	0.236966	4.126733
27126	-1828.101	-2108.402	280.3011	1.146387	3.08108	0.922145	0.077855	3.605252
27132	-1820.591	-2099.918	279.3264	1.266972	4.371035	0.827847	0.172153	3.831026
27138	-1824.502	-2103.822	279.3201	1.421593	3.917776	0.808773	0.191227	3.831026
27144	-1829.78	-2108.012	278.2323	1.218991	4.500383	0.821037	0.178963	4.457775
27150	-1812.987	-2095.124	282.1368	1.45096	2.842389	0.925102	0.074898	2.378387
27156	-1821.57	-2103.789	282.2195	1.406498	2.842389	0.873701	0.126299	2.354193
27162	-1820.756	-2101.295	280.5397	1.146342	2.894848	0.840211	0.159789	3.512672
27168	-1823.634	-2103.86	280.2262	1.115353	4.874328	0.86322	0.13678	3.308214
27174	-1822.571	-2103.388	280.8174	1.250752	3.549093	0.768407	0.231593	3.132848
27180	-1818.408	-2099.897	281.4885	1.403034	4.181661	0.741749	0.258251	2.498376
27186	-1826.563	-2107.707	281.1439	1.389832	3.224087	0.913307	0.0866934	2.929101
27192	-1817.769	-2100.121	282.3515	1.368077	2.197332	0.880297	0.119703	2.494476
27198	-1818.314	-2100.048	281.7347	1.274858	1.558915	0.822697	0.177303	3.166897
27204	-1821.574	-2102.295	280.7209	1.241223	2.494404	0.771455	0.228545	3.459943
27210	-1828.474	-2109.577	281.1031	1.23528	2.824107	0.858907	0.141093	3.147209
27216	-1817.565	-2096.961	279.3961	0.9815419	2.598964	0.886594	0.113406	4.340173
27222	-1815.86	-2095.378	279.5186	0.9872048	2.352728	0.696862	0.303138	4.336724
27228	-1808.07	-2087.641	279.572	1.126548	1.802632	0.859305	0.140695	4.405426
27234	-1812.953	-2092.663	279.71	1.135755	3.743781	0.844089	0.155911	3.806049
27240	-1842.996	-2124.885	281.8894	1.463604	3.612084	0.906141	0.0938589	2.331016
27246	-1847.004	-2128.485	281.4818	1.57061	4.015791	0.801894	0.198106	2.431787
27252	-1826.493	-2106.029	279.5364	1.207759	2.962675	0.924779	0.0752207	4.038733
27258	-1816.235	-2096.723	280.4881	1.206554	5.493437	0.839221	0.160779	2.998099
27264	-1829.355	-2110.614	281.259	1.359995	2.642531	0.77182	0.22818	3.029395
27270	-1825.289	-2106.924	281.6355	1.381359	2.642531	0.934984	0.0650161	2.789151
27276	-1814.008	-2095.966	281.9582	1.481084	3.810095	0.866591	0.133409	2.230368
27282	-1820.196	-2102.351	282.1545	1.414724	3.19838	0.927947	0.0720525	2.294441
27288	-1829.075	-2110.733	281.6584	1.401333	3.518006	0.793307	0.206693	2.537455
27294	-1839.599	-2121.723	282.1237	1.645575	2.773266	0.840037	0.159963	2.28254
27300	-1845.907	-2129.107	283.2	1.680086	3.34557	0.892251	0.107749	1.341441
27306	-1840.04	-2122.454	282.4145	1.741767	3.694332	0.871216	0.128784	1.779529
27312	-1835.518	-2117.188	281.6698	1.431449	3.649031	0.84749	0.15251	2.481465
27318	-1818.017	-2097.248	279.2315	1.229841	2.690844	0.810524	0.189476	4.268353
27324	-1813.747	-2094.954	281.2076	1.482654	3.226083	0.955411	0.0445887	2.833929
27330	-1815.906	-2098.102	282.1966	1.543402	3.498912	0.927402	0.0725981	2.108251
27336	-1822.302	-2103.758	281.4557	1.512439	3.498912	0.834803	0.165197	2.598801
27342	-1822.65	-2103.834	281.184	1.43056	3.498912	0.88913	0.11087	2.815636
27348	-1813.07	-2094.819	281.7493	1.403087	2.408354	0.97766	0.0223401	2.776159
27354	-1800.546	-2080.739	280.1925	1.236716	3.274848	0.981923	0.0180767	3.570195
27360	-1814.425	-2094.906	280.481	1.166423	3.274848	0.883773	0.116227	3.442966
27366	-1805.732	-2088.074	282.3424	1.324336	2.391907	0.875073	0.124927	2.46344
27372	-1807.139	-2088.019	280.8795	1.400317	3.759202	0.877294	0.122706	2.960722
27378	-1811.464	-2093.862	282.3981	1.27282	2.186999	0.846865	0.153135	2.528376
27384	-1818.786	-2100.69	281.904	1.372138	2.671358	0.931287	0.0687134	2.621823
27390	-1822.385	-2101.64	279.2552	1.322894	2.797745	0.753215	0.246785	4.174507
27396	-1815.628	-2095.424	279.7967	1.262511	2.747508	0.79797	0.20203	3.912953
27402	-1820.464	-2100.33	279.8659	1.219912	2.747508	0.894169	0.105831	3.897671
27408	-1823.479	-2103.766	280.2879	1.23405	2.773003	0.895398	0.104602	3.639581
27414	-1829.731	-2110.54	280.8085	1.06418	2.379826	0.926491	0.0735088	3.545631
27420	-1823.349	-2103.733	280.3835	1.157464	3.103074	0.907305	0.092695	3.545631
27426	-1822.404	-2102.402	279.9978	1.150317	3.103074	0.818295	0.181705	3.773136
27432	-1837.018	-2117.013	279.9949	1.119759	3.403854	0.917308	0.0826919	3.72333
27438	-1826.67	-2105.579	278.9089	1.13108	2.889986	0.835561	0.164439	4.455707
27444	-1834.043	-2112.847	278.8037	1.12793	2.986191	0.849755	0.150245	4.493258
27450	-1821.121	-2101.935	280.8135	1.278879	3.530649	0.90857	0.0914302	3.122519
27456	-1842.481	-2123.234	280.7535	1.492233	3.137998	0.719351	0.280649	3.122519
27462	-1834.429	-2115.633	281.2043	1.174038	1.991327	0.92857	0.0714303	3.3745
27468	-1821.993	-2101.223	279.2307	1.082429	1.685688	0.956726	0.0432736	4.664923
27474	-1815.618	-2097.046	281.4277	1.357901	2.72569	0.742694	0.257306	2.905994
27480	-1826.798	-2106.364	279.5663	1.3391	3.687518	0.885007	0.114993	3.783297
27486	-1847.01	-2124.227	277.217	1.168501	3.33139	0.610447	0.389553	5.276275
27492	-1820.454	-2100.462	280.0087	1.12044	2.452025	0.863678	0.136322	3.95358
27498	-1828.626	-2109.962	281.3357	1.206299	2.422056	0.726073	0.273927	3.139413
27504	-1820.637	-2099.423	278.7861	1.116822	2.963019	0.788867	0.211133	4.515017
27510	-1820.125	-2098.92	278.7951	1.20017	2.753873	0.81428	0.18572	4.515017
27516	-1831.649	-2111.101	279.4525	1.197175	2.753873	0.743138	0.256862	4.1451
27522	-1840.373	-2121.85	281.4772	1.271601	3.059506	0.858135	0.141865	2.83978
27528	-1833.303	-2114.881	281.5784	1.488145	3.255059	0.942035	0.0579651	2.596205
27534	-1823.908	-2104.845	280.937	1.244052	3.255059	0.921997	0.0780031	3.132895
27540	-1814.387	-2094.931	280.5444	1.292022	2.382927	0.953987	0.0460134	3.565787
27546	-1828.17	-2107.426	279.2562	1.065938	2.615252	0.81486	0.18514	4.36716
27552	-1817.448	-2096.752	279.3034	1.203687	2.919562	0.94203	0.0579699	4.18423
27558	-1823.148	-2104.534	281.3855	1.217934	3.232755	0.82412	0.17588	2.884917
27564	-1827.163	-2108.295	281.1316	1.376834	3.461703	0.770297	0.229703	2.888497
27570	-1834.419	-2114.473	280.0535	1.261386	2.224237	0.785571	0.214429	3.914917
27576	-1815.734	-2095.291	279.5573	1.060451	2.542977	0.95668	0.0433204	4.219452
27582	-1829.2	-2108.525	279.3248	1.205085	3.32752	0.92714	0.0728596	4.075717
27588	-1832.687	-2112.042	279.3556	1.236252	3.171972	0.950347	0.0496529	4.075717
27594	-1844.636	-2124.68	280.0444	1.216805	4.307192	0.831852	0.168148	3.455587
27600	-1837.194	-2117.572	280.3782	1.31745	4.324211	0.664591	0.335409	3.196736
27606	-1828.623	-2108.199	279.5762	1.142445	2.755547	0.889146	0.110854	4.105433
27612	-1837.864	-2117.407	279.5434	1.105628	2.862285	0.969858	0.0301418	4.117821
27618	-1837.024	-2115.761	278.7363	1.186337	3.563922	0.793068	0.206932	4.369199
27624	-1843.934	-2124.998	281.0635	1.516776	3.16285	0.823949	0.176051	2.915961
27630	-1829.093	-2110.032	280.9391	1.572344	3.16285	0.884311	0.115689	2.957428
27636	-1834.743	-2115.821	281.0775	1.423584	3.597671	0.873932	0.126068	2.862296
27642	-1833.455	-2114.936	281.4808	1.451955	3.209661	0.883403	0.116597	2.689869
27648	-1832.74	-2114.589	281.8492	1.519479	2.95688	0.833984	0.166016	2.484842
27654	-1823.281	-2103.407	280.1261	1.324767	3.169511	0.680921	0.319079	3.58222
27660	-1818.483	-2097.451	278.9674	1.226341	3.169511	0.836606	0.163394	4.302364
27666	-1830.517	-2109.757	279.2401	1.107845	2.808	0.907039	0.0929614	4.302364
27672	-1831.585	-2110.721	279.1365	1.109891	3.042096	0.838966	0.161034	4.302364
27678	-1827.346	-2106.124	278.7779	1.123503	3.028471	0.905385	0.0946149	4.500173
27684	-1847.071	-2125.123	278.0527	0.9071265	2.852523	0.758453	0.241547	5.068453
27690	-1816.975	-2097.142	280.1671	1.145731	2.399168	0.846041	0.153959	3.86354
27696	-1819.076	-2099.996	280.9205	1.223693	2.961982	0.865318	0.134682	3.226602
27702	-1820.734	-2101.951	281.217	1.26221	3.247417	0.78237	0.21763	2.956297
27708	-1817.896	-2099.338	281.4419	1.425789	2.41789	0.893063	0.106937	2.945773
27714	-1820.819	-2101.869	281.0505	1.325264	3.438377	0.751189	0.248811	2.973827
27720	-1806.128	-2086.914	280.7867	1.279188	2.557863	0.79797	0.20203	3.381003
27726	-1822.84	-2103.161	280.321	1.281754	3.67295	0.852985	0.147015	3.381003
27732	-1829.296	-2110.464	281.1687	1.131734	1.99924	0.923304	0.0766959	3.417478
27738	-1823.756	-2104.236	280.4805	1.182883	2.346175	0.89552	0.10448	3.67715
27744	-1823.294	-2102.512	279.2174	1.116121	2.346175	0.946768	0.0532316	4.435875
27750	-1832.151	-2112.157	280.006	1.105735	2.588024	0.789361	0.210639	3.92551
27756	-1833.05	-2112.71	279.6599	1.125938	2.713501	0.720016	0.279984	4.078097
27762	-1844.741	-2126.503	281.7622	1.530909	4.241856	0.915263	0.0847368	2.231342
27768	-1837.279	-2119.437	282.1578	1.375914	2.960526	0.779367	0.220633	2.379962
27774	-1834.453	-2115.638	281.1854	1.152797	2.111339	0.727506	0.272494	3.357541
27780	-1825.477	-2107.845	282.3676	1.796784	4.296972	0.655918	0.344082	1.629849
27786	-1833.772	-2116.46	282.688	1.540547	3.092605	0.961297	0.0387034	1.88927
27792	-1843.123	-2123.306	280.1828	1.190566	4.117194	0.847299	0.152701	3.425841
27798	-1836.797	-2115.536	278.7388	1.182332	3.302621	0.690116	0.309884	4.426236
27804	-1823.586	-2104.235	280.6485	1.229898	4.909709	0.767646	0.232354	2.983021
27810	-1823.07	-2103.992	280.9217	1.58477	3.071502	0.834299	0.165701	2.983021
27816	-1822.597	-2104.937	282.34	1.300842	2.490861	0.771338	0.228662	2.448569
27822	-1822.978	-2103.502	280.5235	1.267519	3.762902	0.701822	0.298178	3.25123
27828	-1819.59	-2099.986	280.3956	1.408688	4.360772	0.837398	0.162602	3.125331
27834	-1811.17	-2093.194	282.0237	1.538476	3.393144	0.812049	0.187951	2.249737
27840	-1797.68	-2077.049	279.3685	1.197829	3.091221	0.798157	0.201843	4.109145
27846	-1812.757	-2092.574	279.8169	1.383901	4.348721	0.821964	0.178036	3.483203
27852	-1827.726	-2106.825	279.0985	1.105685	3.187068	0.907202	0.0927984	4.292422
27858	-1815.083	-2096.083	280.9996	1.583988	3.916965	0.765856	0.234144	2.743207
27864	-1817.742	-2097.51	279.7681	1.223469	3.571411	0.798136	0.201864	3.758027
27870	-1827.418	-2108.481	281.0634	1.449577	4.643422	0.649714	0.350286	2.644233
27876	-1824.602	-2104.682	280.0799	1.47856	4.862434	0.909278	0.0907223	3.182047
27882	-1811.252	-2091.618	280.3657	1.192745	4.862434	0.861389	0.138611	3.182047
27888	-1818.932	-2096.716	277.7838	1.111745	3.871324	0.813512	0.186488	4.883432
27894	-1836.986	-2114.916	277.9307	1.124747	3.430611	0.80302	0.19698	4.883432
27900	-1815.889	-2095.23	279.341	1.145185	2.751107	0.744904	0.255096	4.238587
27906	-1811.902	-2091.671	279.7693	1.221556	3.129688	0.863616	0.136384	3.857314
27912	-1825.67	-2104.549	278.879	1.128631	4.254405	0.793713	0.206287	4.18672
27918	-1823.406	-2103.513	280.1073	1.21995	4.671534	0.83777	0.16223	3.351425
27924	-1813.237	-2091.94	278.7028	1.21995	3.507801	0.82102	0.17898	4.380918
27930	-1838.334	-2119.36	281.0255	1.178105	4.217285	0.76065	0.23935	2.913387
27936	-1833.788	-2112.4	278.6122	1.28429	4.049719	0.784418	0.215582	4.287624
27942	-1810.274	-2090.248	279.974	1.146442	2.971125	0.829044	0.170956	3.821073
27948	-1818.858	-2100.384	281.5264	1.240989	2.803062	0.712689	0.287311	2.895792
27954	-1812.011	-2089.423	277.4117	1.022145	3.633979	0.874846	0.125154	5.186465
27960	-1814.378	-2092.948	278.5703	1.125203	3.633979	0.826539	0.173461	4.482728
27966	-1812.904	-2092.612	279.7088	1.237221	3.063564	0.817141	0.182859	3.898776
27972	-1818.854	-2099.138	280.2833	1.266439	3.774421	0.859908	0.140092	3.390897
27978	-1809.983	-2088.558	278.575	1.120643	3.774421	0.740213	0.259787	4.454329
27984	-1807.412	-2086.111	278.6996	1.134239	3.563069	0.753714	0.246286	4.419483
27990	-1811.935	-2092.078	280.1426	1.296222	3.273138	0.912972	0.087028	3.565001
27996	-1807.649	-2088.643	280.9938	1.51122	3.551989	0.899491	0.100509	2.870115
28002	-1808.776	-2088.857	280.0808	1.194701	4.6053	0.913681	0.0863192	3.393409
28008	-1827.681	-2106.814	279.1334	1.254844	4.728238	0.884214	0.115786	3.886626
28014	-1826.546	-2107.642	281.0959	1.361869	3.752832	0.579948	0.420052	2.854621
28020	-1819.439	-2101.037	281.5976	1.658521	2.679725	0.791703	0.208297	2.631782
28026	-1826.644	-2108.197	281.5531	1.514862	2.805102	0.781321	0.218679	2.712315
28032	-1823.198	-2104.013	280.8153	1.369524	3.324127	0.760833	0.239167	3.114413
28038	-1823.369	-2103.695	280.3258	1.376397	3.578517	0.920754	0.0792461	3.342833
28044	-1819.071	-2098.066	278.9945	1.177708	2.994046	0.912551	0.0874489	4.355776
28050	-1820.154	-2099.955	279.8016	1.368859	3.934419	0.95604	0.04396	3.579913
28056	-1833.291	-2112.994	279.703	1.314228	4.249733	0.737599	0.262401	3.608331
28062	-1822.859	-2103.125	280.2661	1.406601	3.568526	0.766819	0.233181	3.362313
28068	-1826.558	-2108.043	281.4845	1.411971	2.350705	0.823752	0.176248	2.949075
28074	-1822.292	-2103.914	281.6227	1.267619	3.067524	0.85231	0.14769	2.751566
28080	-1811.157	-2092.57	281.4137	1.420167	2.841123	0.880109	0.119891	2.845253
28086	-1811.236	-2092.713	281.4769	1.387454	2.340172	0.888982	0.111018	2.971665
28092	-1822.635	-2103.004	280.3689	1.367239	3.221635	0.635847	0.364153	3.403409
28098	-1829.688	-2110.672	280.9832	1.331659	3.208354	0.771113	0.228887	3.064279
28104	-1838.832	-2119.702	280.8697	1.401829	3.084291	0.805096	0.194904	3.120359
28110	-1838.187	-2117.158	278.9703	1.291993	2.958208	0.846187	0.153813	4.313514
28116	-1843.951	-2123.801	279.8499	1.248888	2.890777	0.82522	0.17478	3.8535
28122	-1843.413	-2122.445	279.032	1.298368	2.533124	0.731165	0.268835	4.38478
28128	-1843.221	-2123.926	280.7056	1.330726	2.533124	0.773143	0.226857	3.405409
28134	-1843.457	-2122.454	278.997	1.299389	3.807699	0.833709	0.166291	4.107562
28140	-1839.792	-2119.927	280.1354	1.250454	3.807699	0.455114	0.544886	3.479962
28146	-1823.928	-2104.639	280.7102	1.198474	3.828909	0.937337	0.0626626	3.167856
28152	-1828.803	-2108.978	280.1749	1.307871	2.368977	0.759022	0.240978	3.774624
28158	-1814.403	-2096.239	281.8365	1.32407	2.082453	0.822302	0.177698	2.877331
28164	-1831.083	-2110.534	279.4506	1.080163	3.096857	0.893521	0.106479	4.128062
28170	-1816.758	-2096.736	279.9779	1.279899	2.641208	0.936921	0.0630786	3.827171
28176	-1811.381	-2094.489	283.1088	1.279899	1.457546	0.857375	0.142625	2.369273
28182	-1829.334	-2107.404	278.07	1.126269	3.087734	0.73606	0.26394	4.880969
28188	-1824.75	-2105.149	280.3988	1.223956	3.087734	0.873489	0.126511	3.501688
28194	-1824.518	-2105.284	280.7664	1.297091	2.028376	0.952204	0.0477961	3.54585
28200	-1822.179	-2103.526	281.3467	1.359411	3.070584	0.813474	0.186526	2.862846
28206	-1840.681	-2120.278	279.5962	1.256573	4.358508	0.753072	0.246928	3.683659
28212	-1843.112	-2125.103	281.9909	1.52469	3.289633	0.81237	0.18763	2.305399
28218	-1834.219	-2115.737	281.5179	1.104051	2.403892	0.840057	0.159943	3.09728
28224	-1836.207	-2114.994	278.7878	1.004793	2.178585	0.936106	0.0638938	4.789227
28230	-1838.643	-2120.345	281.7022	1.299693	2.531129	0.773886	0.226114	2.830679
28236	-1824.603	-2104.868	280.2655	1.282282	3.680997	0.871481	0.128519	3.411564
28242	-1823.466	-2103.861	280.3954	1.008743	2.251011	0.880672	0.119328	3.855418
28248	-1810.752	-2091.018	280.2657	1.13843	2.251011	0.787011	0.212989	3.855418
28254	-1824.057	-2103.813	279.7563	1.023374	2.251011	0.726098	0.273902	4.211888
28260	-1817.87	-2097.536	279.6653	1.11637	3.027909	0.802159	0.197841	4.001444
28266	-1819.886	-2100.464	280.5777	1.338547	3.163788	0.972627	0.0273726	3.311364
28272	-1823.236	-2102.463	279.2268	1.150162	1.706913	0.851592	0.148408	4.621253
28278	-1822.613	-2102.706	280.0928	1.171803	2.135606	0.914862	0.0851381	3.971538
28284	-1838.188	-2116.112	277.9239	1.076309	2.99114	0.92029	0.0797101	5.012596
28290	-1830.269	-2111.091	280.8226	1.130211	2.105321	0.915841	0.0841592	3.584649
28296	-1826.709	-2107.599	280.8901	1.522072	3.700114	0.869442	0.130558	2.893614
28302	-1817.486	-2098.359	280.8729	1.468917	3.9005	0.732411	0.267589	2.893614
28308	-1836.17	-2117.544	281.374	1.341692	4.63355	0.862148	0.137852	2.520318
28314	-1824.094	-2106.273	282.1796	1.277217	2.078434	0.93364	0.0663598	2.698241
28320	-1823.891	-2105.182	281.2904	1.47956	3.295054	0.843315	0.156685	2.768762
28326	-1843.895	-2125.075	281.18	1.671422	3.093451	0.934514	0.0654862	2.768762
28332	-1847.82	-2129.726	281.9064	1.539691	2.997079	0.891253	0.108747	2.425416
28338	-1849.755	-2131.277	281.5217	1.684594	3.50016	0.8443	0.1557	2.449987
28344	-1834.821	-2115.829	281.0085	1.34861	3.50016	0.861819	0.138181	2.970981
28350	-1822.051	-2103.933	281.8817	1.325567	3.235367	0.923482	0.0765184	2.513575
28356	-1837.55	-2119.319	281.7689	1.460727	3.693111	0.859887	0.140113	2.390648
28362	-1825.729	-2106.519	280.7906	1.44687	3.839932	0.836461	0.163539	2.9691
28368	-1837.448	-2119.114	281.6654	1.44687	3.839932	0.949907	0.0500929	2.431924
28374	-1840.221	-2121.913	281.6923	1.420041	3.839932	0.846511	0.153489	2.431924
28380	-1827.463	-2109.737	282.2746	1.552775	2.397331	0.94225	0.0577505	2.360326
28386	-1831.737	-2113.92	282.1827	1.354133	3.325156	0.85309	0.14691	2.2829
28392	-1839.272	-2121.507	282.2348	1.471496	2.552136	0.800117	0.199883	2.388437
28398	-1847.941	-2130.076	282.135	1.701498	2.293993	0.947462	0.0525385	2.388437
28404	-1827.621	-2108.784	281.1623	1.546947	3.682114	0.924724	0.0752755	2.716738
28410	-1831.348	-2113.24	281.892	1.552903	2.856905	0.894287	0.105713	2.464373
28416	-1825.149	-2106.028	280.8796	1.505584	5.432525	0.854826	0.145174	2.587054
28422	-1824.12	-2104.944	280.8243	1.536716	4.73504	0.929609	0.0703906	2.720935
28428	-1826.178	-2107.304	281.1263	1.520332	4.73504	0.878437	0.121563	2.544681
28434	-1826.91	-2109.242	282.3311	1.666479	2.86697	0.955591	0.0444094	2.107642
28440	-1832.721	-2114.557	281.8358	1.560566	2.86697	0.868943	0.131057	2.491996
28446	-1834.034	-2114.723	280.6893	1.542105	4.415995	0.884149	0.115851	2.858571
28452	-1820.598	-2102.148	281.5507	1.598458	2.953958	0.948744	0.0512558	2.622103
28458	-1830.615	-2111.408	280.793	1.243656	1.824334	0.903435	0.0965653	3.633131
28464	-1829.727	-2110.393	280.6658	1.208223	3.084844	0.96506	0.0349396	3.355295
28470	-1819.883	-2100.549	280.6659	1.463862	3.180706	0.983547	0.016453	3.181125
28476	-1816.514	-2096.325	279.8116	1.310928	4.694946	0.848396	0.151604	3.467328
28482	-1831.719	-2110.926	279.2077	1.185876	4.39072	0.918626	0.0813738	3.942108
28488	-1831.91	-2110.669	278.7587	1.180159	2.094129	0.837831	0.162169	4.733828
28494	-1833.184	-2113.529	280.3451	1.208448	2.610919	0.843401	0.156599	3.664772
28500	-1824.291	-2104.591	280.3005	1.103186	2.942203	0.812017	0.187983	3.664772
28506	-1807.962	-2087.78	279.818	1.186234	2.687954	0.943669	0.056331	3.96014
28512	-1804.685	-2085.638	280.953	1.280685	2.03694	0.883472	0.116528	3.443662
28518	-1806.453	-2087.955	281.5024	1.178769	2.859379	0.909669	0.0903314	2.932666
28524	-1820.07	-2101.107	281.0372	1.410446	3.976149	0.904769	0.095231	2.813836
28530	-1817.148	-2099.086	281.9383	1.279952	3.869136	0.922514	0.0774864	2.358574
28536	-1822.373	-2102.746	280.3732	1.192006	3.869136	0.803769	0.196231	3.362396
28542	-1810.026	-2090.242	280.2162	1.062439	2.688854	0.853023	0.146977	3.802398
28548	-1816.146	-2095.418	279.2725	0.8806058	1.801719	0.810217	0.189783	4.712094
28554	-1819.124	-2096.543	277.4187	0.9652248	2.373971	0.978302	0.0216981	5.512132
28560	-1822.163	-2102.56	280.3963	1.290422	2.63323	0.945565	0.0544353	3.581405
28566	-1815.593	-2096.519	280.9266	1.402452	3.36185	0.934931	0.0650693	3.019481
28572	-1812.513	-2094.091	281.5788	1.570123	2.542504	0.846786	0.153214	2.737678
28578	-1800.602	-2082.122	281.5197	1.520326	3.345499	0.88599	0.11401	2.590544
28584	-1802.623	-2083.722	281.0988	1.322931	3.345499	0.758035	0.241965	2.967687
28590	-1823.532	-2105.031	281.4992	1.418177	2.252141	0.959473	0.0405267	2.967687
28596	-1814.866	-2097.893	283.0265	1.418177	1.750606	0.750904	0.249096	2.202442
28602	-1807.569	-2089.048	281.479	1.47982	3.437662	0.931624	0.0683757	2.618891
28608	-1815.19	-2095.599	280.409	1.250997	4.553868	0.922174	0.0778262	3.175724
28614	-1820.288	-2100.042	279.754	1.234451	2.989813	0.918186	0.0818139	3.892286
28620	-1814.485	-2094.343	279.8579	1.286711	2.549472	0.825991	0.174009	3.917286
28626	-1813.385	-2093.61	280.2249	1.268502	2.549472	0.899145	0.100855	3.716611
28632	-1820.786	-2100.92	280.1342	1.19079	2.917025	0.857895	0.142105	3.716611
28638	-1819.665	-2099.621	279.9567	1.191737	3.346603	0.797767	0.202233	3.716611
28644	-1816.402	-2097.287	280.8846	1.294283	3.963919	0.697455	0.302545	2.978752
28650	-1821.105	-2102.574	281.4697	1.381305	2.369922	0.905041	0.0949589	2.970522
28656	-1816.718	-2098.437	281.7191	1.360567	4.042093	0.802254	0.197746	2.409053
28662	-1815.35	-2096.667	281.3169	1.307234	1.955141	0.874843	0.125157	3.242326
28668	-1816.404	-2097.544	281.1405	1.25387	2.538918	0.910815	0.0891852	3.192748
28674	-1827.865	-2109.432	281.567	1.361157	2.675435	0.865709	0.134291	2.833702
28680	-1826.464	-2107.673	281.2089	1.244564	2.105372	0.903456	0.0965439	3.291683
28686	-1812.845	-2093.564	280.7192	1.244564	3.093006	0.857042	0.142958	3.300484
28692	-1818.912	-2099.67	280.7583	1.301442	2.744168	0.883865	0.116135	3.333277
28698	-1823.648	-2104.871	281.2234	1.264522	2.850389	0.957013	0.0429872	3.051098
28704	-1821.045	-2101.849	280.8045	1.356374	3.670389	0.947188	0.0528125	3.051098
28710	-1835.907	-2115.706	279.7987	1.12816	4.290634	0.888125	0.111875	3.653176
28716	-1821.373	-2100.527	279.1542	1.335929	4.334736	0.828152	0.171848	3.896866
28722	-1817.84	-2097.45	279.6098	1.193974	4.177416	0.738936	0.261064	3.745371
28728	-1828.307	-2109.492	281.185	1.443003	4.177416	0.886448	0.113552	2.662662
28734	-1833.088	-2115.284	282.1959	1.373713	2.248728	0.721195	0.278805	2.570638
28740	-1819.347	-2099.208	279.8611	1.297656	4.158811	0.957744	0.0422561	3.543136
28746	-1826.996	-2105.95	278.9544	1.09014	4.037601	0.751607	0.248393	4.206016
28752	-1818.22	-2099.647	281.4279	1.375289	3.379493	0.818053	0.181947	2.728299
28758	-1823.285	-2104.654	281.369	1.407686	3.452128	0.880294	0.119706	2.727526
28764	-1826.261	-2107.934	281.6735	1.574059	3.268719	0.869659	0.130341	2.48007
28770	-1824.645	-2105.744	281.0992	1.424439	3.201553	0.802651	0.197349	2.940626
28776	-1813.671	-2094.055	280.3845	1.354935	2.817437	0.914363	0.0856366	3.50153
28782	-1811.996	-2094.328	282.3326	1.480062	2.42354	0.887217	0.112783	2.361246
28788	-1813.508	-2095.891	282.3827	1.40466	2.069575	0.828831	0.171169	2.496656
28794	-1811.923	-2092.736	280.8132	1.335357	2.798088	0.826657	0.173343	3.266569
28800	-1821.477	-2101.908	280.4307	1.343106	2.798088	0.932664	0.0673357	3.486513
28806	-1826.16	-2108.057	281.8964	1.350592	2.824373	0.920045	0.0799551	2.596702
28812	-1829.427	-2110.809	281.3816	1.340605	3.569265	0.983759	0.0162409	2.734004
28818	-1830.223	-2111.542	281.3188	1.407393	3.935419	0.871256	0.128744	2.651825
28824	-1813.62	-2095.012	281.3914	1.368875	2.989641	0.821777	0.178223	2.850717
28830	-1816.881	-2097.91	281.0284	1.398755	3.990355	0.830111	0.169889	2.823356
28836	-1816.834	-2097.672	280.8379	1.439078	3.501376	0.847389	0.152611	3.018815
28842	-1812.485	-2093.137	280.6529	1.244647	2.213974	0.989518	0.0104822	3.581871
28848	-1809.834	-2090.278	280.4442	1.085854	3.326359	0.87634	0.12366	3.499707
28854	-1827.345	-2105.816	278.4708	1.087761	3.326359	0.867245	0.132755	4.624799
28860	-1843.437	-2122.972	279.535	1.214987	4.32725	0.911928	0.0880715	3.748692
28866	-1836.263	-2115.752	279.4894	1.260649	4.32725	0.771285	0.228715	3.748692
28872	-1829.754	-2109.956	280.2016	1.419896	2.685836	0.732353	0.267647	3.605029
28878	-1826.339	-2106.506	280.1667	1.260142	3.132064	0.591372	0.408628	3.605029
28884	-1822.191	-2102.841	280.6494	1.461037	2.762992	0.752291	0.247709	3.298398
28890	-1821.95	-2101.982	280.0322	1.338348	2.762992	0.877258	0.122742	3.729807
28896	-1815.843	-2096.187	280.3434	1.338215	2.762992	0.843118	0.156882	3.549455
28902	-1826.783	-2107.281	280.4977	1.173107	2.600267	0.821155	0.178845	3.59972
28908	-1822.812	-2103.474	280.6618	1.137903	2.521162	0.888236	0.111764	3.547012
28914	-1829.089	-2110.632	281.5435	1.414934	2.831051	0.844075	0.155925	2.772209
28920	-1824.881	-2106.808	281.9276	1.488214	2.842605	0.921242	0.0787582	2.486541
28926	-1834.022	-2114.233	280.2108	1.289543	3.030855	0.800914	0.199086	3.586789
28932	-1835.35	-2115.5	280.15	1.215147	3.324282	0.959331	0.0406692	3.596153
28938	-1822.914	-2103.159	280.2455	1.207383	3.106064	0.848816	0.151184	3.596153
28944	-1827.091	-2107.618	280.5271	1.241854	2.412878	0.883756	0.116244	3.596153
28950	-1844.007	-2125.32	281.3136	1.471466	2.74949	0.784284	0.215716	2.899711
28956	-1830.977	-2113.632	282.6545	1.544634	2.604696	0.875718	0.124282	2.053996
28962	-1818.931	-2100.075	281.1438	1.381712	2.604696	0.953759	0.0462411	3.095952
28968	-1807.968	-2089.396	281.4281	1.344929	2.446869	0.914497	0.0855025	2.993941
28974	-1816.74	-2099.156	282.4153	1.581732	2.446869	0.791674	0.208326	2.235951
28980	-1818.48	-2099.566	281.086	1.555695	3.281943	0.751026	0.248974	2.849908
28986	-1833.295	-2113.821	280.5255	1.187499	2.381888	0.944199	0.0558015	3.637746
28992	-1827.454	-2108.452	280.9982	1.481881	3.534537	0.899048	0.100952	2.889095
28998	-1828.982	-2110.267	281.2851	1.441047	2.519908	0.905344	0.0946561	3.00037
29004	-1820.364	-2101.802	281.4379	1.102864	2.000339	0.825566	0.174434	3.275771
29010	-1829.398	-2110.156	280.7588	1.204431	3.850449	0.988743	0.0112567	3.130958
29016	-1832.849	-2112.02	279.1709	1.200694	5.210351	0.741125	0.258875	3.818082
29022	-1832.622	-2113.826	281.2046	1.07777	3.165179	0.894181	0.105819	3.094106
29028	-1826.59	-2107.838	281.2481	1.247578	2.674747	0.901295	0.0987047	3.094106
29034	-1827.151	-2108.873	281.7223	1.526464	6.409803	0.624783	0.375217	1.874873
29040	-1826.157	-2105.847	279.6899	1.126146	3.810311	0.929279	0.0707213	3.809649
29046	-1817.518	-2097.372	279.8542	1.429349	2.443492	0.956171	0.0438286	3.867538
29052	-1838.24	-2118.39	280.1506	1.349345	3.777833	0.939733	0.0602666	3.419376
29058	-1821.027	-2101.764	280.7365	1.262102	2.319574	0.75123	0.24877	3.490375
29064	-1829.465	-2109.336	279.8714	1.356306	3.01104	0.865648	0.134352	3.749464
29070	-1829.568	-2111.584	282.0156	1.550333	4.611021	0.92614	0.07386	1.977239
29076	-1815.19	-2097.703	282.513	1.752168	3.442814	0.772202	0.227798	1.768348
29082	-1835.72	-2117.959	282.2398	1.736376	4.692735	0.540901	0.459099	1.677865
29088	-1821.358	-2104.039	282.6813	1.736376	4.294178	0.869866	0.130134	1.44265
29094	-1831.701	-2113.822	282.1209	1.751744	3.875103	0.861829	0.138171	1.930088
29100	-1815.892	-2098.461	282.569	1.663864	2.939819	0.845331	0.154669	1.930088
29106	-1822.652	-2105.516	282.8637	1.58289	1.724385	0.900649	0.0993507	2.21236
29112	-1813.496	-2093.871	280.3747	1.459524	3.421514	0.82335	0.17665	3.299833
29118	-1820.905	-2102.585	281.6802	1.459989	2.322575	0.87519	0.12481	2.810456
29124	-1826.165	-2107.527	281.362	1.269764	2.360556	0.912859	0.0871407	3.104591
29130	-1841.275	-2122.588	281.3122	1.270521	2.557162	0.857174	0.142826	3.075393
29136	-1834.418	-2115.914	281.4955	1.285028	2.676249	0.952813	0.0471875	2.922831
29142	-1832.689	-2113.557	280.8678	1.306737	2.676249	0.77603	0.22397	3.284116
29148	-1824.629	-2104.829	280.1993	1.334678	4.584357	0.838038	0.161962	3.244897
29154	-1815.407	-2096.042	280.6353	1.293579	3.4173	0.801393	0.198607	3.244897
29160	-1816.536	-2097.558	281.0223	1.336164	2.473749	0.870672	0.129328	3.232892
29166	-1812.767	-2093.943	281.1762	1.336164	3.378265	0.86329	0.13671	2.905414
29172	-1821.757	-2102.724	280.9673	1.309818	3.378265	0.894359	0.105641	3.046767
29178	-1826.472	-2106.687	280.2148	1.065908	2.785219	0.94184	0.0581597	3.775782
29184	-1818.194	-2098.955	280.7607	1.143359	2.785219	0.897366	0.102634	3.413707
29190	-1820.021	-2097.892	277.8714	1.014926	2.785219	0.732392	0.267608	5.125855
29196	-1814.581	-2094.955	280.3745	1.276442	3.24646	0.868679	0.131321	3.447488
29202	-1800.168	-2082.344	282.1769	1.280593	1.843378	0.85125	0.14875	2.783562
29208	-1818.03	-2098.021	279.991	1.01481	2.616196	0.795596	0.204404	3.978473
29214	-1812.119	-2091.93	279.8109	1.189616	2.627293	0.889706	0.110294	3.978473
29220	-1807.762	-2089.572	281.8093	1.425129	3.319279	0.88485	0.11515	2.475823
29226	-1809.388	-2090.728	281.3401	1.603248	3.433077	0.87291	0.12709	2.629493
29232	-1809.711	-2091.852	282.1406	1.549879	2.992242	0.789948	0.210052	2.271466
29238	-1801.948	-2083.956	282.0077	1.480361	2.702073	0.933493	0.0665073	2.48119
29244	-1800.737	-2080.766	280.0288	1.23596	2.812754	0.876065	0.123935	3.777894
29250	-1804.677	-2085.937	281.26	1.377485	3.396065	0.86985	0.13015	2.825479
29256	-1809.654	-2089.656	280.0015	1.171559	2.504307	0.873068	0.126932	3.913625
29262	-1805.718	-2086.347	280.6282	1.171559	3.042612	0.837276	0.162724	3.409211
29268	-1808.386	-2089.061	280.6753	1.222107	2.705635	0.945775	0.0542255	3.438877
29274	-1810.244	-2091.005	280.7611	1.189109	2.593106	0.785658	0.214342	3.438877
29280	-1837.151	-2117.349	280.1975	1.301723	2.865338	0.881969	0.118031	3.628869
29286	-1830.22	-2110.563	280.3429	1.19772	2.709328	0.866197	0.133803	3.645622
29292	-1825.509	-2103.717	278.2071	1.064102	2.219913	0.962964	0.0370355	5.066855
29298	-1829.28	-2109.927	280.6472	1.064102	2.266001	0.897497	0.102503	3.673698
29304	-1819.101	-2098.177	279.0752	1.261774	3.374518	0.786839	0.213161	4.175124
29310	-1824.815	-2105.939	281.1246	1.359449	4.072014	0.676104	0.323896	2.772051
29316	-1829.09	-2110.055	280.9648	1.626172	3.760183	0.858553	0.141447	2.772051
29322	-1806.433	-2087.104	280.671	1.267668	4.846306	0.802408	0.197592	2.957676
29328	-1811.873	-2091.694	279.8205	1.205084	2.962946	0.916708	0.0832918	3.877591
29334	-1830.883	-2112.764	281.8816	1.65211	3.661141	0.911241	0.088759	2.20367
29340	-1836.873	-2119.421	282.5482	1.645543	3.879902	0.893557	0.106443	1.707439
29346	-1827.418	-2108.425	281.0069	1.63866	3.879902	0.784456	0.215544	2.713081
29352	-1816.251	-2097.893	281.6421	1.407139	3.66994	0.876527	0.123473	2.509205
29358	-1810.549	-2092.746	282.1964	1.576454	3.66994	0.760404	0.239596	2.045151
29364	-1820.613	-2101.773	281.1599	1.419754	5.763265	0.897205	0.102795	2.412624
29370	-1818.308	-2099.827	281.5192	1.420909	3.470832	0.913657	0.0863433	2.62263
29376	-1826.497	-2106.702	280.2051	1.160854	3.201227	0.652385	0.347615	3.624062
29382	-1824.817	-2105.43	280.6121	1.257437	4.241255	0.817612	0.182388	3.109085
29388	-1831.918	-2112.246	280.3279	1.320921	4.97617	0.678481	0.321519	3.109085
29394	-1839.576	-2120.534	280.9579	1.467767	4.97617	0.898629	0.101371	2.638655
29400	-1824.492	-2105.183	280.6918	1.397476	4.213336	0.669266	0.330734	2.982995
29406	-1815.097	-2095.804	280.7072	1.381601	2.839317	0.694995	0.305005	3.290959
29412	-1819.594	-2101.045	281.4509	1.373976	3.028698	0.962373	0.0376273	2.801377
29418	-1824.475	-2104.939	280.4644	1.2955	3.49921	0.850319	0.149681	3.32625
29424	-1840.752	-2121.365	280.6125	1.238141	3.281163	0.884594	0.115406	3.322246
29430	-1816.303	-2096.478	280.175	1.254588	4.496506	0.802749	0.197251	3.322246
29436	-1815.079	-2094.962	279.8831	1.327782	4.070753	0.882026	0.117974	3.529666
29442	-1818.989	-2099.61	280.6212	1.130938	1.900191	0.831607	0.168393	3.770365
29448	-1823.14	-2103.422	280.2821	1.206883	1.723883	0.707062	0.292938	3.985649
29454	-1828.638	-2108.416	279.7781	1.195482	2.073243	0.931737	0.0682632	4.157504
29460	-1833.794	-2113.647	279.8536	1.113635	1.404724	0.945419	0.0545805	4.410897
29466	-1823.267	-2103.744	280.4768	1.171564	3.213593	0.955585	0.0444151	3.456697
29472	-1826.797	-2108.234	281.4366	1.515601	3.216754	0.871997	0.128003	2.67616
29478	-1813.993	-2095.161	281.1683	1.500294	3.216754	0.781632	0.218368	2.849317
29484	-1823.154	-2105.054	281.9005	1.500294	3.739852	0.934373	0.0656271	2.271088
29490	-1813.668	-2096.157	282.4891	1.447142	2.323608	0.909	0.0909999	2.315224
29496	-1831.747	-2114.118	282.3709	1.641514	3.319147	0.92771	0.0722898	1.973491
29502	-1839.134	-2119.99	280.8553	1.346023	3.141162	0.753663	0.246337	3.148191
29508	-1834.431	-2113.229	278.7972	1.467054	3.525707	0.785665	0.214335	4.183804
29514	-1831.259	-2110.788	279.5292	1.270547	2.162743	0.836941	0.163059	4.227678
29520	-1829.072	-2108.476	279.4038	1.267304	3.811259	0.851763	0.148237	3.892737
29526	-1830.545	-2111.574	281.0293	1.500891	3.66005	0.785917	0.214083	2.830823
29532	-1825.39	-2106.123	280.7329	1.365508	3.616412	0.688618	0.311382	3.100119
29538	-1832.299	-2113.98	281.6804	1.365508	2.368881	0.931702	0.0682977	2.853168
29544	-1832.519	-2114.683	282.164	1.450805	2.824069	0.877769	0.122231	2.36646
29550	-1830.743	-2112.396	281.6524	1.352491	2.396044	0.955399	0.0446014	2.869619
29556	-1832.789	-2114.164	281.3755	1.289172	2.396044	0.879736	0.120264	3.074148
29562	-1821.115	-2101.986	280.8708	1.320204	3.021834	0.807848	0.192152	3.183738
29568	-1828.995	-2109.333	280.338	1.37454	4.340075	0.791921	0.208079	3.183738
29574	-1811.65	-2091.944	280.2935	1.208697	3.10866	0.880281	0.119719	3.56682
29580	-1811.002	-2091.843	280.8414	1.250542	1.919629	0.921108	0.078892	3.56682
29586	-1810.448	-2091.612	281.1638	1.30835	2.417569	0.887014	0.112986	3.182238
29592	-1827.011	-2107.748	280.7375	1.263231	2.980802	0.802691	0.197309	3.306547
29598	-1830.742	-2109.31	278.5685	1.168012	3.631456	0.884633	0.115367	4.460189
29604	-1824.229	-2102.961	278.7324	0.985626	2.633193	0.819062	0.180938	4.701853
29610	-1828.396	-2107.467	279.0706	0.9618681	2.030475	0.826332	0.173668	4.701853
29616	-1814.964	-2093.28	278.3157	0.9327029	1.825308	0.830322	0.169678	5.20688
29622	-1811.466	-2091.198	279.7321	0.9362245	1.980034	0.931899	0.0681007	4.361084
29628	-1819.553	-2098.395	278.8415	1.227972	3.219838	0.767415	0.232585	4.361084
29634	-1825.222	-2105.658	280.4365	1.084892	1.796418	0.927783	0.072217	3.940181
29640	-1826.055	-2104.304	278.2488	1.230735	4.159455	0.744817	0.255183	4.502483
29646	-1815.033	-2094.039	279.0061	1.036022	2.700459	0.980962	0.0190378	4.502483
29652	-1815.09	-2093.214	278.1235	0.9329027	2.823906	0.627447	0.372553	5.021878
29658	-1815.231	-2093.154	277.9227	0.9817086	3.181501	0.879773	0.120227	5.021878
29664	-1824.144	-2104.876	280.7324	1.148156	2.5364	0.927852	0.0721476	3.495558
29670	-1818.339	-2097.888	279.5489	1.214577	3.249087	0.918038	0.0819616	3.960011
29676	-1811.427	-2093.623	282.1963	1.435187	3.249087	0.937005	0.0629952	2.241444
29682	-1806.298	-2088.06	281.7619	1.416049	3.029964	0.791596	0.208404	2.58427
29688	-1816.764	-2097.75	280.986	1.224889	3.128964	0.883399	0.116601	3.145435
29694	-1825.584	-2106.416	280.8327	1.552291	3.619546	0.837803	0.162197	2.927616
29700	-1838.287	-2120.09	281.8022	1.592835	3.464646	0.846136	0.153864	2.339175
29706	-1838.803	-2120.119	281.316	1.296744	3.496022	0.878234	0.121766	2.817439
29712	-1843.603	-2121.742	278.1382	1.061589	2.38055	0.94023	0.0597699	5.059699
29718	-1842.175	-2121.202	279.0266	1.072912	2.683785	0.734949	0.265051	4.474499
29724	-1847.414	-2126.621	279.2067	1.067847	2.031748	0.952032	0.047968	4.565733
29730	-1822.46	-2102.36	279.8998	1.181939	2.806386	0.774724	0.225276	3.884757
29736	-1837.147	-2114.628	277.4805	1.094637	3.333197	0.827546	0.172454	5.170997
29742	-1847.134	-2128.068	280.9347	1.532094	2.944563	0.795087	0.204913	3.039135
29748	-1824.558	-2106.768	282.2104	1.633625	3.488854	0.970205	0.0297953	2.042255
29754	-1827.332	-2108.985	281.6528	1.571592	3.777207	0.751335	0.248665	2.374999
29760	-1830.698	-2112.17	281.4729	1.36032	2.35783	0.905081	0.0949193	2.984932
29766	-1808.783	-2089.42	280.6368	1.252553	2.9813	0.637015	0.362985	3.371908
29772	-1822.736	-2103.33	280.5939	1.221745	3.507018	0.858351	0.141649	3.291695
29778	-1824.938	-2106.338	281.4	1.182242	2.944988	0.83445	0.16555	2.969729
29784	-1827.91	-2109.069	281.1588	1.226378	3.431486	0.794237	0.205763	2.969729
29790	-1834.066	-2114.488	280.4222	1.321456	1.772556	0.693266	0.306734	3.821392
29796	-1839.732	-2120.558	280.8251	1.118263	2.156709	0.678354	0.321646	3.573483
29802	-1822.781	-2104.629	281.848	1.489622	3.141428	0.996915	0.00308536	2.455779
29808	-1810.409	-2091.147	280.7376	1.340308	3.141428	0.924465	0.0755352	3.221323
29814	-1817.522	-2098.14	280.6182	1.282089	2.928271	0.830051	0.169949	3.37886
29820	-1822.65	-2102.34	279.6901	1.164763	2.928271	0.96106	0.0389402	3.983927
29826	-1834.231	-2113.44	279.2094	1.088001	4.24047	0.794858	0.205142	4.024272
29832	-1825.555	-2105.82	280.2655	1.287579	3.082464	0.910192	0.0898076	3.543568
29838	-1808.615	-2090.218	281.6033	1.475908	3.587238	0.858525	0.141475	2.509318
29844	-1825.52	-2106.952	281.4312	1.377952	3.260765	0.638481	0.361519	2.753078
29850	-1827.235	-2107.967	280.7324	1.438513	3.446133	0.781386	0.218614	3.094705
29856	-1820.154	-2101.738	281.5846	1.447245	3.491453	0.912588	0.0874117	2.561031
29862	-1819.801	-2101.838	282.0367	1.65208	2.882108	0.922262	0.0777381	2.303051
29868	-1827.324	-2108.153	280.8292	1.508634	3.726154	0.886262	0.113738	2.932819
29874	-1825.226	-2105.789	280.5628	1.472443	4.756724	0.713244	0.286756	2.915166
29880	-1811.086	-2092.3	281.2138	1.312703	2.403039	0.861068	0.138932	3.154351
29886	-1817.54	-2096.7	279.1596	1.216101	3.009188	0.954081	0.0459192	4.236963
29892	-1817.39	-2096.881	279.4912	1.044326	3.258717	0.764126	0.235874	4.087995
29898	-1814.29	-2095.144	280.8539	1.179931	2.943396	0.832987	0.167013	3.296506
29904	-1818.248	-2097.691	279.4432	1.012944	1.732685	0.860878	0.139122	4.567253
29910	-1826.78	-2104.268	277.4877	0.9147812	2.917374	0.950799	0.0492006	5.360942
29916	-1822.85	-2103.934	281.0845	1.378777	3.130908	0.864212	0.135788	2.994214
29922	-1821.105	-2100.36	279.2545	1.150356	2.686059	0.9318	0.0682004	4.301593
29928	-1843.241	-2124.473	281.2315	1.051879	2.057844	0.847724	0.152276	3.407539
29934	-1806.514	-2085.177	278.6624	1.206392	3.676158	0.974178	0.0258216	4.376432
29940	-1797.972	-2077.642	279.6699	1.024437	3.103214	0.83492	0.16508	4.033347
29946	-1807.868	-2087.265	279.3966	1.309494	3.074827	0.915801	0.0841989	4.033347
29952	-1811.189	-2090.582	279.3932	1.095976	2.838223	0.506884	0.493116	4.214694
29958	-1806.316	-2085.908	279.5924	1.183674	2.968404	0.909297	0.0907026	4.019098
29964	-1805.366	-2086.146	280.7804	1.346423	2.968404	0.7832	0.2168	3.235246
29970	-1797.954	-2079.556	281.6011	1.346497	2.741426	0.946306	0.0536942	2.803396
29976	-1817.305	-2098.601	281.2957	1.273651	2.670377	0.814993	0.185007	3.051274
29982	-1815.394	-2097.783	282.3898	1.4574	2.518607	0.855752	0.144248	2.309312
29988	-1819.929	-2101.445	281.5153	1.421525	3.396466	0.7756	0.2244	2.642151
29994	-1826.703	-2108.469	281.7667	1.421525	3.396466	0.780389	0.219611	2.486006
30000	-1819.169	-2101.537	282.3683	1.461664	2.80414	0.855771	0.144229	2.23468
30006	-1823.927	-2104.842	280.9157	1.437801	4.62403	0.867388	0.132612	2.745671
30012	-1826.841	-2105.174	278.3324	0.9311838	2.380385	0.724817	0.275183	5.02429
30018	-1825.943	-2104.935	278.9922	1.553954	2.816004	0.814155	0.185845	4.187975
30024	-1824.237	-2103.139	278.9027	1.208562	3.93406	0.695258	0.304742	4.187975
30030	-1824.515	-2105.768	281.2525	1.276401	2.481599	0.979379	0.0206214	3.129519
30036	-1816.297	-2097.664	281.3671	1.318293	2.110878	0.900805	0.0991951	3.152569
30042	-1818.157	-2099.219	281.0624	1.39973	2.538733	0.876732	0.123268	3.152569
30048	-1817.725	-2098.915	281.1902	1.290942	2.866798	0.967865	0.0321351	3.050786
30054	-1826.071	-2105.514	279.4434	1.043152	3.017197	0.930533	0.0694667	4.172156
30060	-1818.872	-2097.926	279.0538	1.071796	3.546236	0.855394	0.144606	4.258112
30066	-1810.912	-2090.193	279.281	1.06624	2.704124	0.762807	0.237193	4.329445
30072	-1817.771	-2095.64	277.8683	1.005245	3.963308	0.919156	0.0808435	4.87813
30078	-1816.469	-2097.846	281.3769	1.435072	2.737964	0.866912	0.133088	2.88667
30084	-1815.044	-2096.194	281.1509	1.376654	3.4193	0.914109	0.0858906	2.88667
30090	-1827.733	-2109.944	282.2115	1.363869	2.435401	0.89467	0.10533	2.506836
30096	-1827.694	-2109.927	282.2322	1.447435	2.234678	0.896513	0.103487	2.506836
30102	-1825.093	-2107.058	281.9646	1.502731	3.414153	0.53826	0.46174	2.305366
30108	-1822.405	-2105.26	282.8547	1.562105	2.626871	0.893816	0.106184	1.901253
30114	-1809.491	-2090.326	280.8348	1.246296	4.050722	0.839567	0.160433	3.01993
30120	-1814.567	-2096.121	281.5542	1.347808	2.966081	0.681807	0.318193	2.770619
30126	-1819.464	-2100.589	281.1256	1.392383	4.427586	0.815577	0.184423	2.681507
30132	-1827.508	-2107.741	280.2327	1.116673	1.719799	0.858847	0.141153	4.066868
30138	-1842.068	-2123.384	281.3152	1.397466	3.768489	0.823322	0.176678	2.695761
30144	-1835.011	-2117.23	282.219	1.430871	1.291901	0.880937	0.119063	2.905896
30150	-1817.906	-2100.647	282.7409	1.418412	1.8485	0.929255	0.0707448	2.345408
30156	-1822.43	-2103.681	281.2511	1.551106	4.191966	0.881328	0.118672	2.551975
30162	-1816.19	-2094.551	278.3609	1.130924	4.517778	0.835875	0.164125	4.431937
30168	-1824.261	-2105.221	280.9601	1.34576	4.456664	0.925168	0.0748315	2.805732
30174	-1823.032	-2104.029	280.9967	1.34576	3.813322	0.9583	0.0416996	2.911474
30180	-1829.263	-2110.149	280.8857	1.323993	3.6289	0.94436	0.0556404	3.030887
30186	-1832.067	-2112.172	280.1048	1.329759	3.5557	0.912789	0.0872108	3.504504
30192	-1840.715	-2123.287	282.5722	1.791083	4.862874	0.825073	0.174927	1.351311
30198	-1833.088	-2115.007	281.9187	1.691953	4.862874	0.851961	0.148039	1.897331
30204	-1821.836	-2104.167	282.3308	1.691953	3.460811	0.940127	0.0598733	1.929847
30210	-1824.888	-2106.731	281.8429	1.545039	4.236829	0.820394	0.179606	2.171041
30216	-1826.291	-2108.3	282.0082	1.545039	4.225225	0.860747	0.139253	2.065263
30222	-1825.737	-2106.745	281.0079	1.722518	4.163785	0.901974	0.0980263	2.602201
30228	-1826.479	-2107.234	280.7542	1.46856	5.093728	0.91529	0.0847098	2.743081
30234	-1826.38	-2107.752	281.3722	1.46233	3.597282	0.808176	0.191824	2.658747
30240	-1831.75	-2113.6	281.8495	1.46233	3.597282	0.847522	0.152478	2.360651
30246	-1851.651	-2132.674	281.023	1.484293	4.608769	0.855566	0.144434	2.654083
30252	-1832.276	-2112.458	280.1815	1.39783	3.228997	0.89815	0.10185	3.493434
30258	-1837.294	-2118.765	281.4713	1.537789	2.079354	0.807333	0.192667	2.969787
30264	-1829.041	-2110.538	281.498	1.430125	3.566823	0.915636	0.084364	2.607925
30270	-1843.998	-2125.503	281.5043	1.369102	3.717191	0.841391	0.158609	2.607925
30276	-1843.45	-2126.75	283.3001	1.636526	2.668287	0.826624	0.173376	1.519599
30282	-1836.75	-2120.272	283.522	1.506315	2.477444	0.761325	0.238675	1.519599
30288	-1839.738	-2122.583	282.8442	1.52462	2.871447	0.891018	0.108982	1.857983
30294	-1833.389	-2115.483	282.0942	1.52462	2.871447	0.766949	0.233051	2.350584
30300	-1837.665	-2117.502	279.837	1.43832	4.494396	0.816011	0.183989	3.413206
30306	-1828.771	-2109.68	280.9085	1.419787	3.989205	0.843513	0.156487	2.883504
30312	-1831.687	-2113.38	281.6927	1.450626	2.64627	0.933789	0.0662109	2.710793
30318	-1825.608	-2107.82	282.2122	1.575561	2.473583	0.75581	0.24419	2.361185
30324	-1825.96	-2107.545	281.5852	1.45455	2.811579	0.893011	0.106989	2.727821
30330	-1816.929	-2098.033	281.1037	1.354137	2.811579	0.895465	0.104535	3.079397
30336	-1820.488	-2101.812	281.3241	1.504584	4.503343	0.901648	0.098352	2.474311
30342	-1822.62	-2103.568	280.9474	1.546146	3.667593	0.871539	0.128461	2.851387
30348	-1824.699	-2105.804	281.1047	1.501992	3.365049	0.742876	0.257124	2.851387
30354	-1824.973	-2106.302	281.3295	1.466239	3.552295	0.812074	0.187926	2.692801
30360	-1834.747	-2113.849	279.1023	1.081974	2.738604	0.749794	0.250206	4.412546
30366	-1828.248	-2106.605	278.3565	1.173413	3.197285	0.90884	0.0911603	4.669571
30372	-1810.203	-2090.932	280.7285	1.24799	4.770597	0.885604	0.114396	2.948144
30378	-1825.613	-2106.892	281.2788	1.36302	2.890493	0.966253	0.0337472	2.948144
30384	-1827.343	-2106.639	279.2956	1.191064	2.550939	0.935518	0.064482	4.291538
30390	-1825.369	-2104.813	279.4444	1.255265	2.550939	0.818279	0.181721	4.170791
30396	-1828.65	-2108.587	279.937	1.134302	3.401632	0.861556	0.138444	3.74887
30402	-1843.578	-2123.561	279.9824	1.155894	4.3191	0.824638	0.175362	3.525113
30408	-1841.072	-2121.295	280.2222	1.195933	3.504911	0.880332	0.119668	3.525113
30414	-1837.209	-2116.275	279.0657	1.147398	2.048524	0.91277	0.0872299	4.594792
30420	-1834.114	-2114.608	280.4941	1.420606	2.854404	0.73755	0.26245	3.38937
30426	-1841.476	-2122.071	280.595	1.400072	3.890205	0.75989	0.24011	3.103808
30432	-1825.091	-2106.553	281.4627	1.272249	2.512932	0.749748	0.250252	2.997137
30438	-1832.642	-2113.594	280.9516	1.325873	3.432724	0.961804	0.0381957	3.034076
30444	-1851.401	-2130.881	279.4802	1.306689	5.083906	0.87904	0.12096	3.598029
30450	-1841.52	-2122.336	280.816	1.354824	4.121897	0.815373	0.184627	2.951897
30456	-1848.36	-2128.69	280.33	1.305972	3.889802	0.661633	0.338367	3.316598
30462	-1820.371	-2100.014	279.6426	1.177367	3.889802	0.88139	0.11861	3.791482
30468	-1829.681	-2109.698	280.0161	1.136552	4.011859	0.805689	0.194311	3.574993
30474	-1832.738	-2111.003	278.2642	1.159731	4.381898	0.869867	0.130133	4.493781
30480	-1835.541	-2115.303	279.7629	1.079116	3.434607	0.929606	0.0703943	3.873583
30486	-1833.351	-2112.672	279.3209	1.414339	3.900041	0.939127	0.0608735	3.83825
30492	-1830.519	-2108.032	277.5132	1.24967	3.560462	0.865299	0.134701	5.019058
30498	-1818.364	-2099.342	280.978	1.344448	3.108527	0.879098	0.120902	3.08405
30504	-1826.373	-2107.416	281.0437	1.358655	3.108527	0.795704	0.204296	3.036273
30510	-1821.59	-2101.716	280.1258	1.260198	2.7844	0.947783	0.0522167	3.715277
30516	-1816.102	-2096.682	280.5804	1.393975	2.922274	0.770068	0.229932	3.336868
30522	-1836.351	-2116.89	280.5393	1.435038	2.922274	0.930916	0.0690844	3.336868
30528	-1821.47	-2102.461	280.9912	1.341173	2.922274	0.879858	0.120142	3.125104
30534	-1812.686	-2094.503	281.8171	1.588267	3.240116	0.764179	0.235821	2.387959
30540	-1811.059	-2092.845	281.7864	1.437855	3.240116	0.844016	0.155984	2.501764
30546	-1827.081	-2107.556	280.4751	1.298222	2.600181	0.878121	0.121879	3.540171
30552	-1820.844	-2102.549	281.7045	1.298222	4.330038	0.921789	0.0782106	2.398658
30558	-1818.11	-2098.834	280.7236	1.315714	4.746823	0.902205	0.0977953	2.914442
30564	-1822.046	-2103.179	281.1325	1.357092	3.007766	0.848613	0.151387	3.009231
30570	-1818.01	-2098.174	280.1644	1.147824	3.632574	0.937129	0.0628714	3.559275
30576	-1834.711	-2116.298	281.5874	1.30385	2.652573	0.86273	0.13727	2.862622
30582	-1824.641	-2106.04	281.3989	1.395152	2.034261	0.940449	0.059551	3.113951
30588	-1824.884	-2105.842	280.9589	1.311961	2.915659	0.914195	0.0858046	3.163361
30594	-1825.435	-2105.957	280.5229	1.211834	4.242015	0.928373	0.0716266	3.18906
30600	-1820.189	-2099.807	279.6177	1.261405	3.860776	0.844432	0.155568	3.76321
30606	-1811.133	-2091.055	279.9217	1.100755	3.158034	0.895937	0.104063	3.832495
30612	-1816.227	-2096.092	279.8646	1.175	3.11634	0.923537	0.0764629	3.832495
30618	-1807.618	-2088.598	280.9805	1.523012	4.30056	0.920034	0.0799657	2.714825
30624	-1807.524	-2087.893	280.3684	1.381158	2.416363	0.926768	0.0732325	3.60641
30630	-1806.668	-2087.977	281.3092	1.200841	2.949464	0.789852	0.210148	3.01196
30636	-1824.105	-2105.889	281.7845	1.4083	2.08446	0.879745	0.120255	2.857138
30642	-1821.006	-2102.669	281.6628	1.451552	2.976403	0.907687	0.0923134	2.63764
30648	-1814.011	-2093.887	279.8764	1.29685	2.976403	0.79125	0.20875	3.789344
30654	-1831.203	-2111.05	279.8476	1.258002	3.379682	0.850618	0.149382	3.733952
30660	-1807.352	-2087.511	280.1595	1.258002	3.829731	0.907985	0.0920151	3.456976
30666	-1826.058	-2106.108	280.0506	1.278053	4.084507	0.957061	0.0429387	3.458276
30672	-1814.112	-2093.566	279.4542	1.010463	2.331795	0.907634	0.0923656	4.366084
30678	-1822.584	-2103.777	281.1925	1.117444	2.817487	0.934704	0.0652962	3.165877
30684	-1828.318	-2107.249	278.9303	1.225387	3.148469	0.905743	0.094257	4.328744
30690	-1831.548	-2112.788	281.2399	1.225387	2.549232	0.977399	0.0226014	3.147646
30696	-1834.512	-2115.428	280.9167	1.50027	3.3703	0.79854	0.20146	2.964772
30702	-1831.518	-2111.305	279.7869	1.090386	4.329337	0.935659	0.0643411	3.674769
30708	-1818.607	-2099.053	280.4461	1.086187	2.619483	0.891068	0.108932	3.674769
30714	-1823.041	-2103.759	280.7182	1.447711	3.488688	0.959713	0.0402866	3.088066
30720	-1844.723	-2126.743	282.0201	1.555799	3.87345	0.59176	0.40824	2.127432
30726	-1825.067	-2105.898	280.831	1.385381	3.364695	0.932448	0.0675516	3.086175
30732	-1815.265	-2096.68	281.4153	1.534569	3.238906	0.860542	0.139458	2.672194
30738	-1815.944	-2095.068	279.1238	1.212787	3.238906	0.871074	0.128926	4.205582
30744	-1822.987	-2103.735	280.7481	1.217277	3.605251	0.945078	0.0549222	3.181651
30750	-1826.65	-2107.66	281.0099	1.529192	3.1267	0.965151	0.0348487	2.94967
30756	-1823.777	-2104.728	280.951	1.529192	2.770844	0.853224	0.146776	3.076962
30762	-1814.365	-2095.251	280.886	1.529192	4.038365	0.76804	0.23196	2.820841
30768	-1810.049	-2091.454	281.4053	1.668692	4.038365	0.800313	0.199687	2.413436
30774	-1829.579	-2111.421	281.8419	1.585248	3.087548	0.920185	0.0798146	2.413436
30780	-1829.547	-2111.31	281.763	1.57856	3.822048	0.904923	0.095077	2.290452
30786	-1832.561	-2114.274	281.713	1.77034	4.553212	0.824278	0.175722	2.043821
30792	-1823.702	-2105.513	281.8111	1.75371	4.374724	0.823416	0.176584	2.026256
30798	-1837.16	-2118.69	281.5304	1.450039	4.977616	0.922247	0.0777529	2.290211
30804	-1829.238	-2110.509	281.2707	1.544511	3.543297	0.893613	0.106387	2.682871
30810	-1836.941	-2118.309	281.368	1.447278	3.543297	0.643231	0.356769	2.682871
30816	-1821.827	-2104.138	282.3109	1.384375	2.878604	0.832418	0.167582	2.29988
30822	-1830.875	-2111.718	280.8433	1.384375	4.17884	0.71433	0.28567	2.906375
30828	-1838.72	-2120.139	281.4181	1.571965	4.671621	0.802397	0.197603	2.34046
30834	-1821.873	-2102.862	280.9891	1.283752	2.125655	0.886809	0.113191	3.391205
30840	-1813.471	-2093.729	280.2581	1.20679	2.189518	0.765062	0.234938	3.839588
30846	-1823.343	-2103.128	279.7845	1.067897	3.564495	0.856591	0.143409	3.839588
30852	-1831.433	-2111.75	280.3172	1.296326	2.600668	0.959952	0.0400477	3.632873
30858	-1831.223	-2111.42	280.1975	1.227675	3.037426	0.873107	0.126893	3.628802
30864	-1826.379	-2105.847	279.4687	1.232888	4.072959	0.869594	0.130406	3.824025
30870	-1827.834	-2107.284	279.4504	1.25118	4.072959	0.860415	0.139585	3.824025
30876	-1837.812	-2117.703	279.8906	1.14704	2.880499	0.896151	0.103849	3.891219
30882	-1848.543	-2127.463	278.9203	1.158809	2.492084	0.777644	0.222356	4.53755
30888	-1844.903	-2123.518	278.615	1.256233	2.665036	0.819507	0.180493	4.607695
30894	-1834.71	-2116.386	281.6764	1.268142	3.18843	0.849194	0.150806	2.687915
30900	-1842.876	-2123.392	280.5164	1.315639	3.254414	0.685102	0.314898	3.339477
30906	-1808.994	-2089.04	280.0469	1.360408	3.43377	0.751375	0.248625	3.547071
30912	-1815.495	-2095.469	279.9743	1.210433	2.645667	0.827233	0.172767	3.868002
30918	-1825.227	-2105.378	280.151	1.332555	2.50141	0.923549	0.0764511	3.735821
30924	-1827.907	-2107.81	279.9031	1.235952	4.249313	0.869713	0.130287	3.537613
30930	-1817.65	-2098.039	280.3889	1.101488	3.261808	0.792175	0.207825	3.537613
30936	-1821.803	-2101.001	279.1974	1.096367	1.956879	0.787417	0.212583	4.57966
30942	-1822.363	-2102.031	279.6685	1.407362	3.255502	0.917506	0.0824941	3.779179
30948	-1804.712	-2084.617	279.9052	1.09028	2.593074	0.85536	0.14464	3.990643
30954	-1808.802	-2087.725	278.9235	1.150844	2.620815	0.961084	0.0389162	4.505291
30960	-1841.583	-2123.359	281.7756	1.260704	1.616142	0.927216	0.0727838	3.127066
30966	-1829.25	-2111.661	282.4105	1.359572	1.305626	0.92115	0.0788503	2.826223
30972	-1822.316	-2102.641	280.3257	1.239032	2.677671	0.800272	0.199728	3.640123
30978	-1827.656	-2108.098	280.442	1.331494	2.593314	0.845821	0.154179	3.54198
30984	-1831.627	-2110.544	278.9174	1.33482	3.287466	0.857045	0.142955	4.24248
30990	-1812.355	-2092.189	279.834	1.168933	3.526	0.837899	0.162101	3.761191
30996	-1826.339	-2104.823	278.4845	1.196544	4.040542	0.941032	0.0589678	4.411054
31002	-1822.557	-2102.567	280.0103	1.144187	3.202507	0.777109	0.222891	3.746092
31008	-1816.236	-2097.611	281.3749	1.3367	2.696465	0.873473	0.126527	2.958683
31014	-1826.312	-2106.861	280.5488	1.445024	3.386466	0.912323	0.0876766	3.213459
31020	-1820.463	-2100.771	280.3083	1.292147	3.857765	0.933163	0.066837	3.343984
31026	-1810.384	-2090.138	279.7538	1.221464	3.211241	0.915668	0.0843324	3.847234
31032	-1819.948	-2102.395	282.4471	1.681118	3.211241	0.928777	0.0712227	1.924396
31038	-1824.374	-2106.23	281.8557	1.471306	3.183027	0.788986	0.211014	2.451818
31044	-1833.684	-2114.745	281.0602	1.513125	4.660181	0.874319	0.125681	2.603884
31050	-1832.287	-2114	281.713	1.460132	2.966854	0.900139	0.0998613	2.603884
31056	-1851.18	-2133.551	282.3711	1.439768	4.203294	0.899402	0.100598	1.897693
31062	-1823.665	-2104.999	281.334	1.637453	3.320653	0.939264	0.0607363	2.638969
31068	-1828.753	-2109.726	280.973	1.496955	3.320653	0.753104	0.246896	2.944506
31074	-1832.388	-2113.74	281.3527	1.371864	3.256562	0.937918	0.0620821	2.805681
31080	-1818.024	-2101.137	283.1126	1.654906	2.011921	0.882441	0.117559	1.881886
31086	-1819.776	-2102.429	282.6531	1.439773	1.734702	0.814183	0.185817	2.433416
31092	-1824.704	-2105.483	280.7797	1.275	2.898059	0.789803	0.210197	3.295796
31098	-1825.649	-2106.819	281.1697	1.360284	3.423678	0.831029	0.168971	2.884193
31104	-1819.127	-2099.793	280.6666	1.388265	3.409008	0.830452	0.169548	3.172176
31110	-1805.056	-2086.685	281.6289	1.346267	2.878796	0.89357	0.10643	2.749065
31116	-1823.423	-2104.162	280.7399	1.262967	3.697657	0.854484	0.145516	3.139479
31122	-1823.301	-2102.899	279.5984	1.242647	2.752303	0.817765	0.182235	4.036491
31128	-1817.806	-2096.914	279.1071	1.201714	2.559346	0.843582	0.156418	4.389774
31134	-1835.667	-2116.085	280.4181	1.223892	2.521836	0.858634	0.141366	3.63838
31140	-1819.032	-2099.648	280.6161	1.241532	3.273359	0.89914	0.10086	3.319955
31146	-1820.04	-2101.824	281.7843	1.523573	4.97865	0.653206	0.346794	2.077649
31152	-1815.976	-2097.081	281.1049	1.513094	4.97865	0.54795	0.45205	2.518881
31158	-1809.752	-2090.565	280.8138	1.401297	4.303976	0.928597	0.0714035	2.889697
31164	-1818.993	-2099.953	280.9592	1.402966	3.00699	0.802823	0.197177	3.085656
31170	-1822.933	-2103.151	280.2177	1.416613	4.351331	0.774978	0.225022	3.228005
31176	-1824.441	-2106.926	282.4844	1.422569	3.070726	0.867012	0.132988	2.109768
31182	-1827.274	-2108.776	281.5022	1.543581	4.994611	0.882722	0.117278	2.245248
31188	-1839.692	-2122.516	282.8239	1.544583	3.63177	0.887239	0.112761	1.645598
31194	-1832.439	-2114.432	281.9932	1.604688	3.134461	0.909924	0.0900763	2.292692
31200	-1816.519	-2098.794	282.2756	1.547354	3.440912	0.797495	0.202505	2.068132
31206	-1823.489	-2106.42	282.9314	1.519666	2.229045	0.831747	0.168253	2.012923
31212	-1827.701	-2108.304	280.6032	1.380899	2.502062	0.886278	0.113722	3.444843
31218	-1836.647	-2118.828	282.181	1.419779	3.936498	0.859775	0.140225	2.096965
31224	-1838.4	-2121.1	282.7003	1.51768	1.54027	0.865632	0.134368	2.438712
31230	-1818.031	-2100.126	282.095	1.346379	1.645642	0.813205	0.186795	2.871796
31236	-1824.327	-2106.26	281.933	1.391436	1.930761	0.833023	0.166977	2.831823
31242	-1837.535	-2118.184	280.6488	1.096313	1.930761	0.86874	0.13126	3.76372
31248	-1820.833	-2101.692	280.8585	1.10209	1.598542	0.888014	0.111986	3.76372
31254	-1823.706	-2103.894	280.188	1.15194	2.701336	0.919269	0.0807311	3.76372
31260	-1831.887	-2113.136	281.2492	1.259174	2.701336	0.95789	0.0421098	3.079144
31266	-1829.734	-2111.929	282.1951	1.259174	1.613943	0.90659	0.0934099	2.87719
31272	-1829.002	-2109.433	280.4311	1.123188	2.291319	0.694366	0.305634	3.756679
31278	-1824.513	-2103.849	279.3362	1.165412	2.378294	0.85292	0.14708	4.331637
31284	-1813.312	-2093.196	279.8833	1.128645	2.472538	0.8439	0.1561	4.014782
31290	-1829.845	-2110.019	280.1741	1.172782	2.933036	0.882232	0.117768	3.699926
31296	-1825.387	-2105.774	280.3873	1.229891	2.933036	0.907284	0.0927164	3.543121
31302	-1824.668	-2106.936	282.2682	1.697135	3.990972	0.848274	0.151726	1.84013
31308	-1818.291	-2098.517	280.2261	1.309546	3.166812	0.767557	0.232443	3.533515
31314	-1820.278	-2100.078	279.8004	1.288004	3.638176	0.894556	0.105444	3.687936
31320	-1812.102	-2092.257	280.1551	1.145587	3.036711	0.833316	0.166684	3.701065
31326	-1804.907	-2087.143	282.2359	1.390067	2.945896	0.857436	0.142564	2.325378
31332	-1819.534	-2101.064	281.5295	1.193114	3.486923	0.879872	0.120128	2.752514
31338	-1837.472	-2117.543	280.0708	1.107926	2.722816	0.528859	0.471141	3.850815
31344	-1829.408	-2108.486	279.0774	1.100518	2.722816	0.874041	0.125959	4.420195
31350	-1823.4	-2103.961	280.5611	1.12855	1.965303	0.79227	0.20773	3.78379
31356	-1832.173	-2110.737	278.5633	1.110147	3.5431	0.824796	0.175204	4.513951
31362	-1847.914	-2128.193	280.2787	1.120079	2.283538	0.690736	0.309264	3.848596
31368	-1835.906	-2113.169	277.2636	0.842982	2.275212	0.816685	0.183315	5.692609
31374	-1849.637	-2132.895	283.258	1.533551	2.52102	0.941827	0.0581727	1.67636
31380	-1825.104	-2107.305	282.2012	1.455508	3.022705	0.759174	0.240826	2.284862
31386	-1827.746	-2109.657	281.9106	1.565519	3.965044	0.960529	0.0394707	2.172003
31392	-1828.198	-2108.354	280.156	1.26348	4.8947	0.902121	0.0978794	3.258828
31398	-1832.986	-2112.536	279.5501	1.25546	3.222162	0.81875	0.18125	3.942109
31404	-1842.477	-2121.259	278.7818	1.231928	3.475253	0.837399	0.162601	4.336437
31410	-1841.133	-2122.379	281.2462	1.2928	3.700597	0.812993	0.187007	2.816614
31416	-1837.099	-2116.943	279.8438	1.192265	2.812875	0.842306	0.157694	3.90929
31422	-1817.153	-2098.215	281.0615	1.529004	3.552844	0.703142	0.296858	2.818053
31428	-1813.782	-2095.193	281.4104	1.462892	4.072771	0.652842	0.347158	2.532021
31434	-1808.761	-2089.783	281.0215	1.386741	4.234137	0.947923	0.0520775	2.786011
31440	-1817.392	-2097.985	280.5933	1.332529	5.033819	0.77053	0.22947	2.933411
31446	-1824.844	-2104.89	280.0467	1.323741	4.442774	0.890859	0.109141	3.366722
31452	-1818.654	-2099.761	281.1072	1.250172	4.995334	0.714843	0.285157	2.677386
31458	-1822.41	-2101.613	279.2029	1.292291	2.263711	0.678977	0.321023	4.369065
31464	-1836.191	-2114.153	277.9622	1.082255	3.998732	0.809151	0.190849	4.77614
31470	-1820.546	-2100.754	280.2077	1.434716	2.57479	0.917632	0.0823684	3.623296
31476	-1810.219	-2090.653	280.4345	1.239719	3.368647	0.811144	0.188856	3.405775
31482	-1827.579	-2107.075	279.4959	1.476226	3.772777	0.815682	0.184318	3.727251
31488	-1831.684	-2112.773	281.0894	1.413221	4.533179	0.903687	0.0963134	2.671058
31494	-1837.151	-2118.206	281.0543	1.565201	3.190717	0.922318	0.0776817	2.885406
31500	-1833.502	-2115.164	281.662	1.462405	5.372933	0.8075	0.1925	2.127482
31506	-1810.667	-2092.656	281.9892	1.627616	3.64486	0.817019	0.182981	2.153569
31512	-1812.153	-2094.476	282.3223	1.413133	2.458784	0.715909	0.284091	2.398963
31518	-1802.663	-2083.538	280.8753	1.347359	2.859924	0.865503	0.134497	3.206444
31524	-1808.781	-2089.656	280.875	1.347359	3.136981	0.853916	0.146084	3.136709
31530	-1818.617	-2098.457	279.8401	1.346846	2.64698	0.842895	0.157105	3.866351
31536	-1811.407	-2090.894	279.4866	1.249334	3.329014	0.919233	0.0807666	3.957709
31542	-1825.896	-2104.58	278.6832	1.130448	2.352779	0.882192	0.117808	4.725723
31548	-1823.035	-2101.904	278.869	1.130448	3.821922	0.830101	0.169899	4.273329
31554	-1824.437	-2104.277	279.8403	1.174887	2.500391	0.688376	0.311624	4.00509
31560	-1822.041	-2101.895	279.8543	1.262537	3.82853	0.894096	0.105904	3.632211
31566	-1823.493	-2103.298	279.8041	1.227046	3.574993	0.780097	0.219903	3.734411
31572	-1839.62	-2119.606	279.9855	1.195591	3.574993	0.834308	0.165692	3.647651
31578	-1829.908	-2108.593	278.6858	1.099286	2.438982	0.808902	0.191098	4.717168
31584	-1817.459	-2098.897	281.4383	1.209614	2.400943	0.839421	0.160579	3.082685
31590	-1833.755	-2114.185	280.4296	1.460651	4.226546	0.874995	0.125005	3.099555
31596	-1816.238	-2096.475	280.2378	1.308996	2.510963	0.744362	0.255638	3.696612
31602	-1821.647	-2101.466	279.8191	1.310715	4.028935	0.908813	0.091187	3.584922
31608	-1823.825	-2104.917	281.0926	1.383734	3.885402	0.748521	0.251479	2.81521
31614	-1839.508	-2121.894	282.3851	1.51721	3.025085	0.912507	0.0874933	2.125344
31620	-1842.07	-2122.199	280.1291	1.139075	3.242247	0.834995	0.165005	3.671129
31626	-1843.295	-2123.412	280.1175	1.271446	2.950915	0.688494	0.311506	3.671129
31632	-1861.29	-2141.822	280.5315	1.220751	1.783966	0.990425	0.0095749	3.812189
31638	-1825.175	-2105.31	280.1356	1.074999	1.783966	0.96637	0.0336305	4.122142
31644	-1833.371	-2113.549	280.1781	1.303713	3.974677	0.764861	0.235139	3.390114
31650	-1850.861	-2131.775	280.914	1.554346	3.650037	0.879967	0.120033	2.870507
31656	-1849.346	-2127.859	278.5136	1.414581	3.514272	0.753484	0.246516	4.376463
31662	-1823.505	-2103.106	279.6011	1.23486	3.514272	0.801118	0.198882	3.859761
31668	-1819.974	-2100.398	280.4237	1.509165	3.514272	0.838028	0.161972	3.220821
31674	-1843.145	-2124.544	281.3995	1.436076	2.768371	0.836543	0.163457	2.864
31680	-1835.153	-2116.031	280.8782	1.27282	3.359784	0.843953	0.156047	3.126282
31686	-1829.17	-2110.447	281.2775	1.229628	2.588386	0.908465	0.0915348	3.111538
31692	-1817.275	-2097.846	280.5712	1.38017	2.740603	0.790832	0.209168	3.397899
31698	-1824.536	-2102.591	278.0546	1.037492	3.10799	0.740442	0.259558	4.934291
31704	-1813.123	-2093.948	280.8252	1.282209	2.924184	0.895293	0.104707	3.257995
31710	-1817.534	-2097.774	280.2404	1.511249	2.838518	0.811642	0.188358	3.488924
31716	-1813.424	-2094.987	281.5629	1.382882	2.838518	0.832288	0.167712	2.777913
31722	-1817.502	-2099.235	281.7324	1.382882	2.4768	0.877606	0.122394	2.777913
31728	-1825.647	-2108.196	282.5484	1.348693	2.090128	0.967871	0.0321292	2.420439
31734	-1816.572	-2098.576	282.0047	1.477842	2.930729	0.865715	0.134285	2.420439
31740	-1818.27	-2099.6	281.3293	1.318898	2.162879	0.815236	0.184764	3.157452
31746	-1817.055	-2098.247	281.1923	1.29809	2.962976	0.890519	0.109481	3.020232
31752	-1829.434	-2110.353	280.9194	1.345413	2.987418	0.863147	0.136853	3.148592
31758	-1823.633	-2104.764	281.1308	1.38272	3.247236	0.967799	0.032201	2.935737
31764	-1816.893	-2099.151	282.2581	1.429223	2.230356	0.863224	0.136776	2.503509
31770	-1817.833	-2098.71	280.8769	1.329118	2.697812	0.915076	0.0849243	3.259638
31776	-1818.235	-2099.336	281.1007	1.27984	2.563165	0.867588	0.132412	3.193942
31782	-1819.178	-2099.309	280.1309	1.204173	2.26024	0.822386	0.177614	3.892277
31788	-1821.199	-2099.82	278.6206	1.257495	3.187579	0.812899	0.187101	4.476354
31794	-1807.604	-2087.323	279.7195	1.251931	2.98021	0.936007	0.0639935	3.904437
31800	-1819.012	-2098.884	279.8723	1.089798	1.78585	0.715492	0.284508	4.262517
31806	-1821.781	-2100.989	279.2085	0.9814972	2.694244	0.888828	0.111172	4.420833
31812	-1821.825	-2100.824	278.9994	1.206226	2.694244	0.929056	0.070944	4.411972
31818	-1804.242	-2083.298	279.0561	1.149601	2.694244	0.788721	0.211279	4.411972
31824	-1816.736	-2096.757	280.0203	1.1453	2.694244	0.863714	0.136286	3.865932
31830	-1831.489	-2112.802	281.3133	1.210081	1.647635	0.810065	0.189935	3.417045
31836	-1842.284	-2123.46	281.1757	1.338778	2.602276	0.812358	0.187642	3.103223
31842	-1826.285	-2107.425	281.1396	1.303301	3.162383	0.792495	0.207505	2.998725
31848	-1825.711	-2108.883	283.172	1.542073	2.172414	0.894851	0.105149	1.856323
31854	-1822.124	-2101.663	279.539	1.298489	5.041631	0.754235	0.245765	3.575497
31860	-1818.938	-2099.991	281.0529	1.176991	2.822286	0.916156	0.0838442	3.212074
31866	-1809.71	-2091.71	281.9999	1.367093	2.822286	0.918402	0.0815979	2.522703
31872	-1823.638	-2102.815	279.1763	1.051587	3.383699	0.878974	0.121026	4.234976
31878	-1821.458	-2101.923	280.4645	1.204466	1.949307	0.839419	0.160581	3.801184
31884	-1825.889	-2105.191	279.3018	1.096169	3.057701	0.804578	0.195422	4.21274
31890	-1818.887	-2099.196	280.309	1.198999	1.867822	0.784146	0.215854	3.92214
31896	-1817.412	-2097.564	280.1517	1.084014	3.151884	0.692231	0.307769	3.711049
31902	-1818.737	-2098.61	279.8728	1.142579	3.151884	0.796177	0.203823	3.837997
31908	-1819.076	-2097.814	278.7375	1.174455	5.199137	0.786746	0.213254	4.082915
31914	-1837.273	-2117.157	279.884	1.041283	2.666181	0.868376	0.131624	4.011063
31920	-1824.73	-2101.966	277.236	1.092853	3.184475	0.788364	0.211636	5.33976
31926	-1834.611	-2115.304	280.6931	1.113345	2.141976	0.827504	0.172496	3.657667
31932	-1828.932	-2109.025	280.0936	1.168043	3.317704	0.796742	0.203258	3.657667
31938	-1832.879	-2111.981	279.1013	1.337097	2.685004	0.621816	0.378184	4.282929
31944	-1829.319	-2108.448	279.129	1.217943	2.936759	0.706229	0.293771	4.270827
31950	-1826.393	-2105.417	279.0241	1.411723	3.543769	0.689917	0.310083	4.082401
31956	-1830.086	-2108.914	278.8279	1.177292	4.471213	0.956549	0.0434511	4.149476
31962	-1815.361	-2094.648	279.2872	1.228761	3.042065	0.840916	0.159084	4.149476
31968	-1811.232	-2091.73	280.4982	1.432469	2.82484	0.807313	0.192687	3.387703
31974	-1810.223	-2089.325	279.1017	1.087529	2.82484	0.71343	0.28657	4.387783
31980	-1813.887	-2092.701	278.8143	1.470452	3.877809	0.732524	0.267476	4.100338
31986	-1833.666	-2113.362	279.696	1.232137	4.950961	0.832586	0.167414	3.537539
31992	-1841.837	-2123.259	281.4226	1.203915	1.672977	0.799237	0.200763	3.346461
31998	-1834.303	-2116.079	281.7759	1.341634	1.539406	0.832509	0.167491	3.110984
32004	-1836.751	-2120.173	283.4218	1.563612	1.509412	0.851934	0.148066	1.955875
32010	-1829.416	-2113.083	283.6671	1.577832	1.566109	0.879647	0.120353	1.750071
32016	-1823.957	-2107.644	283.6869	1.690432	1.839314	0.814634	0.185366	1.523532
32022	-1823.472	-2106.843	283.3705	1.690432	2.401931	0.824544	0.175456	1.523532
32028	-1829.533	-2113.053	283.5193	1.590545	1.873805	0.645525	0.354475	1.701934
32034	-1828.692	-2110.823	282.131	1.550734	2.914699	0.814583	0.185417	2.298457
32040	-1819.893	-2101.635	281.7421	1.3643	2.776549	0.72995	0.27005	2.696635
32046	-1822.561	-2103.944	281.383	1.376294	3.634418	0.883238	0.116762	2.696635
32052	-1832.97	-2116.092	283.122	1.716144	2.13615	0.907673	0.0923271	1.784608
32058	-1830.038	-2112.755	282.717	1.561153	3.348436	0.902488	0.0975116	1.784608
32064	-1813.707	-2095.898	282.1901	1.380474	2.924308	0.837392	0.162608	2.366559
32070	-1829.552	-2111.2	281.6487	1.427652	2.924308	0.878881	0.121119	2.674906
32076	-1825.744	-2107.974	282.2298	1.391432	3.212581	0.770172	0.229828	2.257445
32082	-1825.769	-2107.726	281.9563	1.554909	2.337708	0.839561	0.160439	2.577831
32088	-1816.857	-2097.081	280.2241	1.256842	3.69526	0.824602	0.175398	3.447663
32094	-1820.635	-2101.538	280.902	1.344111	4.143603	0.846553	0.153447	2.902166
32100	-1805.858	-2086.478	280.6205	1.400162	2.761511	0.828578	0.171422	3.351591
32106	-1808.375	-2089.008	280.6332	1.284241	2.996582	0.810385	0.189615	3.351591
32112	-1813.118	-2092.425	279.3074	1.125188	4.051675	0.845091	0.154909	3.98233
32118	-1807.293	-2086.93	279.6368	1.20672	2.96125	0.905661	0.0943388	3.98233
32124	-1807.989	-2088.158	280.1696	1.269527	2.681972	0.798233	0.201767	3.711682
32130	-1806.666	-2087.143	280.4776	1.095693	2.346127	0.874168	0.125832	3.729197
32136	-1811.553	-2091.949	280.3965	1.301879	3.445255	0.827274	0.172726	3.374371
32142	-1805.399	-2084.985	279.5855	1.035149	3.285867	0.687819	0.312181	4.03329
32148	-1802.79	-2082.564	279.7741	1.038297	2.509739	0.908424	0.0915761	4.118064
32154	-1812.447	-2091.876	279.4284	1.185165	2.94261	0.889226	0.110774	4.118064
32160	-1815.27	-2094.583	279.3132	1.229125	2.94261	0.718669	0.281331	4.158568
32166	-1807.434	-2088.368	280.9337	1.390763	3.4428	0.783064	0.216936	3.003587
32172	-1828.001	-2108.135	280.1344	1.316613	2.884833	0.985012	0.0149877	3.651811
32178	-1819.321	-2100.361	281.0405	1.256857	2.362804	0.769802	0.230198	3.302065
32184	-1815.362	-2095.092	279.7301	1.14945	2.205189	0.860648	0.139352	4.169213
32190	-1824.9	-2102.926	278.0259	1.045337	4.217266	0.798364	0.201636	4.720947
32196	-1824.902	-2105.635	280.7331	1.115368	2.794511	0.950252	0.0497483	3.443838
32202	-1818.982	-2099.079	280.0976	1.109317	3.3949	0.874492	0.125508	3.672022
32208	-1814.298	-2095.363	281.0651	1.223192	2.151324	0.852941	0.147059	3.373715
32214	-1815.825	-2097.321	281.4963	1.345892	2.106044	0.80661	0.19339	3.060761
32220	-1825.386	-2106.727	281.3406	1.345892	2.106044	0.866133	0.133867	3.153514
32226	-1821.679	-2101.27	279.5911	1.186229	2.194593	0.820682	0.179318	4.230475
32232	-1805.04	-2087.186	282.1457	1.373348	3.203002	0.910645	0.0893552	2.325218
32238	-1823.929	-2105.665	281.7362	1.452021	3.729705	0.774621	0.225379	2.408513
32244	-1818.968	-2100.122	281.1542	1.27563	3.308629	0.89942	0.10058	2.971458
32250	-1827.893	-2107.532	279.6386	1.214242	2.339268	0.848861	0.151139	4.143926
32256	-1824.788	-2104.253	279.4651	1.136045	2.866712	0.860049	0.139951	4.143926
32262	-1829.231	-2109.512	280.2814	1.217563	2.888327	0.921409	0.0785913	3.623135
32268	-1834.659	-2114.872	280.213	1.248734	3.143753	0.641839	0.358161	3.581974
32274	-1810.356	-2091.168	280.812	1.371697	3.597471	0.63165	0.36835	3.053316
32280	-1806.684	-2088.894	282.2104	1.468004	3.597471	0.950138	0.049862	2.124678
32286	-1803.122	-2084.804	281.6819	1.378621	2.781121	0.838262	0.161738	2.723446
32292	-1799.947	-2082.942	282.995	1.398031	2.212906	0.982548	0.0174524	2.057189
32298	-1798.016	-2079.28	281.2647	1.042455	2.327284	0.885969	0.114031	3.307089
32304	-1799.44	-2080.87	281.4294	1.160653	3.20236	0.906448	0.0935519	2.900361
32310	-1804.382	-2085.767	281.3857	1.159936	1.651849	0.849852	0.150148	3.402312
32316	-1807.947	-2089.223	281.2757	1.246111	2.749113	0.958409	0.0415907	3.058003
32322	-1822.579	-2103.178	280.5988	1.35263	2.589419	0.949201	0.0507987	3.439185
32328	-1838.476	-2116.183	277.7067	1.066244	3.115838	0.968783	0.031217	5.109724
32334	-1834.536	-2113.198	278.662	1.185452	4.206338	0.81705	0.18295	4.286327
32340	-1830.694	-2110.642	279.9481	1.081003	3.206719	0.841709	0.158291	3.817309
32346	-1832.818	-2110.094	277.2759	0.9820916	2.300877	0.865135	0.134865	5.602111
32352	-1818.106	-2095.423	277.317	1.145632	3.465466	0.782384	0.217616	5.205139
32358	-1826.782	-2106.858	280.0761	1.12045	2.392722	0.88467	0.11533	3.932136
32364	-1818.868	-2098.554	279.6859	1.175266	2.460558	0.925923	0.0740768	4.104154
32370	-1812.327	-2092.072	279.7449	1.116289	2.460558	0.966617	0.0333826	4.104154
32376	-1819.192	-2098.941	279.7489	1.116289	2.097955	0.931156	0.0688437	4.211091
32382	-1811.587	-2091.532	279.9446	1.236668	2.488643	0.857497	0.142503	3.91335
32388	-1807.515	-2087.608	280.0936	1.210877	3.112337	0.768531	0.231469	3.680667
32394	-1826.148	-2107.566	281.4177	1.284191	3.25512	0.820934	0.179066	2.819842
32400	-1817.071	-2099.763	282.6917	1.54481	3.25512	0.871191	0.128809	1.838683
32406	-1827.211	-2109.591	282.3798	1.407603	2.850965	0.874769	0.125231	2.248616
32412	-1808.393	-2090.808	282.4159	1.513726	2.850965	0.950099	0.0499008	2.156605
32418	-1818.274	-2100.266	281.9919	1.674237	2.850965	0.910498	0.0895015	2.326246
32424	-1819.606	-2101.802	282.1953	1.594227	3.458153	0.78948	0.21052	2.085806
32430	-1821.66	-2103.413	281.7523	1.619688	2.9372	0.903267	0.0967327	2.488071
32436	-1810.901	-2092.714	281.8125	1.430917	3.073249	0.830746	0.169254	2.532273
32442	-1811.131	-2092.756	281.6253	1.428725	3.43437	0.825356	0.174644	2.560642
32448	-1814.184	-2096.354	282.1702	1.368527	2.228495	0.884667	0.115333	2.596523
32454	-1800.172	-2079.154	278.9822	1.224858	3.032676	0.838078	0.161922	4.326851
32460	-1821.995	-2101.182	279.1867	1.140648	2.860529	0.751427	0.248573	4.300787
32466	-1831.165	-2110.565	279.4006	1.129276	2.860529	0.855766	0.144234	4.186007
32472	-1820.188	-2099.507	279.3185	1.141573	2.853532	0.678491	0.321509	4.227355
32478	-1829.644	-2109.223	279.5786	1.107497	2.750974	0.771762	0.228238	4.125105
32484	-1831.63	-2111.055	279.4245	1.06826	2.67706	0.762404	0.237596	4.254205
32490	-1822.523	-2102.723	280.1995	1.035738	2.99181	0.789776	0.210224	3.749817
32496	-1827.647	-2107.67	280.0226	1.246881	3.490674	0.886328	0.113672	3.614649
32502	-1838.781	-2118.44	279.6591	1.08671	2.399502	0.937891	0.062109	4.187197
32508	-1823.491	-2103.53	280.0383	1.176583	2.444873	0.786509	0.213491	3.906556
32514	-1828.216	-2107.939	279.7229	1.184315	2.565765	0.917645	0.0823552	4.048563
32520	-1808.428	-2087.711	279.2829	1.184315	2.565765	0.902077	0.0979234	4.298518
32526	-1812.097	-2091.559	279.4622	1.033159	2.704789	0.760166	0.239834	4.245447
32532	-1837.827	-2118.46	280.6331	1.377588	3.583948	0.974316	0.0256836	3.159352
32538	-1830.97	-2111.853	280.8827	1.40517	2.892136	0.932935	0.0670653	3.159352
32544	-1824.597	-2104.95	280.3532	1.396287	3.591729	0.741385	0.258615	3.312164
32550	-1824.968	-2106.116	281.148	1.30714	3.591729	0.95755	0.0424501	2.891396
32556	-1823.875	-2102.998	279.1223	1.152789	3.834879	0.892984	0.107016	4.114314
32562	-1816.773	-2096.408	279.635	1.152789	3.050682	0.777507	0.222493	3.992477
32568	-1822.728	-2102.12	279.3921	1.177733	3.050682	0.896009	0.103991	4.116756
32574	-1826.796	-2106.497	279.7007	1.782964	3.395001	0.859838	0.140162	3.511191
32580	-1811.327	-2091.933	280.6055	1.176753	2.073465	0.905442	0.0945582	3.693986
32586	-1805.814	-2085.328	279.5134	1.292471	3.30205	0.926916	0.073084	3.923724
32592	-1816.551	-2097.842	281.2904	1.417158	2.682825	0.894871	0.105129	2.96497
32598	-1816.687	-2097.378	280.6904	1.390446	3.249544	0.745866	0.254134	3.193718
32604	-1818.526	-2098.71	280.1835	1.213502	3.249544	0.794448	0.205552	3.594747
32610	-1818.904	-2099.413	280.5088	1.211272	3.249544	0.823456	0.176544	3.406295
32616	-1820.536	-2100.548	280.0122	1.286631	2.239986	0.930543	0.069457	3.919228
32622	-1824.09	-2104.18	280.0902	1.432139	2.639335	0.716464	0.283536	3.675055
32628	-1815.987	-2097.537	281.5497	1.397764	3.286846	0.926435	0.0735647	2.661932
32634	-1814.564	-2096.841	282.2776	1.377347	1.906189	0.86369	0.13631	2.638685
32640	-1836.949	-2117.216	280.267	1.274243	3.753663	0.957239	0.0427611	3.400185
32646	-1817.448	-2098.595	281.1463	1.189711	2.368327	0.701063	0.298937	3.277587
32652	-1817.031	-2097.362	280.331	1.07437	2.51593	0.923864	0.076136	3.776812
32658	-1814.418	-2095.965	281.5474	1.315318	3.668434	0.876235	0.123765	2.625372
32664	-1818.442	-2099.832	281.3902	1.437284	2.930198	0.87277	0.12723	2.825436
32670	-1829.175	-2110.873	281.6974	1.395765	3.132125	0.828696	0.171304	2.610439
32676	-1824.463	-2105.086	280.6225	1.350114	4.241474	0.765119	0.234881	3.047541
32682	-1838.902	-2118.472	279.5704	1.183758	3.273834	0.961692	0.0383081	3.959737
32688	-1823.044	-2102.3	279.2557	1.034056	2.328102	0.869101	0.130899	4.465775
32694	-1810.203	-2090.351	280.1478	1.423656	3.271204	0.771324	0.228676	3.488185
32700	-1807.662	-2087.974	280.3129	1.161425	3.271204	0.729412	0.270588	3.544822
32706	-1826.191	-2108.594	282.4031	1.266398	2.679629	0.745184	0.254816	2.373484
32712	-1815.547	-2097.146	281.599	1.30735	2.679629	0.939265	0.0607346	2.845775
32718	-1815.791	-2097.307	281.5163	1.445709	3.210478	0.788805	0.211195	2.671708
32724	-1802.31	-2083.678	281.3685	1.30669	3.434955	0.832239	0.167761	2.79347
32730	-1800.085	-2080.412	280.3265	1.21142	2.302127	0.810033	0.189967	3.762848
32736	-1798.218	-2078.085	279.8665	1.231325	3.271509	0.751528	0.248472	3.762848
32742	-1796.938	-2077.388	280.4494	1.288159	3.271509	0.842142	0.157858	3.390935
32748	-1808.238	-2087.512	279.2743	1.05941	3.651893	0.8908	0.1092	4.117925
32754	-1811.853	-2091.133	279.2799	1.174641	3.330797	0.878753	0.121247	4.117925
32760	-1815.538	-2094.598	279.0609	1.153778	3.99268	0.839983	0.160017	4.117925
32766	-1812.505	-2092.052	279.5471	1.239689	3.99268	0.608505	0.391495	3.790425
32772	-1813.198	-2093.863	280.6652	1.239689	2.395868	0.979878	0.0201215	3.522077
32778	-1819.664	-2099.084	279.42	1.334655	4.549582	0.917159	0.0828408	3.706326
32784	-1819.317	-2098.558	279.2408	1.334655	2.270478	0.741486	0.258514	4.32166
32790	-1826.497	-2105.699	279.202	1.179073	2.660952	0.940902	0.0590984	4.32166
32796	-1832.148	-2111.992	279.8437	1.188755	3.715206	0.836962	0.163038	3.704226
32802	-1833.421	-2114.684	281.2633	1.276601	2.265685	0.835749	0.164251	3.188734
32808	-1828.678	-2110.197	281.5191	1.240832	1.99548	0.84241	0.15759	3.147716
32814	-1828.92	-2111.696	282.7763	1.600268	2.570987	0.898324	0.101676	1.946457
32820	-1828.702	-2110.306	281.6046	1.48652	3.459604	0.831556	0.168444	2.531634
32826	-1819.499	-2100.642	281.1434	1.375236	3.243402	0.806686	0.193314	2.933558
32832	-1815.59	-2096.63	281.0392	1.496735	3.200208	0.740763	0.259237	2.933558
32838	-1813.604	-2094.583	280.979	1.412365	2.675379	0.806298	0.193702	3.155971
32844	-1823.66	-2104.046	280.3854	1.295426	3.459131	0.843867	0.156133	3.381564
32850	-1818.194	-2098.486	280.2911	1.12039	2.635285	0.962408	0.0375919	3.740267
32856	-1812.033	-2093.658	281.6242	1.288009	1.855792	0.961831	0.0381692	3.107321
32862	-1826.673	-2107.852	281.1795	1.459891	3.310962	0.867443	0.132557	2.844357
32868	-1817.569	-2098.982	281.413	1.481464	2.710339	0.740005	0.259995	2.844357
32874	-1819.528	-2101.538	282.0099	1.545757	3.383965	0.907306	0.0926941	2.256208
32880	-1821.585	-2102.149	280.5639	1.384342	3.23227	0.928659	0.0713413	3.276175
32886	-1827.177	-2108.651	281.4747	1.723958	3.604718	0.855897	0.144103	2.430398
32892	-1834.117	-2116.037	281.92	1.606009	4.22606	0.805442	0.194558	2.083032
32898	-1814.896	-2097.543	282.6469	1.998884	3.374633	0.854292	0.145708	1.513229
32904	-1814.655	-2096.532	281.8766	1.923709	4.884039	0.883853	0.116147	1.762669
32910	-1813.056	-2095.471	282.4151	1.603872	4.205118	0.860409	0.139591	1.753936
32916	-1832.364	-2115.516	283.1524	1.707196	2.820281	0.941416	0.0585835	1.52525
32922	-1828.213	-2111.992	283.7789	1.875856	2.268523	0.970717	0.0292825	1.097009
32928	-1812.564	-2096.329	283.7654	1.798102	2.214035	0.985634	0.0143661	1.203636
32934	-1797.731	-2081.447	283.7158	1.798102	2.214035	0.975049	0.0249515	1.245542
32940	-1803.356	-2087.153	283.7969	1.809433	2.241195	0.815228	0.184772	1.153694
32946	-1810.267	-2093.638	283.3707	1.903818	3.160812	0.907302	0.092698	1.066177
32952	-1813.098	-2096.97	283.8716	1.962614	2.0059	0.853539	0.146461	1.066177
32958	-1808.466	-2092.4	283.9341	1.945541	2.033632	0.857192	0.142808	1.00675
32964	-1806.301	-2090.19	283.8889	1.931843	1.781543	0.761248	0.238752	1.201356
32970	-1815.538	-2098.905	283.3671	1.931843	2.753286	0.907018	0.092982	1.201356
32976	-1812.579	-2096.52	283.9407	1.724991	2.036184	0.948635	0.0513651	1.201356
32982	-1815.724	-2098.916	283.1918	1.724991	2.493597	0.943758	0.0562422	1.595869
32988	-1810.438	-2093.745	283.3069	1.627829	2.329696	0.877005	0.122995	1.642877
32994	-1825.697	-2107.937	282.2405	1.554295	2.265597	0.753165	0.246835	2.424207
33000	-1821.309	-2103.142	281.8333	1.367398	2.852197	0.945686	0.0543138	2.617702
33006	-1796.547	-2078.575	282.0276	1.295611	2.585778	0.923593	0.076407	2.617702
33012	-1795.525	-2075.826	280.3009	1.150331	2.102302	0.921276	0.0787243	3.875285
33018	-1813.597	-2092.685	279.0881	1.247788	4.211485	0.806108	0.193892	4.007655
33024	-1812.288	-2093.235	280.9472	1.329181	4.487127	0.856362	0.143638	2.817927
33030	-1828.636	-2109.852	281.2157	1.329181	2.807101	0.872538	0.127462	3.028543
33036	-1809.511	-2090.639	281.1284	1.324743	2.833242	0.762156	0.237844	3.076386
33042	-1809.078	-2089.738	280.6594	1.346815	2.833242	0.926733	0.0732668	3.341149
33048	-1809.842	-2090.949	281.107	1.152769	2.976916	0.92133	0.0786698	3.154244
33054	-1814.352	-2095.264	280.9113	1.497412	4.81416	0.76756	0.23244	2.677521
33060	-1821.699	-2103.563	281.8642	1.690663	2.832962	0.778769	0.221231	2.401849
33066	-1832.644	-2113.816	281.1717	1.365666	4.8638	0.735682	0.264318	2.589292
33072	-1836.726	-2118.347	281.6208	1.384943	5.016197	0.793964	0.206036	2.267064
33078	-1836.649	-2116.939	280.29	1.358605	3.231956	0.737884	0.262116	3.452286
33084	-1825.951	-2107.473	281.5215	1.298047	2.158586	0.913514	0.0864858	3.056767
33090	-1819.988	-2100.061	280.0727	1.303831	3.738063	0.731379	0.268621	3.499713
33096	-1842.06	-2121.783	279.7228	1.354892	3.738063	0.930516	0.0694843	3.673347
33102	-1838.334	-2120.382	282.0481	1.642701	3.129706	0.822106	0.177894	2.234354
33108	-1826.414	-2108.158	281.7441	1.39486	4.132243	0.808749	0.191251	2.35269
33114	-1821.799	-2103.513	281.7147	1.310471	3.328371	0.979346	0.0206539	2.603923
33120	-1812.219	-2095.02	282.8011	1.740769	3.720711	0.869236	0.130764	1.494829
33126	-1813.715	-2097.424	283.7092	1.740769	2.563557	0.904104	0.0958964	1.14722
33132	-1816.505	-2098.437	281.9315	1.329939	2.935993	0.828858	0.171142	2.557335
33138	-1835.013	-2114.905	279.8919	1.455128	4.77052	0.89414	0.10586	3.322678
33144	-1821.024	-2100.715	279.6913	1.312446	4.834013	0.900144	0.0998563	3.512945
33150	-1826.653	-2106.564	279.9115	1.388197	2.997254	0.790249	0.209751	3.711274
33156	-1833.671	-2115.625	281.954	1.265406	1.928428	0.852905	0.147095	2.896316
33162	-1821.714	-2101.294	279.58	1.146585	3.15781	0.906423	0.0935772	4.002139
33168	-1812.109	-2091.2	279.0911	1.278795	3.15781	0.805557	0.194443	4.205218
33174	-1814.245	-2094.657	280.4129	1.172109	3.099978	0.889071	0.110929	3.520725
33180	-1823.422	-2105.274	281.8524	1.495317	3.575473	0.894396	0.105604	2.342919
33186	-1824.933	-2105.382	280.4493	1.40546	2.671003	0.892375	0.107625	3.473189
33192	-1809.921	-2090.448	280.5262	1.225605	2.899342	0.904367	0.0956326	3.473189
33198	-1809.768	-2090.556	280.7885	1.18496	2.425927	0.856919	0.143081	3.473189
33204	-1806.336	-2087.685	281.3487	1.283903	3.553516	0.833618	0.166382	2.792276
33210	-1809.698	-2090.415	280.7171	1.423767	3.237862	0.822603	0.177397	3.16084
33216	-1801.042	-2082.909	281.8663	1.674299	4.23261	0.788262	0.211738	2.072055
33222	-1819.438	-2100.507	281.0693	1.390135	4.23261	0.819125	0.180875	2.75507
33228	-1818.528	-2099.244	280.7156	1.532731	4.657844	0.920271	0.0797293	2.803693
33234	-1837.516	-2119.492	281.9758	1.62667	3.338706	0.872281	0.127719	2.237384
33240	-1836.73	-2116.029	279.2993	1.285612	4.327046	0.830933	0.169067	3.843807
33246	-1815.7	-2097.474	281.7743	1.245679	2.911497	0.964468	0.0355318	2.71289
33252	-1810.438	-2092.806	282.3678	1.660681	3.315312	0.8549	0.1451	1.963744
33258	-1837.166	-2119.719	282.5526	1.660681	2.044298	0.794914	0.205086	2.235795
33264	-1823.928	-2105.73	281.8014	1.762872	4.225316	0.899811	0.100189	2.057948
33270	-1851.029	-2129.931	278.9016	1.071213	3.009198	0.973686	0.0263144	4.464582
33276	-1835.791	-2115.213	279.4225	0.9660363	3.141453	0.790196	0.209804	4.198468
33282	-1830.45	-2109.848	279.3978	1.099596	2.884318	0.870848	0.129152	4.198468
33288	-1832.157	-2111.823	279.666	1.099596	2.884318	0.961915	0.0380853	4.045876
33294	-1840.897	-2117.841	276.9436	1.026917	3.400509	0.779407	0.220593	5.490251
33300	-1839.072	-2119.357	280.2848	1.208288	2.489248	0.863815	0.136185	3.733768
33306	-1839.602	-2120.527	280.9247	1.391808	3.469549	0.838021	0.161979	3.002281
33312	-1849.675	-2130.362	280.6871	1.59192	3.569892	0.719908	0.280092	3.002281
33318	-1837.429	-2117.453	280.0238	1.423959	3.72173	0.822816	0.177184	3.461548
33324	-1826.126	-2105.981	279.8546	1.133196	2.978271	0.752155	0.247845	3.895481
33330	-1822.064	-2102.621	280.5567	1.501546	3.047377	0.93386	0.0661403	3.255994
33336	-1837.012	-2119.101	282.0897	1.491252	3.87315	0.951828	0.0481716	2.124189
33342	-1822.507	-2104.428	281.9214	1.595701	4.061521	0.949689	0.0503112	2.124189
33348	-1815.438	-2097.398	281.9604	1.489523	3.03978	0.813574	0.186426	2.411627
33354	-1817.236	-2098.066	280.8298	1.469238	3.447361	0.949673	0.050327	3.017819
33360	-1828.581	-2109.351	280.7693	1.393442	2.469331	0.801592	0.198408	3.349592
33366	-1825.639	-2107.624	281.9851	1.515663	4.297858	0.849938	0.150062	2.084579
33372	-1818.985	-2101.434	282.4493	1.587601	2.982208	0.917622	0.0823785	2.048805
33378	-1830.416	-2111.62	281.2031	1.53339	2.621897	0.83956	0.16044	2.964757
33384	-1820.374	-2100.37	279.9956	1.118016	2.707799	0.953403	0.0465969	3.892185
33390	-1820.877	-2101.058	280.1815	1.251808	3.646643	0.710256	0.289744	3.485787
33396	-1814.347	-2093.124	278.7774	1.128505	3.818364	0.926047	0.0739534	4.326991
33402	-1811.714	-2091.276	279.5619	1.121647	2.436551	0.88066	0.11934	4.211929
33408	-1810.902	-2089.679	278.7773	1.246073	3.126643	0.852604	0.147396	4.408449
33414	-1808.985	-2090.003	281.0184	1.352088	3.687299	0.876638	0.123362	2.921557
33420	-1815.329	-2095.739	280.4099	1.363588	3.283866	0.89641	0.10359	3.36697
33426	-1821.212	-2101.625	280.4125	1.303073	3.235947	0.750733	0.249267	3.412156
33432	-1820.042	-2101.091	281.0492	1.35763	3.038115	0.876925	0.123075	3.051117
33438	-1809.366	-2089.106	279.7396	1.115152	2.621907	0.827059	0.172941	4.06321
33444	-1823.183	-2103.314	280.1312	1.122969	2.148888	0.801291	0.198709	3.973253
33450	-1823.379	-2103.45	280.0712	1.182991	2.148888	0.701701	0.298299	3.973253
33456	-1820.126	-2100.933	280.8068	1.146715	4.166157	0.808465	0.191535	3.073501
33462	-1818.697	-2096.974	278.2768	1.069958	4.166157	0.87355	0.12645	4.575864
33468	-1820.568	-2101.023	280.4551	0.9925445	1.094303	0.953535	0.0464649	4.288134
33474	-1820.789	-2100.635	279.8459	0.9367727	1.094303	0.70549	0.29451	4.662464
33480	-1820.157	-2099.16	279.0029	1.045732	2.125776	0.952353	0.0476471	4.662464
33486	-1821.608	-2100.544	278.9359	1.038449	2.261955	0.838823	0.161177	4.662464
33492	-1818.209	-2099.228	281.0196	1.241967	2.261955	0.634381	0.365619	3.354182
33498	-1825.121	-2106.097	280.9761	1.236113	3.331799	0.879946	0.120054	3.096293
33504	-1826.563	-2105.182	278.6186	1.172373	2.83473	0.721914	0.278086	4.609349
33510	-1826.585	-2106.712	280.1267	1.095927	2.038469	0.912169	0.0878308	4.026983
33516	-1814.073	-2093.393	279.3203	1.205516	3.563005	0.919067	0.0809331	4.026983
33522	-1816.958	-2096.945	279.9877	1.239928	2.728797	0.831066	0.168934	3.821151
33528	-1813.493	-2094.878	281.385	1.239928	3.204865	0.949654	0.0503459	2.878679
33534	-1820.103	-2102.135	282.0314	1.297219	3.083673	0.971133	0.0288669	2.476346
33540	-1809.233	-2090.717	281.4841	1.439174	2.892972	0.946526	0.0534742	2.77699
33546	-1823.444	-2104.851	281.4071	1.466334	3.817564	0.82553	0.17447	2.585942
33552	-1813.671	-2095.479	281.8082	1.378769	2.420818	0.821947	0.178053	2.751222
33558	-1816.366	-2097.735	281.3685	1.324312	3.572704	0.927735	0.0722646	2.751222
33564	-1834.04	-2115.75	281.7096	1.484321	3.110836	0.67674	0.32326	2.553429
33570	-1833.815	-2114.802	280.9874	1.493873	3.049177	0.765199	0.234801	3.003798
33576	-1828.389	-2109.188	280.7991	1.379777	3.27208	0.930471	0.0695293	3.130165
33582	-1826.538	-2105.948	279.4104	1.115493	2.984079	0.747984	0.252016	4.157788
33588	-1836.845	-2115.358	278.5127	1.022907	2.984079	0.862826	0.137174	4.715928
33594	-1834.726	-2113.265	278.539	1.231616	2.472528	0.947778	0.0522216	4.715928
33600	-1830.076	-2109.836	279.7599	1.212727	4.197452	0.874744	0.125256	3.643983
33606	-1828.475	-2108.332	279.8563	1.221406	2.541784	0.818342	0.181658	3.957751
33612	-1843.628	-2121.191	277.5632	1.108636	2.630349	0.988239	0.0117611	5.284022
33618	-1822.674	-2101.108	278.434	1.110921	3.317502	0.771194	0.228806	4.634411
33624	-1826.564	-2104.44	277.8764	1.089931	4.357368	0.85601	0.14399	4.754655
33630	-1825.045	-2106.474	281.4285	1.098965	2.50771	0.889975	0.110025	3.122701
33636	-1830.076	-2110.985	280.9086	1.38628	3.296	0.671674	0.328326	3.055348
33642	-1825.076	-2105.74	280.6638	1.416867	2.375471	0.929878	0.070122	3.425487
33648	-1824.372	-2103.82	279.4479	1.189454	3.373322	0.863172	0.136828	4.004223
33654	-1832.785	-2113.66	280.8749	1.325182	2.620583	0.591281	0.408719	3.284458
33660	-1829.627	-2111.104	281.4769	1.316086	3.145463	0.748552	0.251448	2.791298
33666	-1819.925	-2098.463	278.5384	1.136632	2.704202	0.892233	0.107767	4.707375
33672	-1839.889	-2118.811	278.9219	1.338455	2.680444	0.912843	0.0871574	4.384738
33678	-1833.382	-2112.909	279.5274	1.433308	3.455289	0.853114	0.146886	3.800807
33684	-1834.964	-2116.373	281.4091	1.451341	3.269076	0.580779	0.419221	2.719671
33690	-1837.251	-2118.05	280.7985	1.383667	3.91058	0.744997	0.255003	2.98768
33696	-1839.368	-2119.287	279.919	1.278882	2.988458	0.931362	0.0686376	3.772214
33702	-1834.956	-2114.873	279.9179	1.3017	3.02337	0.848782	0.151218	3.751153
33708	-1827.663	-2108.192	280.5292	1.254672	3.201529	0.750507	0.249493	3.380169
33714	-1837.721	-2118.171	280.45	1.339199	3.335543	0.709809	0.290191	3.345853
33720	-1825.476	-2105.887	280.4107	1.413142	5.239799	0.837613	0.162387	2.960792
33726	-1828.987	-2108.615	279.6277	1.39503	3.605897	0.713326	0.286674	3.732712
33732	-1828.594	-2108.173	279.5798	1.286558	3.422224	0.864884	0.135116	3.862301
33738	-1816.798	-2097.195	280.3969	1.265709	2.455933	0.819923	0.180077	3.645296
33744	-1824.162	-2104.162	280.0002	1.222582	3.010512	0.84784	0.15216	3.752425
33750	-1825.164	-2102.833	277.6686	1.156044	3.456018	0.793177	0.206823	5.006437
33756	-1839.346	-2119.488	280.1422	1.413122	3.456018	0.812274	0.187726	3.455808
33762	-1843.02	-2121.425	278.4053	1.149024	3.993244	0.924893	0.0751071	4.491372
33768	-1845.095	-2128.199	283.1034	1.504808	2.522368	0.750705	0.249295	1.80453
33774	-1839.581	-2120.352	280.7704	1.361269	3.506447	0.833604	0.166396	3.104528
33780	-1856.95	-2137.424	280.4741	1.244807	3.016749	0.861247	0.138753	3.462922
33786	-1843.277	-2122.511	279.2338	1.157981	3.016749	0.703554	0.296446	4.22606
33792	-1835.738	-2115.965	280.227	1.3203	3.412956	0.854337	0.145663	3.470078
33798	-1835.246	-2115.641	280.3951	1.400163	3.434331	0.822264	0.177736	3.319857
33804	-1820.645	-2102.316	281.6709	1.578851	2.676329	0.87237	0.12763	2.636678
33810	-1831.598	-2112.373	280.7744	1.192736	3.62993	0.896147	0.103853	3.175261
33816	-1811.716	-2092.195	280.4782	1.332105	2.939905	0.941346	0.058654	3.428664
33822	-1839.308	-2118.019	278.7119	0.8488711	2.017333	0.888679	0.111321	4.969184
33828	-1836.999	-2116.249	279.2497	0.9724344	2.049767	0.932961	0.067039	4.589339
33834	-1826.576	-2105.372	278.7961	0.9258805	2.049767	0.790092	0.209908	4.868969
33840	-1824.858	-2106.504	281.6463	1.329218	2.464091	0.86859	0.13141	2.866691
33846	-1812.636	-2094.279	281.6435	1.310556	2.63216	0.781503	0.218497	2.830334
33852	-1814.899	-2097.238	282.3391	1.274159	1.944244	0.855756	0.144244	2.650218
33858	-1813.146	-2094.544	281.3978	1.251251	2.902009	0.923962	0.076038	2.940752
33864	-1832.834	-2114.154	281.3197	1.176749	3.269103	0.916779	0.0832211	2.940752
33870	-1830.25	-2110.984	280.7341	1.155328	2.546499	0.878564	0.121436	3.487529
33876	-1839.034	-2119.192	280.1586	1.05227	2.546499	0.829329	0.170671	3.880115
33882	-1842.235	-2121.564	279.3293	0.9890266	2.58128	0.726594	0.273406	4.378459
33888	-1834.077	-2113.064	278.9872	1.046448	2.326246	0.827758	0.172242	4.610249
33894	-1835.159	-2113.477	278.3182	0.972239	2.852358	0.661486	0.338514	4.884692
33900	-1825.932	-2104.383	278.4513	1.010212	2.629458	0.896562	0.103438	4.846149
33906	-1833.483	-2112.092	278.6092	1.114274	2.119352	0.926408	0.0735916	4.846149
33912	-1819.873	-2099.533	279.66	1.077418	3.647632	0.712329	0.287671	3.888151
33918	-1833.639	-2112.907	279.2683	1.170467	2.505993	0.827085	0.172915	4.331007
33924	-1831.864	-2111.193	279.3293	1.045778	2.638498	0.813533	0.186467	4.331007
33930	-1826.624	-2105.681	279.0574	1.065051	2.66226	0.740569	0.259431	4.467221
33936	-1834.123	-2114.871	280.7476	1.166936	2.66226	0.841971	0.158029	3.440622
33942	-1842.236	-2124.793	282.5563	1.477482	2.53328	0.902068	0.0979322	2.184671
33948	-1838.319	-2120.617	282.2974	1.257337	2.013111	0.75865	0.24135	2.661167
33954	-1825.401	-2107.328	281.9272	1.349249	2.549682	0.793518	0.206482	2.65729
33960	-1829.228	-2108.977	279.7492	1.272117	3.22176	0.916747	0.0832534	3.818361
33966	-1830.659	-2110.378	279.7195	1.198707	3.48721	0.682775	0.317225	3.818361
33972	-1848.047	-2127.844	279.7975	1.332161	2.856612	0.911561	0.088439	3.844399
33978	-1843.239	-2123.564	280.325	1.281826	3.298653	0.721011	0.278989	3.461181
33984	-1833.32	-2112.945	279.625	1.162604	2.299941	0.691147	0.308853	4.19265
33990	-1843.3	-2122.001	278.7009	1.119765	3.127124	0.86129	0.13871	4.52249
33996	-1831.692	-2112.326	280.6347	1.351579	2.460548	0.712501	0.287499	3.455588
34002	-1838.528	-2118.656	280.1278	1.299879	2.698884	0.771213	0.228787	3.71374
34008	-1834.301	-2114.556	280.2547	1.200434	2.640131	0.882469	0.117531	3.71374
34014	-1840.058	-2119.518	279.4603	1.081497	3.659653	0.890727	0.109273	3.997675
34020	-1836.543	-2115.257	278.7135	1.081497	2.644553	0.875367	0.124633	4.655791
34026	-1815.39	-2095.269	279.8788	1.144761	3.186739	0.827722	0.172278	3.825142
34032	-1815.474	-2095.09	279.6161	1.057065	1.93314	0.85998	0.14002	4.374123
34038	-1812.038	-2093.138	281.0999	1.28941	3.188398	0.642957	0.357043	3.024515
34044	-1820.047	-2100.859	280.8123	1.27211	2.686173	0.887856	0.112144	3.334489
34050	-1825.469	-2104.883	279.4132	1.187971	2.686173	0.839309	0.160691	4.190303
34056	-1828.641	-2108.922	280.2808	1.160243	3.330452	0.812987	0.187013	3.55061
34062	-1833.333	-2115.125	281.7919	1.342268	1.881538	0.699825	0.300175	2.96495
34068	-1825.944	-2107.108	281.1643	1.407868	2.918637	0.906127	0.0938727	2.98264
34074	-1837.988	-2117.732	279.7443	1.148777	3.240205	0.756897	0.243103	3.887784
34080	-1820.044	-2100.886	280.8428	1.577437	3.778684	0.730289	0.269711	2.871805
34086	-1815.064	-2096.099	281.0357	1.370572	3.818377	0.881389	0.118611	2.871805
34092	-1820.459	-2100.768	280.3084	1.181956	2.941675	0.788272	0.211728	3.614691
34098	-1834.438	-2113.526	279.0887	1.017106	1.970037	0.944018	0.0559817	4.680631
34104	-1833.504	-2113.523	280.0194	1.092276	2.574222	0.812744	0.187256	3.929367
34110	-1834.436	-2110.358	275.9227	0.9638974	2.100135	0.695729	0.304271	6.409795
34116	-1823.119	-2101.298	278.1785	1.147494	2.236808	0.893747	0.106253	5.031402
34122	-1821.25	-2102.4	281.1498	1.235195	1.746644	0.847635	0.152365	3.459367
34128	-1813.373	-2093.653	280.2793	1.204711	3.631385	0.821171	0.178829	3.459367
34134	-1809.023	-2088.815	279.7926	1.193034	2.62226	0.859039	0.140961	3.988345
34140	-1807.26	-2086.24	278.9805	1.163809	3.615227	0.77522	0.22478	4.233116
34146	-1806.907	-2087.726	280.8181	1.341022	4.423225	0.947791	0.0522091	2.90093
34152	-1802.55	-2084.108	281.5583	1.370832	2.779795	0.897701	0.102299	2.80402
34158	-1815.016	-2095.117	280.1012	1.100679	2.556714	0.970506	0.0294944	3.882482
34164	-1824.247	-2105.118	280.8705	1.243077	2.556714	0.865555	0.134445	3.353328
34170	-1823.646	-2104.064	280.4176	1.258024	2.556714	0.840718	0.159282	3.609095
34176	-1825.292	-2103.579	278.2865	1.052303	4.247718	0.919616	0.0803836	4.565542
34182	-1811.528	-2091.082	279.5539	1.286529	2.240428	0.946014	0.0539856	4.180613
34188	-1801.383	-2080.558	279.175	1.114551	3.473235	0.868109	0.131891	4.180613
34194	-1817.453	-2096.34	278.8871	0.9572822	2.251452	0.942023	0.057977	4.738269
34200	-1828.228	-2107.591	279.363	1.06812	2.185405	0.854657	0.145343	4.429018
34206	-1817.177	-2097.174	279.9968	1.16229	2.816283	0.82002	0.17998	3.83779
34212	-1814.567	-2095.385	280.818	1.082279	2.472092	0.976604	0.0233958	3.502472
34218	-1829.263	-2109.968	280.7051	1.158109	2.547625	0.912381	0.0876193	3.502472
34224	-1819.282	-2098.463	279.1812	1.075641	1.975051	0.873853	0.126147	4.594322
34230	-1811.491	-2091.817	280.326	1.062573	2.428095	0.89287	0.10713	3.811612
34236	-1807.769	-2088.949	281.1809	1.271155	2.952935	0.845205	0.154795	3.045778
34242	-1815.277	-2096.712	281.4345	1.147442	2.952935	0.957878	0.0421217	2.967847
34248	-1833.506	-2114.526	281.0199	1.291999	2.900689	0.930108	0.0698924	3.142836
34254	-1816.179	-2096.418	280.2393	1.291999	2.900689	0.938184	0.0618157	3.601218
34260	-1824.501	-2104.591	280.0901	1.121408	2.900689	0.958647	0.0413533	3.786167
34266	-1834.654	-2117.209	282.5548	1.597376	2.641987	0.89771	0.10229	2.073362
34272	-1818.946	-2101.138	282.1928	1.622942	2.789295	0.910617	0.0893828	2.248145
34278	-1808.294	-2089.846	281.5525	1.598482	2.964826	0.964573	0.0354267	2.618113
34284	-1826.811	-2109.871	283.0594	1.534534	2.964826	0.799363	0.200637	1.672594
34290	-1823.818	-2105.743	281.925	1.707066	2.910856	0.968915	0.0310851	2.331158
34296	-1810.249	-2091.587	281.3376	1.189232	2.910856	0.903756	0.0962444	3.011895
34302	-1810.337	-2090.945	280.6078	1.458327	4.13646	0.905267	0.0947332	3.011895
34308	-1811.468	-2093.96	282.4915	1.433298	1.739675	0.860551	0.139449	2.536617
34314	-1821.732	-2103.906	282.1738	1.397523	2.02574	0.886864	0.113136	2.646454
34320	-1824.27	-2105.139	280.8694	1.276894	3.109009	0.752476	0.247524	3.188664
34326	-1844.119	-2124.827	280.708	1.297868	3.65542	0.822472	0.177528	3.146733
34332	-1844.903	-2125.967	281.0639	1.511207	3.208861	0.783966	0.216034	2.907853
34338	-1825.317	-2107.939	282.6221	1.456685	2.26084	0.891667	0.108333	2.245133
34344	-1829.92	-2111.915	281.9957	1.514869	2.778568	0.94701	0.0529898	2.445115
34350	-1836.495	-2118.137	281.6427	1.389185	2.232077	0.889816	0.110184	2.905108
34356	-1831.983	-2113.001	281.0185	1.446215	3.349807	0.898232	0.101768	2.940813
34362	-1848.977	-2129.482	280.5056	1.181884	3.182227	0.902827	0.0971732	3.441238
34368	-1841.109	-2119.493	278.3841	0.8634522	2.576646	0.919628	0.0803718	4.979232
34374	-1830.056	-2109.952	279.8967	1.311379	2.584719	0.645553	0.354447	3.871147
34380	-1817.102	-2097.154	280.052	1.159036	2.578596	0.926342	0.0736584	3.871147
34386	-1838.568	-2118.924	280.3568	1.267309	3.280128	0.851672	0.148328	3.455384
34392	-1830.602	-2110.766	280.1634	1.385145	2.984975	0.902526	0.0974737	3.570059
34398	-1810.818	-2089.904	279.0865	1.126267	2.984975	0.930396	0.0696043	4.335063
34404	-1834.775	-2114.858	280.0826	1.236604	2.984975	0.751404	0.248596	3.703047
34410	-1824.022	-2105.438	281.416	1.491725	2.67814	0.914589	0.0854112	2.845373
34416	-1819.469	-2101.329	281.8598	1.24713	2.166924	0.771101	0.228899	2.881199
34422	-1811.121	-2090.199	279.0786	1.018858	3.82922	0.901382	0.0986177	4.216362
34428	-1813.432	-2092.628	279.1966	1.178463	3.905065	0.858868	0.141132	4.043498
34434	-1813.626	-2093.359	279.7332	1.233335	3.766531	0.811593	0.188407	3.731781
34440	-1811.46	-2089.882	278.4215	1.053565	2.646932	0.893167	0.106833	4.833958
34446	-1814.29	-2093.466	279.1758	1.141803	3.639831	0.768272	0.231728	4.129574
34452	-1821.779	-2101.98	280.2003	1.194831	2.594491	0.853426	0.146574	3.760878
34458	-1838.331	-2119.235	280.9044	1.098259	2.232538	0.873442	0.126558	3.514891
34464	-1850.095	-2129.457	279.3619	1.150951	4.088621	0.847571	0.152429	3.929339
34470	-1834.342	-2114.346	280.0038	1.145119	2.953452	0.791076	0.208924	3.809012
34476	-1834.019	-2114.326	280.3064	1.273662	3.001239	0.891774	0.108226	3.547742
34482	-1838.587	-2118.876	280.2894	1.34792	2.868849	0.895703	0.104297	3.547742
34488	-1825.355	-2106.858	281.5035	1.309224	3.021461	0.791088	0.208912	2.810647
34494	-1828.499	-2109.478	280.9788	1.409341	3.108666	0.823019	0.176981	3.044736
34500	-1841.392	-2121.679	280.2875	1.161539	2.42785	0.70005	0.29995	3.77686
34506	-1833.823	-2113.759	279.9354	1.146012	2.948681	0.817068	0.182932	3.84905
34512	-1820.73	-2100.605	279.8744	1.123208	2.136	0.855126	0.144874	4.12371
34518	-1824.477	-2103.257	278.7803	1.017135	3.667918	0.867996	0.132004	4.41839
34524	-1830.941	-2111.681	280.7405	1.177555	3.667918	0.76341	0.23659	3.196149
34530	-1836.297	-2117.495	281.1984	1.598398	3.582203	0.865353	0.134647	2.68539
34536	-1823.704	-2105.648	281.9439	1.657155	3.057487	0.901679	0.0983215	2.311094
34542	-1828.68	-2109.015	280.3352	1.218388	3.999788	0.859939	0.140061	3.343019
34548	-1828.813	-2109.935	281.1223	1.289451	2.890063	0.855351	0.144649	3.086167
34554	-1823.193	-2104.268	281.0754	1.288273	2.952318	0.907004	0.0929963	3.098692
34560	-1817.572	-2098.613	281.0409	1.236393	2.519867	0.883902	0.116098	3.26745
34566	-1829.065	-2109.521	280.4564	1.132296	1.576708	0.819876	0.180124	3.986046
34572	-1836.584	-2117.361	280.7763	1.321463	4.366452	0.90932	0.09068	2.948622
34578	-1835.793	-2116.916	281.1233	1.202016	3.125432	0.776479	0.223521	3.078136
34584	-1827.9	-2108.36	280.4602	1.317817	3.24547	0.92723	0.0727705	3.373307
34590	-1834.412	-2115.202	280.7895	1.437643	2.64109	0.803943	0.196057	3.262771
34596	-1822.244	-2103.077	280.8337	1.430345	3.53228	0.871625	0.128375	3.019635
34602	-1834.326	-2114.348	280.0226	1.421953	2.650552	0.987655	0.0123451	3.717036
34608	-1816.548	-2094.502	277.9539	0.9249649	2.650552	0.867268	0.132732	5.164298
34614	-1832.631	-2111.376	278.7449	1.009711	2.28954	0.859377	0.140623	4.777162
34620	-1818.27	-2098.444	280.1743	1.32209	3.946296	0.855388	0.144612	3.387268
34626	-1826.536	-2106.943	280.4069	1.354839	3.946296	0.702255	0.297745	3.230916
34632	-1840.414	-2120.344	279.9302	1.351784	4.077352	0.899674	0.100326	3.48692
34638	-1848.488	-2130.726	282.2383	1.406393	2.357156	0.767913	0.232087	2.488417
34644	-1830.758	-2111.721	280.9626	1.15191	1.709554	0.913535	0.0864648	3.631002
34650	-1833.349	-2110.645	277.2964	1.014787	3.222924	0.803112	0.196888	5.340987
34656	-1823.421	-2103.172	279.7509	1.28181	3.458108	0.76379	0.23621	3.758699
34662	-1840.807	-2120.052	279.245	1.436199	3.458108	0.893922	0.106078	3.960638
34668	-1833.447	-2115.366	281.9194	1.417289	3.159675	0.924187	0.0758133	2.451682
34674	-1829.442	-2110.789	281.3465	1.433531	2.738585	0.652055	0.347945	2.905804
34680	-1853.099	-2133.171	280.0722	1.235105	4.28749	0.975294	0.0247065	3.43229
34686	-1852.251	-2132.65	280.3995	1.33486	3.459865	0.910242	0.0897581	3.349974
34692	-1834.012	-2113.804	279.7923	1.099319	2.849278	0.676417	0.323583	3.982696
34698	-1847.542	-2126.576	279.0341	0.9553764	2.722018	0.78364	0.21636	4.526467
34704	-1833.583	-2112.617	279.0345	0.9721055	2.533547	0.984903	0.0150972	4.566867
34710	-1829.985	-2110.625	280.6395	1.135251	2.392432	0.891327	0.108673	3.598839
34716	-1820.9	-2101.506	280.6065	1.166539	2.252727	0.886377	0.113623	3.642051
34722	-1824.422	-2105.053	280.6309	1.281866	3.695722	0.839857	0.160143	3.193359
34728	-1822.46	-2103.377	280.9171	1.1939	3.175911	0.90465	0.0953496	3.193359
34734	-1817.151	-2098.802	281.6512	1.225872	2.609723	0.942863	0.057137	2.88344
34740	-1815.258	-2095.014	279.7565	1.261964	3.238565	0.813618	0.186382	3.8161
34746	-1812.399	-2092.434	280.0349	1.233784	3.238565	0.821671	0.178329	3.671686
34752	-1833.717	-2114.967	281.2504	1.204751	2.356681	0.894597	0.105403	3.210731
34758	-1835.196	-2115.948	280.7515	1.199988	3.510167	0.846151	0.153849	3.210731
34764	-1838.157	-2118.617	280.4593	1.315563	3.138021	0.770588	0.229412	3.400596
34770	-1836.312	-2117.883	281.5714	1.736228	4.312287	0.937391	0.0626093	2.207485
34776	-1830.205	-2111.71	281.5052	1.640124	3.67587	0.638838	0.361162	2.447717
34782	-1836.672	-2116.962	280.2905	1.369431	3.67587	0.579266	0.420734	3.346822
34788	-1829.651	-2110.327	280.6758	1.447742	3.770949	0.8796	0.1204	3.051936
34794	-1827.991	-2107.886	279.895	1.290537	3.770949	0.868036	0.131964	3.604111
34800	-1826.855	-2107.709	280.8545	1.100536	2.424198	0.82962	0.17038	3.484455
34806	-1824.507	-2104.505	279.9981	1.434016	3.656186	0.577071	0.422929	3.484455
34812	-1839.188	-2121.197	282.0096	1.747209	3.609568	0.92251	0.0774904	2.07029
34818	-1823.691	-2104.631	280.9398	1.550692	3.65615	0.899274	0.100726	2.855799
34824	-1818.221	-2097.869	279.6479	1.342313	3.397991	0.784922	0.215078	3.796429
34830	-1808.715	-2088.816	280.101	1.472181	3.811709	0.787185	0.212815	3.369416
34836	-1811.417	-2090.994	279.5768	1.222502	3.18511	0.827567	0.172433	3.954198
34842	-1811.982	-2092.726	280.7439	1.396915	3.18511	0.764535	0.235465	3.173474
34848	-1830.458	-2110.943	280.4854	1.456227	3.708824	0.9001	0.0998997	3.173474
34854	-1824.768	-2105.173	280.4051	1.397525	3.310868	0.812789	0.187211	3.34365
34860	-1816.624	-2097.764	281.1392	1.578592	3.042775	0.833783	0.166217	2.862838
34866	-1823.425	-2105.378	281.9539	1.721469	3.042775	0.945718	0.0542821	2.267464
34872	-1824.675	-2106.486	281.8109	1.782643	4.04589	0.917768	0.0822318	2.077415
34878	-1826.156	-2108.075	281.9189	1.674724	4.04589	0.885618	0.114382	2.077415
34884	-1823.883	-2105.951	282.0676	1.526012	4.04589	0.854167	0.145833	2.077415
34890	-1828.827	-2108.92	280.0929	1.225138	2.966866	0.841884	0.158116	3.708168
34896	-1821.26	-2102.514	281.2542	1.086779	2.266836	0.830101	0.169899	3.305926
34902	-1829.205	-2108.006	278.8015	0.9700236	2.110963	0.810315	0.189685	4.82194
34908	-1831.911	-2110.631	278.7205	1.0232	3.279955	0.867511	0.132489	4.531148
34914	-1832.558	-2113.659	281.1016	1.249462	2.405983	0.901916	0.098084	3.257383
34920	-1826.156	-2107.295	281.1393	1.227548	2.374936	0.911109	0.0888909	3.257383
34926	-1831.163	-2111.556	280.3927	1.106625	2.064485	0.887048	0.112952	3.859976
34932	-1827.828	-2107.919	280.0908	1.180455	2.508022	0.702569	0.297431	3.856235
34938	-1822.157	-2102.687	280.5302	1.108827	2.377222	0.879775	0.120225	3.681993
34944	-1832.976	-2113.531	280.5547	1.096234	2.354002	0.927164	0.0728355	3.681993
34950	-1826.643	-2106.227	279.5834	1.228869	2.070193	0.787307	0.212693	4.250025
34956	-1811.65	-2090.181	278.531	1.059753	2.413336	0.893374	0.106626	4.832927
34962	-1818.272	-2098.716	280.4432	1.105531	2.635876	0.784442	0.215558	3.660733
34968	-1818.936	-2100.241	281.3059	1.231705	2.690232	0.943665	0.0563353	3.06477
34974	-1813.49	-2094.994	281.5041	1.253439	2.247996	0.941595	0.0584054	3.06477
34980	-1818.032	-2099.121	281.0891	1.283841	3.064649	0.911956	0.088044	3.06477
34986	-1810.553	-2091.539	280.9856	1.262	3.37676	0.824261	0.175739	3.06477
34992	-1808.613	-2088.108	279.4956	0.934549	2.099731	0.776047	0.223953	4.456372
34998	-1819.353	-2099.15	279.7967	1.266678	4.512722	0.80052	0.19948	3.533736
35004	-1823.828	-2103.143	279.3145	1.341737	3.701671	0.931166	0.068834	3.923539
35010	-1816.227	-2095.644	279.4172	1.293114	3.553365	0.897122	0.102878	3.923539
35016	-1819.218	-2100.646	281.4277	1.28462	2.376329	0.771512	0.228488	3.051667
35022	-1812.852	-2094.17	281.3178	1.23603	1.943594	0.760008	0.239992	3.287941
35028	-1829.594	-2110.374	280.7794	1.095047	1.997276	0.831388	0.168612	3.666158
35034	-1825.103	-2105.882	280.7783	1.34337	2.482405	0.897412	0.102588	3.369914
35040	-1833.151	-2116.178	283.0265	1.632579	2.373842	0.875964	0.124036	1.820717
35046	-1825.179	-2106.616	281.4377	1.468287	3.835768	0.871851	0.128149	2.561791
35052	-1821.914	-2103.64	281.7263	1.633922	3.949543	0.882806	0.117194	2.250284
35058	-1834.783	-2116.892	282.1091	1.584883	3.949543	0.728352	0.271648	2.032519
35064	-1837.245	-2119.085	281.84	1.525559	2.295096	0.82802	0.17198	2.681498
35070	-1818.529	-2099.777	281.2483	1.525559	3.662274	0.840938	0.159062	2.681498
35076	-1818.151	-2098.896	280.7447	1.165444	2.961898	0.84126	0.15874	3.364557
35082	-1827.018	-2109.387	282.3689	1.528695	4.652678	0.905013	0.0949873	1.741832
35088	-1829.86	-2113.338	283.4779	1.681257	2.143506	0.960482	0.0395184	1.552319
35094	-1828.314	-2109.777	281.4631	1.494136	7.082221	0.760723	0.239277	1.972252
35100	-1826.594	-2106.772	280.1783	1.418196	4.030806	0.93793	0.0620703	3.311629
35106	-1819.895	-2100.416	280.5209	1.083953	3.524991	0.747555	0.252445	3.411644
35112	-1831.272	-2112.726	281.4542	1.182703	3.014604	0.816573	0.183427	2.918944
35118	-1828.452	-2107.729	279.277	0.9945237	1.78095	0.876421	0.123579	4.653249
35124	-1825.111	-2106.59	281.4795	1.444295	3.665616	0.632893	0.367107	2.588215
35130	-1820.844	-2102.193	281.3498	1.336829	3.062341	0.825773	0.174227	2.876758
35136	-1813.707	-2093.454	279.7469	1.258248	3.79054	0.905371	0.0946289	3.704599
35142	-1825.647	-2105.498	279.8512	1.213758	3.623543	0.801509	0.198491	3.704599
35148	-1828.228	-2108.251	280.0232	1.041696	3.623543	0.820885	0.179115	3.704599
35154	-1818.158	-2099.872	281.7144	1.547016	3.755316	0.854083	0.145917	2.35647
35160	-1824.252	-2104.78	280.528	1.429747	3.958809	0.811115	0.188885	3.112052
35166	-1814.797	-2096.86	282.0634	1.291152	2.636022	0.775287	0.224713	2.583535
35172	-1820.031	-2101.377	281.3455	1.36851	2.628752	0.858691	0.141309	2.976315
35178	-1825.168	-2107.095	281.9263	1.321793	2.620018	0.828169	0.171831	2.654017
35184	-1813.483	-2094.572	281.0891	1.321793	3.095106	0.917129	0.0828707	3.034474
35190	-1820.347	-2101.882	281.535	1.321793	4.200317	0.736038	0.263962	2.516312
35196	-1830.809	-2111.204	280.3953	1.19427	2.582833	0.737331	0.262669	3.6517
35202	-1820.74	-2098.659	277.919	0.9414696	3.623816	0.772911	0.227089	4.95187
35208	-1816.907	-2098.718	281.8109	1.460688	3.623816	0.887634	0.112366	2.379988
35214	-1806.189	-2087.676	281.4869	1.494371	3.623816	0.911456	0.0885437	2.561999
35220	-1811.201	-2093.543	282.3415	1.74577	5.273795	0.835883	0.164117	1.476688
35226	-1817.626	-2101.371	283.7447	1.745119	2.292955	0.912971	0.0870289	1.230425
35232	-1822.195	-2104.875	282.68	1.748741	2.852838	0.802095	0.197905	1.822512
35238	-1827.39	-2109.703	282.3129	1.719678	3.869075	0.926164	0.0738358	1.822512
35244	-1834.603	-2116.709	282.1056	1.719678	4.507413	0.908795	0.0912052	1.822512
35250	-1830.204	-2111.888	281.6841	1.621621	5.218676	0.744695	0.255305	2.035292
35256	-1827.951	-2109.349	281.3979	1.505815	3.322225	0.953558	0.0464416	2.680294
35262	-1827.274	-2107.961	280.6866	1.319347	3.817677	0.791738	0.208262	3.112308
35268	-1832.528	-2112.808	280.2794	1.27052	2.978932	0.889368	0.110632	3.57078
35274	-1822.367	-2102.675	280.3084	1.27052	2.911735	0.664247	0.335753	3.57078
35280	-1834.492	-2113.874	279.3823	1.27052	2.977816	0.833775	0.166225	4.087088
35286	-1826.303	-2106.095	279.7914	1.113215	2.433576	0.944164	0.055836	4.087088
35292	-1827.786	-2108.004	280.2179	1.323661	3.002736	0.767094	0.232906	3.569761
35298	-1827.08	-2107.318	280.2374	1.226504	3.601366	0.951789	0.0482114	3.477526
35304	-1830.398	-2109.975	279.5769	1.064796	3.451319	0.868201	0.131799	3.984697
35310	-1811.77	-2091.532	279.7619	1.143766	2.689552	0.924207	0.0757934	4.016074
35316	-1812.724	-2092.785	280.0606	1.335075	3.83917	0.895451	0.104549	3.467766
35322	-1825.888	-2106.948	281.0608	1.173346	2.725834	0.880087	0.119913	3.235364
35328	-1817.983	-2098.7	280.7171	1.374263	3.051557	0.92149	0.07851	3.235364
35334	-1811.125	-2090.974	279.8489	1.177988	3.087042	0.897608	0.102392	3.846765
35340	-1821.069	-2101.393	280.3236	1.143777	2.222896	0.85408	0.14592	3.827771
35346	-1825.103	-2106.666	281.5632	1.278021	3.98272	0.82394	0.17606	2.570709
35352	-1829.011	-2109.429	280.418	1.372025	3.419479	0.920037	0.0799625	3.326282
35358	-1826.727	-2106.874	280.1476	1.37445	3.584625	0.822339	0.177661	3.447163
35364	-1821.221	-2101.571	280.3491	1.323546	3.077706	0.868145	0.131855	3.475015
35370	-1827.095	-2106.416	279.3202	1.346187	2.945947	0.848964	0.151036	4.087181
35376	-1850.159	-2130.345	280.1858	1.555084	4.089904	0.730699	0.269301	3.214784
35382	-1838.002	-2119.261	281.2595	1.289702	2.16717	0.869924	0.130076	3.214784
35388	-1825.164	-2107.34	282.1761	1.410835	3.370186	0.90204	0.0979596	2.239527
35394	-1829.223	-2110.102	280.8787	1.358411	2.599079	0.74193	0.25807	3.26862
35400	-1830.327	-2110.722	280.3953	1.296848	2.405828	0.878197	0.121803	3.642782
35406	-1839.797	-2120.42	280.6232	1.296848	3.037026	0.926539	0.0734611	3.339978
35412	-1823.164	-2103.327	280.1629	1.204209	3.037026	0.746203	0.253797	3.662585
35418	-1820.977	-2100.081	279.1031	1.210602	3.037026	0.843479	0.156521	4.265432
35424	-1811.403	-2092.091	280.6877	1.255858	2.050049	0.831062	0.168938	3.608298
35430	-1807.871	-2089.194	281.3236	1.342182	3.022279	0.884304	0.115696	2.899521
35436	-1823.036	-2103.987	280.9514	1.41924	2.565128	0.747648	0.252352	3.199299
35442	-1813.867	-2095.253	281.3856	1.401259	3.409055	0.817403	0.182597	2.731351
35448	-1822.27	-2103.543	281.2729	1.213247	3.5248	0.802659	0.197341	2.887629
35406	-1827.082	-2108.529	281.4469	1.251379	2.405828	0.850558	0.149442	3.051067
35412	-1815.679	-2096.485	280.8065	1.549443	2.748848	0.816529	0.183471	3.156925
35418	-1821.977	-2104.072	282.0943	1.62459	2.686188	0.878439	0.121561	2.340189
35424	-1820.038	-2101.88	281.8423	1.533473	2.376221	0.914392	0.0856078	2.64931
35430	-1832.026	-2113.563	281.5366	1.482834	4.647776	0.840948	0.159052	2.326309
35436	-1831.622	-2113.06	281.4385	1.636819	4.463219	0.818559	0.181441	2.326309
35442	-1836.874	-2118.303	281.4285	1.283226	4.479875	0.713986	0.286014	2.551806
35448	-1827.84	-2110.327	282.4865	1.326588	2.598249	0.796921	0.203079	2.306499
35454	-1828.095	-2109.752	281.6574	1.618349	3.829118	0.868093	0.131907	2.330867
35460	-1830.581	-2110.3	279.7191	1.168147	3.829118	0.746058	0.253942	3.764866
35466	-1850.497	-2130.712	280.2147	1.271269	2.343009	0.800328	0.199672	3.78052
35472	-1852.498	-2132.259	279.7612	1.417015	3.749986	0.611405	0.388595	3.612671
35478	-1828.608	-2109.212	280.6049	1.354893	3.308713	0.964114	0.0358865	3.251491
35484	-1808.311	-2089.454	281.1422	1.406477	3.583046	0.881996	0.118004	2.836657
35490	-1824.004	-2104.229	280.2243	1.204902	4.944999	0.796421	0.203579	3.244612
35496	-1817.502	-2097.712	280.2106	1.218619	4.944999	0.797176	0.202824	3.244612
35502	-1821.289	-2102.118	280.8292	1.306357	2.911358	0.94384	0.0561601	3.244612
35508	-1840.548	-2120.879	280.3308	1.352647	4.02389	0.90457	0.0954298	3.261744
35514	-1842.878	-2124.299	281.421	1.26248	2.087929	0.768309	0.231691	3.161381
35520	-1841.803	-2122.968	281.165	1.32083	4.40469	0.873182	0.126818	2.705616
35526	-1843.66	-2125.556	281.896	1.370496	1.993047	0.805281	0.194719	2.844457
35532	-1842.193	-2124.191	281.9983	1.410527	2.623801	0.882971	0.117029	2.553408
35538	-1835.448	-2118.225	282.7768	1.410527	2.068501	0.866342	0.133658	2.243549
35544	-1831.455	-2112.288	280.8328	1.266111	3.545184	0.78509	0.21491	3.115447
35550	-1833.297	-2113.362	280.0652	1.256674	3.801423	0.752332	0.247668	3.518558
35556	-1847.965	-2128.092	280.127	1.104397	3.620533	0.872843	0.127157	3.608843
35562	-1812.578	-2093.902	281.3244	1.315749	3.125897	0.880855	0.119145	2.888897
35568	-1823.308	-2104.402	281.094	1.406372	3.125897	0.885122	0.114878	2.97316
35574	-1805.619	-2085.996	280.3775	1.204628	2.415888	0.868555	0.131445	3.703504
35580	-1808.882	-2089.704	280.8216	1.115277	2.169243	0.879246	0.120754	3.573216
35586	-1813.773	-2093.465	279.6916	1.068551	2.169243	0.898231	0.101769	4.248094
35592	-1797.581	-2077.214	279.6334	1.102223	2.493062	0.932431	0.0675687	4.166381
35598	-1802.683	-2083.749	281.0655	1.234168	3.010909	0.759342	0.240658	3.121938
35604	-1802.625	-2084.171	281.5467	1.249582	2.408673	0.972566	0.0274336	2.99153
35610	-1797.309	-2079.401	282.0917	1.489627	2.861353	0.877637	0.122363	2.377168
35616	-1812.456	-2094.327	281.8709	1.373229	2.348233	0.891115	0.108885	2.738959
35622	-1822.102	-2104.004	281.9015	1.38959	2.806922	0.817223	0.182777	2.574178
35628	-1817.722	-2099.355	281.6325	1.520105	3.755363	0.829779	0.170221	2.425231
35634	-1823.425	-2104.454	281.0298	1.379855	4.484497	0.726117	0.273883	2.737204
35640	-1824.05	-2104.993	280.9428	1.407315	3.627359	0.866782	0.133218	2.946896
35646	-1831.505	-2111.471	279.9662	1.257827	3.372845	0.847756	0.152244	3.66702
35652	-1821.468	-2101.892	280.4248	1.364957	3.582613	0.907178	0.0928217	3.290403
35658	-1807.372	-2087.196	279.8235	1.12458	2.935318	0.77443	0.22557	3.928874
35664	-1816.117	-2095.635	279.5178	1.161958	3.610989	0.87529	0.12471	3.928874
35670	-1805.389	-2087.403	282.0147	1.711028	4.748335	0.892323	0.107677	1.841434
35676	-1825.003	-2105.693	280.6906	1.616347	4.479082	0.712688	0.287312	2.800867
35682	-1812.467	-2093.283	280.8163	1.529568	4.479082	0.804785	0.195215	2.777132
35688	-1827.567	-2107.122	279.5548	1.679871	4.444713	0.709475	0.290525	3.445909
35694	-1816.567	-2096.334	279.7665	1.222866	3.413945	0.856709	0.143291	3.79339
35700	-1844.675	-2122.252	277.5772	1.406293	4.364387	0.825956	0.174044	4.743836
35706	-1825.177	-2105.497	280.3208	1.406293	3.487657	0.872409	0.127591	3.348086
35712	-1813.002	-2093.998	280.9959	1.38942	4.159944	0.898287	0.101713	2.81459
35718	-1814.985	-2094.926	279.9419	1.38942	4.635713	0.928761	0.0712386	3.355306
35724	-1806.261	-2088.39	282.1289	1.517395	3.510827	0.842397	0.157603	2.166503
35730	-1814.178	-2096.385	282.2075	1.772543	3.510827	0.90929	0.0907095	1.945922
35736	-1818.437	-2100.862	282.425	1.8036	3.438013	0.897463	0.102537	1.79507
35742	-1805.531	-2087.655	282.1242	1.501111	4.641334	0.803547	0.196453	1.931276
35748	-1816.959	-2097.911	280.9529	1.564624	2.945051	0.817715	0.182285	3.008606
35754	-1820.658	-2101.03	280.3719	1.495468	2.947638	0.896474	0.103526	3.393295
35760	-1804.836	-2084.504	279.6683	1.344202	3.749994	0.872475	0.127525	3.708602
35766	-1793.643	-2074.746	281.104	1.294604	3.749994	0.910103	0.0898968	2.891061
35772	-1816.951	-2096.413	279.4624	1.14953	2.455826	0.855824	0.144176	4.247074
35778	-1834.235	-2113.819	279.5835	1.113401	2.290062	0.777446	0.222554	4.247074
35784	-1828.045	-2107.24	279.1949	1.080855	2.652489	0.85845	0.14155	4.383413
35790	-1828.746	-2108.72	279.9739	1.192542	2.926186	0.668638	0.331362	3.805757
35796	-1820.604	-2101.622	281.0181	1.344785	2.041841	0.756521	0.243479	3.36626
35802	-1815.337	-2095.204	279.8669	1.30773	3.694609	0.81864	0.18136	3.626198
35808	-1818.567	-2099.873	281.3061	1.282529	2.508569	0.848783	0.151217	3.086024
35814	-1813.336	-2094.102	280.7665	1.313174	2.508569	0.853614	0.146386	3.387008
35820	-1841.401	-2119.692	278.2915	0.9926449	3.21947	0.760784	0.239216	4.801986
35826	-1836.275	-2115.693	279.4175	0.9730408	2.206944	0.787462	0.212538	4.445294
35832	-1832.235	-2112.309	280.0741	1.24936	2.091575	0.710597	0.289403	3.951958
35838	-1825.811	-2105.074	279.263	1.009427	3.472086	0.818239	0.181761	4.190577
35844	-1828.709	-2107.81	279.1009	1.06929	3.901991	0.909107	0.0908925	4.160773
35850	-1816.791	-2096.94	280.1481	0.9732184	1.659008	0.94406	0.0559398	4.219698
35856	-1822.691	-2099.938	277.2463	0.8312841	2.334725	0.949904	0.0500957	5.691426
35862	-1825.01	-2103.904	278.8937	1.15969	1.555493	0.932334	0.0676664	4.860339
35868	-1821.502	-2101.553	280.0505	1.17815	1.555493	0.860382	0.139618	4.199655
35874	-1832.695	-2113.664	280.9697	1.305005	1.532603	0.965834	0.0341658	3.609085
35880	-1828.464	-2108.425	279.9614	1.434091	4.373949	0.873105	0.126895	3.364598
35886	-1832.49	-2115.116	282.6261	1.441719	1.686744	0.925226	0.074774	2.469129
35892	-1830.936	-2113.672	282.7358	1.644858	2.736804	0.891863	0.108137	1.891085
35898	-1846.515	-2128.218	281.703	1.454793	4.679176	0.734224	0.265776	2.231721
35904	-1831.367	-2110.546	279.1783	1.301425	1.916612	0.949996	0.0500039	4.488788
35910	-1825.938	-2108.149	282.2112	1.275667	2.377618	0.945251	0.0547491	2.580135
35916	-1815.804	-2097.711	281.9077	1.335271	2.069802	0.891034	0.108966	2.831786
35922	-1816.172	-2098.141	281.9698	1.335271	3.154857	0.942514	0.0574862	2.472762
35928	-1814.686	-2095.361	280.6754	1.279228	3.039209	0.821457	0.178543	3.319077
35934	-1824.026	-2105.189	281.1634	1.384964	4.813603	0.766872	0.233128	2.59144
35940	-1827.279	-2108.769	281.4903	1.448545	3.306417	0.868866	0.131134	2.662478
35946	-1812.104	-2093.434	281.3299	1.55284	4.13851	0.836564	0.163436	2.512651
35952	-1826.331	-2106.434	280.1036	1.28504	3.090013	0.904006	0.0959939	3.637275
35958	-1837.819	-2118.021	280.2024	1.427327	4.489525	0.776293	0.223707	3.205289
35964	-1818.555	-2097.53	278.9746	1.227256	2.889872	0.936745	0.0632546	4.364444
35970	-1815.659	-2095.775	280.116	1.094952	2.569796	0.94723	0.0527698	3.873634
35976	-1824.892	-2105.008	280.116	1.094952	2.569796	0.895493	0.104507	3.873634
35982	-1829.608	-2109.681	280.073	1.370663	3.18996	0.924759	0.075241	3.581553
35988	-1839.403	-2120.442	281.039	1.372966	4.35261	0.787215	0.212785	2.760811
35994	-1838.587	-2120.607	282.0196	1.277096	1.937162	0.829927	0.170073	2.846348
36000	-1835.763	-2116.955	281.1925	1.179286	2.796947	0.769467	0.230533	3.134582
36006	-1843.548	-2122.971	279.423	1.198824	5.180551	0.881144	0.118856	3.678348
36012	-1828.616	-2108.47	279.8546	1.104526	2.395025	0.909522	0.0904784	4.067146
36018	-1824.567	-2104.207	279.6402	1.20532	4.154592	0.922402	0.077598	3.725564
36024	-1829.22	-2109.43	280.2101	1.342272	4.138433	0.788414	0.211586	3.31665
36030	-1840.75	-2123.034	282.2837	1.355468	1.576702	0.735894	0.264106	2.780731
36036	-1816.05	-2097.277	281.2271	1.490757	4.619276	0.877536	0.122464	2.521627
36042	-1831.594	-2113.449	281.8552	1.484052	3.687093	0.789164	0.210836	2.322463
36048	-1824.902	-2106.602	281.6998	1.500246	3.01532	0.944523	0.0554775	2.574407
36054	-1830.278	-2111.424	281.1461	1.193252	2.921122	0.652253	0.347747	3.121256
36060	-1823.808	-2105.799	281.9913	1.37071	1.852632	0.908497	0.0915027	2.838079
36066	-1829.157	-2110.049	280.8918	1.394908	3.960319	0.818612	0.181388	2.914564
36072	-1827.693	-2108.861	281.1686	1.337815	4.284055	0.927357	0.0726426	2.716258
36078	-1826.257	-2107.663	281.4057	1.495177	3.182146	0.842549	0.157451	2.716258
36084	-1821.315	-2102.467	281.1527	1.333581	3.259661	0.855356	0.144644	2.949149
36090	-1829.502	-2110.421	280.9191	1.342002	2.722944	0.958069	0.0419315	3.220193
36096	-1837.011	-2117.27	280.2595	1.265516	4.195343	0.799421	0.200579	3.321834
36102	-1823.365	-2104.291	280.9266	1.270632	2.282522	0.918811	0.0811889	3.385527
36108	-1829.867	-2111.302	281.4349	1.311098	1.950256	0.823559	0.176441	3.171898
36114	-1820.802	-2101.91	281.1081	1.337926	4.312591	0.712365	0.287635	2.747703
36120	-1817.913	-2098.467	280.5546	1.405947	4.205335	0.873385	0.126615	3.061661
36126	-1820.187	-2100.905	280.7183	1.216675	3.42526	0.889466	0.110534	3.23949
36132	-1807.666	-2086.441	278.7751	1.072312	3.42526	0.833336	0.166664	4.441029
36138	-1812.638	-2092.983	280.3446	1.045299	3.42526	0.930151	0.0698485	3.559096
36144	-1820.365	-2101.13	280.7649	1.233286	2.102744	0.806957	0.193043	3.559096
36150	-1818.563	-2099.432	280.8682	1.166007	2.102744	0.923467	0.0765329	3.538149
36156	-1832.481	-2110.726	278.2444	1.056076	3.777541	0.898468	0.101532	4.6756
36162	-1830.228	-2108.422	278.1934	1.06009	3.912671	0.890719	0.109281	4.6756
36168	-1840.637	-2119.914	279.2768	0.9281581	1.822803	0.748078	0.251922	4.6756
36174	-1832.479	-2111.655	279.1763	0.9693484	1.645758	0.775916	0.224084	4.773719
36180	-1816.498	-2096.983	280.4853	1.396919	3.157995	0.947936	0.0520639	3.332771
36186	-1803.887	-2083.156	279.2689	1.107833	2.603004	0.609773	0.390227	4.339581
36192	-1819.803	-2099.04	279.2368	1.153514	2.297881	0.738497	0.261503	4.418057
36198	-1810.351	-2091.434	281.0836	1.3996	2.76835	0.805745	0.194255	3.07584
36204	-1807.651	-2086.591	278.9402	1.193131	2.938409	0.907847	0.0921535	4.391212
36210	-1814.38	-2094.849	280.4692	1.067087	2.467562	0.89891	0.10109	3.715059
36216	-1808.103	-2087.872	279.7692	1.240025	3.198916	0.70957	0.29043	3.830603
36222	-1823.713	-2104.639	280.9266	1.289928	3.250419	0.802405	0.197595	3.112884
36228	-1842.181	-2122.459	280.2779	1.15498	3.839619	0.812779	0.187221	3.445959
36234	-1811.564	-2093.408	281.8437	1.295751	2.70092	0.875932	0.124068	2.697557
36240	-1819.982	-2101.534	281.5515	1.231535	2.687642	0.94885	0.0511499	2.918123
36246	-1818.923	-2101.086	282.1633	1.514398	2.920807	0.892326	0.107674	2.299314
36252	-1810.714	-2092.61	281.8953	1.532286	3.325248	0.850636	0.149364	2.352566
36258	-1815.293	-2097.775	282.4813	1.532286	2.707275	0.912831	0.0871687	2.144237
36264	-1807.462	-2088.721	281.2587	1.310783	2.819588	0.925284	0.0747159	3.010444
36270	-1813.271	-2093.919	280.6484	1.238043	2.864751	0.668416	0.331584	3.403282
36276	-1810.191	-2091.603	281.4111	1.201174	2.07737	0.704282	0.295718	3.207195
36282	-1826.857	-2106.878	280.0206	1.277482	3.362138	0.905679	0.0943209	3.626506
36288	-1823.012	-2103.654	280.6425	1.127269	2.591335	0.936932	0.0630676	3.544662
36294	-1807.847	-2088.802	280.9547	1.127269	2.718648	0.966079	0.0339213	3.327047
36300	-1820.264	-2102.467	282.2032	1.395605	2.219867	0.850723	0.149277	2.562121
36306	-1818.442	-2101.394	282.9522	1.416838	2.184679	0.896086	0.103914	2.083103
36312	-1840.47	-2121.68	281.2105	1.301228	2.313044	0.766912	0.233088	3.190632
36318	-1823.816	-2103.335	279.519	1.097398	3.48552	0.833382	0.166618	3.991779
36324	-1823.1	-2104.275	281.1749	1.329778	3.399973	0.886259	0.113741	2.904981
36330	-1813.097	-2093.007	279.9103	1.21356	2.644103	0.89944	0.10056	3.903337
36336	-1806.497	-2084.524	278.0269	0.9706648	3.099146	0.912733	0.0872665	4.988913
36342	-1808.224	-2085.787	277.5638	0.9647386	3.81957	0.798037	0.201963	5.097374
36348	-1806.064	-2086.703	280.6386	1.180491	2.033886	0.877676	0.122324	3.685819
36354	-1815.154	-2096.695	281.5411	1.152773	1.740736	0.943681	0.0563186	3.280243
36360	-1824.934	-2104.83	279.8953	1.152773	3.014131	0.71049	0.28951	3.852112
36366	-1836.359	-2116.54	280.1808	1.19613	2.959928	0.906257	0.0937429	3.675823
36372	-1845.401	-2127.486	282.0846	1.493931	2.437596	0.924602	0.0753975	2.504172
36378	-1842.355	-2125.093	282.7384	1.74338	2.386043	0.830448	0.169552	1.937263
36384	-1834.487	-2116.977	282.4901	1.404258	2.455783	0.919886	0.0801145	2.298987
36390	-1835.992	-2119.33	283.3385	1.517204	2.415536	0.957082	0.0429185	1.667949
36396	-1826.691	-2109.698	283.0069	1.520882	2.415536	0.756537	0.243463	1.896007
36402	-1809.815	-2092.009	282.1944	1.511609	2.314518	0.779857	0.220143	2.463861
36408	-1820.053	-2101.09	281.0368	1.280197	4.323439	0.885705	0.114295	2.824196
36414	-1812.636	-2094.504	281.868	1.234948	3.007067	0.885863	0.114137	2.636614
36420	-1819.469	-2101.227	281.7574	1.458106	3.522807	0.843343	0.156657	2.438875
36426	-1809.571	-2090.889	281.3174	1.376991	4.159656	0.914923	0.0850771	2.625301
36432	-1809.855	-2091.397	281.542	1.479776	3.157313	0.850105	0.149895	2.648161
36438	-1824.847	-2106.19	281.3435	1.483337	3.304349	0.775709	0.224291	2.73175
36444	-1809.202	-2090.085	280.8832	1.336471	2.62312	0.823771	0.176229	3.272185
36450	-1824.198	-2104.373	280.1749	1.323015	3.034795	0.710347	0.289653	3.587209
36456	-1831.512	-2111.343	279.8308	1.208441	4.294958	0.79266	0.20734	3.587209
36462	-1812.595	-2092.601	280.0056	1.344748	3.462117	0.808982	0.191018	3.573938
36468	-1808.743	-2090.156	281.4128	1.525318	3.333916	0.80861	0.19139	2.65632
36474	-1834	-2115.972	281.9715	1.463322	2.241658	0.84472	0.15528	2.65632
36480	-1860.364	-2140.931	280.5672	1.264674	2.482599	0.654979	0.345021	3.539289
36486	-1818.45	-2099.177	280.7272	1.155547	2.98962	0.709299	0.290701	3.373699
36492	-1816.636	-2095.831	279.1947	0.9938273	2.585954	0.804873	0.195127	4.450389
36498	-1817.218	-2098.856	281.6381	1.139366	2.25233	0.75377	0.24623	3.051504
36504	-1822.091	-2102.561	280.4701	1.196066	4.232772	0.854223	0.145777	3.231414
36510	-1823.195	-2103.746	280.5509	1.359078	3.527795	0.741318	0.258682	3.231414
36516	-1832.372	-2112.796	280.424	1.359078	3.881811	0.897924	0.102076	3.231414
36522	-1823.933	-2102.963	279.03	1.368225	2.138929	0.913742	0.0862577	4.461992
36528	-1811.226	-2090.63	279.4039	1.309143	3.244841	0.865509	0.134491	3.989818
36534	-1835.656	-2114.389	278.7326	1.093463	2.576078	0.983777	0.0162225	4.656634
36540	-1840.296	-2121.575	281.2785	1.325419	2.576078	0.887318	0.112682	3.057324
36546	-1828.242	-2109.978	281.7368	1.513019	2.902456	0.91367	0.0863301	2.573601
36552	-1824.454	-2105.869	281.4147	1.177224	2.79313	0.895031	0.104969	3.004096
36558	-1840.989	-2122.491	281.5018	1.290747	2.374851	0.806897	0.193103	3.004096
36564	-1828.813	-2109.797	280.9843	1.314476	3.508797	0.948307	0.0516933	3.004096
36570	-1840.243	-2123.053	282.8105	1.333098	2.056815	0.852949	0.147051	2.275904
36576	-1839.846	-2119.216	279.3694	1.236262	2.754935	0.912315	0.0876845	4.169795
36582	-1832.384	-2114.2	281.8164	1.517673	3.97273	0.971588	0.0284119	2.262061
36588	-1834.059	-2112.527	278.4683	1.196734	3.97273	0.972879	0.027121	4.432945
36594	-1808.035	-2089.922	281.8868	1.499546	4.201827	0.839942	0.160058	2.179388
36600	-1809.631	-2091.826	282.1947	1.318906	2.293925	0.849292	0.150708	2.590477
36606	-1817.017	-2097.858	280.8415	1.325806	3.509021	0.737074	0.262926	3.082703
36612	-1823.376	-2105.776	282.4005	1.559956	3.509021	0.818489	0.181511	1.959601
36618	-1823.633	-2104.278	280.6449	1.385047	3.342064	0.959172	0.0408284	3.20228
36624	-1829.794	-2110.584	280.7897	1.48975	2.911338	0.902452	0.0975482	3.159387
36630	-1796.289	-2077.101	280.8121	1.382047	3.013425	0.948105	0.051895	3.184003
36636	-1811.696	-2092.984	281.2876	1.296341	2.629595	0.930087	0.0699126	3.054
36642	-1834.077	-2116.54	282.4628	1.590856	4.0604	0.82816	0.17184	1.762865
36648	-1818.241	-2099.504	281.2637	1.560593	4.735172	0.892138	0.107862	2.433453
36654	-1830.728	-2110.59	279.8611	1.092	3.557204	0.653055	0.346945	3.783221
36660	-1830.409	-2111.66	281.2513	1.247021	3.162305	0.90927	0.0907295	2.965487
36666	-1834.404	-2113.715	279.3107	1.197134	3.119659	0.897448	0.102552	4.135737
36672	-1823.662	-2102.653	278.9912	1.196515	3.979616	0.962536	0.0374644	4.135737
36678	-1831.514	-2112.191	280.6772	1.099125	2.667595	0.895443	0.104557	3.519872
36684	-1821.141	-2099.692	278.5505	1.075622	2.81932	0.762946	0.237054	4.705492
36690	-1820.19	-2101.925	281.7344	1.24046	2.930257	0.875871	0.124129	2.73555
36696	-1819.112	-2099.831	280.7187	1.325786	3.527859	0.910224	0.0897756	3.151639
36702	-1815.753	-2096.913	281.1595	1.23656	3.039681	0.83994	0.16006	3.057168
36708	-1823.915	-2104.543	280.6282	1.104634	1.891944	0.982116	0.0178838	3.784391
36714	-1827.937	-2108.375	280.4379	1.298653	1.891944	0.817454	0.182546	3.782291
36720	-1833.535	-2115.244	281.709	1.328294	1.894381	0.92851	0.0714901	3.018334
36726	-1827.963	-2108.303	280.3405	1.294584	3.084578	0.820986	0.179014	3.495233
36732	-1826.209	-2106.229	280.0199	1.214368	3.155613	0.893267	0.106733	3.710985
36738	-1825.427	-2105.813	280.3861	1.264413	2.572066	0.789812	0.210188	3.61933
36744	-1826.226	-2105.376	279.1499	1.211039	2.572066	0.846725	0.153275	4.35687
36750	-1819.047	-2098.776	279.729	1.136388	2.021856	0.829817	0.170183	4.235719
36756	-1803.742	-2084.334	280.5916	1.228776	3.125	0.936912	0.0630881	3.377043
36762	-1819.295	-2100.055	280.7602	1.195651	2.387925	0.928357	0.071643	3.494744
36768	-1815.075	-2095.953	280.8784	1.235003	2.094406	0.894822	0.105178	3.494744
36774	-1823.156	-2103.595	280.4395	1.125193	2.195489	0.896393	0.103607	3.780284
36780	-1823.134	-2103.371	280.2374	1.145574	2.913203	0.961485	0.0385155	3.684016
36786	-1818.519	-2098.106	279.5866	1.213995	3.136635	0.854626	0.145374	3.964777
36792	-1823.815	-2102.744	278.9288	1.034981	3.555593	0.707362	0.292638	4.347686
36798	-1822.296	-2101.552	279.2561	1.047501	2.838372	0.735751	0.264249	4.319779
36804	-1824.464	-2103.614	279.1498	1.020098	3.15247	0.88519	0.11481	4.319779
36810	-1830.484	-2109.53	279.0454	0.9741616	3.5384	0.764117	0.235883	4.319779
36816	-1828.995	-2108.828	279.8329	1.04204	2.181013	0.910013	0.0899873	4.179276
36822	-1822.362	-2104.173	281.8117	1.412013	2.470935	0.855639	0.144361	2.713403
36828	-1828.507	-2111.094	282.5876	1.336128	1.653723	0.742832	0.257168	2.572941
36834	-1833.376	-2114.634	281.2577	1.22621	1.910671	0.957605	0.0423951	3.340835
36840	-1833.018	-2113.521	280.5026	1.114788	2.381154	0.860181	0.139819	3.693338
36846	-1835.254	-2115.219	279.9652	1.263192	3.245809	0.874855	0.125145	3.693338
36852	-1834.649	-2115.723	281.0743	1.153903	1.644637	0.986562	0.013438	3.590404
36858	-1831.922	-2111.744	279.8218	1.291745	2.159701	0.519379	0.480621	4.050149
36864	-1809.92	-2090.996	281.0754	1.441158	2.965974	0.763008	0.236992	3.003794
36870	-1821.917	-2102.652	280.7349	1.548502	3.563304	0.779226	0.220774	3.001132
36876	-1813.513	-2093.904	280.3905	1.331709	3.563304	0.825022	0.174978	3.334404
36882	-1815.273	-2096.282	281.0095	1.2892	2.765332	0.801892	0.198108	3.186447
36888	-1819.413	-2100.74	281.3273	1.348795	3.758778	0.869461	0.130539	2.720277
36894	-1817.915	-2098.439	280.5235	1.157318	3.406023	0.877306	0.122694	3.393453
36900	-1828.142	-2108.905	280.7625	1.14508	1.238945	0.884474	0.115526	3.953035
36906	-1830.23	-2110.381	280.1513	1.153067	2.372457	0.939387	0.0606125	3.87622
36912	-1815.252	-2095.835	280.583	1.249344	2.388607	0.89936	0.10064	3.566464
36918	-1831.471	-2111.516	280.0447	1.108554	1.712659	0.917595	0.0824053	4.181146
36924	-1819.337	-2100.304	280.9672	1.054342	2.05293	0.969048	0.0309516	3.56202
36930	-1804.398	-2086.355	281.9567	1.282895	1.462625	0.875795	0.124205	3.071771
36936	-1811.047	-2090.825	279.7779	1.323394	3.382979	0.809981	0.190019	3.735722
36942	-1833.483	-2116.176	282.6936	1.337081	2.197678	0.678572	0.321428	2.297776
36948	-1821.886	-2103.651	281.7644	1.498528	2.726056	0.901066	0.0989339	2.614368
36954	-1826.753	-2106.451	279.6981	1.280245	3.996954	0.806229	0.193771	3.67901
36960	-1813.957	-2094.66	280.7033	1.312142	4.025938	0.837994	0.162006	3.064164
36966	-1823.043	-2104.866	281.823	1.363167	2.769713	0.8585	0.1415	2.649435
36972	-1833.223	-2114.794	281.571	1.31756	2.315561	0.783123	0.216877	2.964853
36978	-1821.363	-2102.733	281.3698	1.287559	2.247974	0.862321	0.137679	3.124551
36984	-1824.385	-2103.034	278.6488	0.9648664	3.112324	0.896035	0.103965	4.642122
36990	-1833.856	-2112.726	278.8699	1.324022	2.512602	0.885843	0.114157	4.46732
36996	-1834.757	-2114.259	279.5018	1.129016	2.663662	0.855091	0.144909	4.179465
37002	-1838.239	-2119.921	281.6819	1.376689	3.33887	0.790868	0.209132	2.580682
37008	-1835.814	-2118.082	282.2684	1.292843	2.234233	0.721099	0.278901	2.580682
37014	-1813.562	-2091.194	277.6325	0.8762457	1.387523	0.878846	0.121154	5.782168
37020	-1814.723	-2092.33	277.6073	0.778157	1.387523	0.947145	0.0528555	5.849582
37026	-1813.048	-2093.001	279.9524	1.085654	2.631454	0.847901	0.152099	3.95591
37032	-1823.647	-2106.177	282.5297	1.943247	4.652558	0.897095	0.102905	1.31272
37038	-1820.503	-2103.158	282.6549	1.805948	4.652558	0.841453	0.158547	1.322534
37044	-1820.388	-2102.545	282.1567	1.707348	4.682243	0.788379	0.211621	1.759169
37050	-1828.492	-2109.629	281.1369	1.482176	4.682243	0.890752	0.109248	2.571454
37056	-1810.036	-2091.228	281.1917	1.373041	4.587269	0.889487	0.110513	2.622642
37062	-1815.353	-2097.665	282.3114	1.373041	1.900549	0.784264	0.215736	2.622642
37068	-1818.595	-2100.323	281.7281	1.281153	3.016445	0.826118	0.173882	2.691891
37074	-1820.553	-2101.187	280.6337	1.281153	3.067803	0.883852	0.116148	3.335475
37080	-1828.6	-2107.729	279.1297	1.105648	2.542783	0.889391	0.110609	4.435704
37086	-1835.749	-2116.545	280.7964	1.277177	2.403214	0.811173	0.188827	3.421369
37092	-1816.273	-2096.926	280.6524	1.20119	2.869293	0.853348	0.146652	3.421369
37098	-1814.747	-2094.922	280.1745	1.199486	2.483325	0.819854	0.180146	3.804123
37104	-1823.929	-2105.536	281.607	1.261115	2.483325	0.907766	0.0922339	2.92582
37110	-1820.514	-2099.896	279.3822	1.322583	2.483325	0.928798	0.0712025	4.186621
37116	-1817.43	-2098.722	281.2923	1.464309	2.382595	0.858225	0.141775	3.023285
37122	-1802.957	-2083.213	280.256	1.153831	3.348459	0.93495	0.0650501	3.564678
37128	-1830.275	-2110.8	280.5248	1.225529	3.266213	0.941756	0.058244	3.384691
37134	-1829.014	-2110.863	281.8495	1.469517	3.01103	0.852346	0.147654	2.50146
37140	-1817.162	-2098.938	281.7763	1.464033	3.359636	0.785829	0.214171	2.462296
37146	-1825.855	-2108.631	282.7762	1.580329	3.053877	0.933795	0.0662045	1.8126
37152	-1829.831	-2110.575	280.7442	1.46988	4.935503	0.8926	0.1074	2.775471
37158	-1823.985	-2103.74	279.7547	1.297258	2.836361	0.874618	0.125382	3.894166
37164	-1836.2	-2116.153	279.9532	1.156648	2.708597	0.696641	0.303359	3.894166
37170	-1841.582	-2121.689	280.1069	1.309245	2.722807	0.804954	0.195046	3.71403
37176	-1825.896	-2107.249	281.3527	1.404868	3.168669	0.901447	0.0985534	2.807095
37182	-1818.77	-2099.949	281.1791	1.421337	3.168669	0.565213	0.434787	2.902355
37188	-1823.606	-2103.707	280.1004	1.254108	3.562209	0.764873	0.235127	3.549725
37194	-1824.149	-2105.352	281.2031	1.460696	4.373705	0.811464	0.188536	2.601911
37200	-1827.818	-2108.829	281.0107	1.331579	2.839667	0.87214	0.12786	3.140766
37206	-1822.193	-2103.807	281.6144	1.35116	2.66219	0.889368	0.110632	2.814768
37212	-1809.864	-2090.237	280.3729	1.079779	2.930307	0.812062	0.187938	3.639378
37218	-1823.625	-2104.986	281.3609	1.309201	3.066751	0.910535	0.0894645	2.885607
37224	-1829.902	-2110.366	280.4643	1.298452	3.09052	0.794033	0.205967	3.419186
37230	-1820.046	-2100.124	280.0782	0.9993352	1.844262	0.925495	0.0745051	4.176052
37236	-1814.201	-2092.112	277.9104	1.081816	3.294613	0.967278	0.0327225	4.947965
37242	-1825.311	-2106.031	280.7202	1.312256	2.916158	0.893797	0.106203	3.304231
37248	-1815.732	-2096.453	280.7211	1.466225	3.014601	0.920539	0.0794607	3.187783
37254	-1814.639	-2095.688	281.0494	1.252883	3.635229	0.767595	0.232405	2.973926
37260	-1806.712	-2086.585	279.8734	1.266404	2.59959	0.851059	0.148941	3.906249
37266	-1813.644	-2093.647	280.0028	1.049025	2.59959	0.986355	0.013645	3.956686
37272	-1839.44	-2119.833	280.3931	1.130895	3.226919	0.948694	0.051306	3.526174
37278	-1825.687	-2105.944	280.2569	1.057997	3.373288	0.939573	0.0604273	3.614277
37284	-1815.734	-2095.756	280.0219	1.022072	2.680685	0.79127	0.20873	3.939327
37290	-1842.666	-2122.847	280.1806	1.370725	3.121882	0.970952	0.0290476	3.535064
37296	-1846.508	-2128.228	281.7201	1.424573	3.121882	0.685993	0.314007	2.58118
37302	-1822	-2101.419	279.4185	1.283899	2.486791	0.888925	0.111075	4.187022
37308	-1835.493	-2116.089	280.5963	1.307566	3.65823	0.819076	0.180924	3.206637
37314	-1821.599	-2102.317	280.7188	1.357634	4.005125	0.730794	0.269206	3.031815
37320	-1815.891	-2096.826	280.9352	1.326698	3.327114	0.876001	0.123999	3.067734
37326	-1819.438	-2099.546	280.1086	1.178648	2.75896	0.772391	0.227609	3.778898
37332	-1816.21	-2096.545	280.3352	1.200621	3.566741	0.777936	0.222064	3.442953
37338	-1810.152	-2090.897	280.7455	1.257753	2.587429	0.928126	0.0718741	3.40942
37344	-1814.193	-2094.494	280.3003	1.288031	3.579779	0.877361	0.122639	3.40942
37350	-1814.364	-2094.983	280.6191	1.279026	3.359393	0.821239	0.178761	3.276237
37356	-1805.456	-2086.151	280.6956	1.265434	3.200279	0.884533	0.115467	3.276237
37362	-1827.647	-2106.878	279.2318	1.154476	3.200279	0.811168	0.188832	4.186185
37368	-1814.091	-2093.412	279.3211	1.148492	2.719133	0.846593	0.153407	4.256313
37374	-1826.382	-2107.682	281.3001	1.219466	2.39004	0.875178	0.124822	3.162351
37380	-1838.098	-2119.015	280.9174	1.169978	2.489495	0.791933	0.208067	3.387992
37386	-1830.409	-2111.143	280.7334	1.272174	2.659783	0.92722	0.0727801	3.387992
37392	-1822.795	-2103.606	280.8102	1.305336	3.396854	0.840847	0.159153	3.138898
37398	-1812.081	-2094.467	282.3866	1.457035	2.217844	0.874439	0.125561	2.409611
37404	-1801.897	-2082.679	280.7822	1.323294	1.968657	0.952044	0.0479555	3.541831
37410	-1806.795	-2086.969	280.1733	1.247092	3.038029	0.822312	0.177688	3.631422
37416	-1827.183	-2107.528	280.3451	1.239473	3.055776	0.936131	0.0638689	3.531676
37422	-1814.312	-2094.311	279.9986	1.294458	3.483519	0.891273	0.108727	3.602537
37428	-1811.45	-2091.878	280.4274	1.397699	4.485722	0.840624	0.159376	3.08985
37434	-1813.02	-2094.235	281.2155	1.330164	2.584007	0.92745	0.07255	3.08985
37440	-1809.477	-2090.089	280.6113	1.51483	4.727612	0.911109	0.0888909	2.865326
37446	-1806.725	-2087.528	280.803	1.388276	3.528183	0.842515	0.157485	3.064121
37452	-1805.005	-2086.447	281.4422	1.447606	2.772968	0.971784	0.0282155	2.829801
37458	-1826.012	-2106.875	280.8628	1.490721	3.461672	0.856852	0.143148	2.981871
37464	-1827.036	-2108.973	281.9367	1.374766	2.723293	0.677214	0.322786	2.585065
37470	-1836.988	-2117.917	280.9284	1.285491	3.197887	0.825209	0.174791	3.126992
37476	-1832.038	-2112.682	280.6438	1.285491	3.763373	0.864341	0.135659	3.169256
37482	-1837.646	-2116.443	278.797	1.251013	3.287823	0.920949	0.0790513	4.357961
37488	-1826.562	-2105.957	279.3949	1.285317	3.287823	0.801694	0.198306	3.998823
37494	-1829.294	-2109.025	279.7309	1.266045	2.560305	0.800891	0.199109	3.998823
37500	-1815.595	-2094.715	279.12	1.103219	3.698478	0.933906	0.0660941	4.171201
37506	-1830.049	-2109.853	279.8034	1.132945	3.397954	0.937773	0.0622272	3.827423
37512	-1834.964	-2115.964	281	1.365066	2.46001	0.917481	0.0825194	3.233031
37518	-1831.575	-2112.672	281.0969	1.327041	3.03079	0.828255	0.171745	3.042739
37524	-1825.01	-2105.848	280.8375	1.225745	4.306289	0.832421	0.167579	2.98082
37530	-1824.184	-2103.731	279.5463	1.163468	3.794081	0.877923	0.122077	3.873984
37536	-1822.95	-2102.463	279.5132	1.160824	2.939144	0.937844	0.0621558	4.084493
37542	-1813.293	-2093.906	280.6133	1.221379	2.843922	0.781664	0.218336	3.439005
37548	-1828.731	-2110.033	281.3015	1.433207	1.942088	0.94093	0.0590702	3.181525
37554	-1826.66	-2109.447	282.7871	1.598825	2.585647	0.931785	0.0682153	1.93541
37560	-1824.482	-2106.35	281.8676	1.737661	4.688259	0.695236	0.304764	1.93541
37566	-1836.645	-2118.913	282.2675	1.48372	4.314884	0.956378	0.0436221	1.913956
37572	-1830.306	-2110.009	279.7032	1.548778	3.206141	0.888104	0.111896	3.688882
37578	-1829.933	-2110.987	281.0536	1.551338	4.595491	0.828511	0.171489	2.596252
37584	-1824.597	-2106.351	281.754	1.308943	3.263768	0.901382	0.0986177	2.596252
37590	-1826.304	-2106.605	280.3012	1.307532	3.615216	0.855785	0.144215	3.389819
37596	-1837.451	-2116.125	278.6734	1.147471	3.324684	0.776815	0.223185	4.477833
37602	-1827.521	-2108.111	280.59	1.194679	3.418164	0.869267	0.130733	3.329744
37608	-1817.964	-2099.067	281.1036	1.545948	3.418164	0.924289	0.0757114	2.812994
37614	-1827.895	-2108.591	280.696	1.166138	4.319426	0.85109	0.14891	3.098654
37620	-1828.028	-2107.597	279.5691	1.27595	4.369769	0.741223	0.258777	3.686066
37626	-1827.379	-2108.508	281.1293	1.47909	3.963455	0.827848	0.172152	2.718301
37632	-1841.029	-2122.373	281.3435	1.408123	3.892243	0.742594	0.257406	2.645258
37638	-1833.808	-2115.882	282.0738	1.414726	2.918185	0.822014	0.177986	2.420055
37644	-1817.562	-2099.118	281.5564	1.387842	3.878684	0.79608	0.20392	2.528784
37650	-1806.091	-2087.812	281.7207	1.609133	3.878684	0.884062	0.115938	2.28536
37656	-1816.127	-2097.927	281.8003	1.415736	4.039598	0.906808	0.0931916	2.32317
37662	-1823.699	-2104.79	281.0908	1.247181	3.780494	0.803594	0.196406	2.921154
37668	-1808.389	-2089.1	280.7107	1.348215	3.485842	0.873025	0.126975	3.152444
37674	-1809.044	-2091.16	282.1156	1.467885	3.103092	0.85607	0.14393	2.310149
37680	-1807.598	-2088.686	281.0885	1.467885	3.217418	0.972363	0.0276374	2.917044
37686	-1804.5	-2086.628	282.1279	1.547007	2.570649	0.930336	0.0696636	2.402621
37692	-1806.239	-2088.169	281.9305	1.364093	2.265014	0.799797	0.200203	2.734772
37698	-1817.242	-2097.09	279.8476	1.453338	3.396283	0.825281	0.174719	3.61722
37704	-1839.919	-2120.661	280.7422	1.352919	4.676257	0.93905	0.0609504	2.893284
37710	-1838.69	-2119.551	280.8607	1.376082	4.217567	0.895248	0.104752	2.893284
37716	-1842.062	-2123.28	281.2176	1.392462	2.572644	0.897442	0.102558	3.054641
37722	-1833.847	-2113.644	279.7974	1.392462	3.678278	0.805191	0.194809	3.620743
37728	-1839.069	-2119.552	280.4828	1.273465	2.354674	0.792129	0.207871	3.620743
37734	-1831.265	-2109.762	278.4975	1.257506	4.561073	0.841063	0.158937	4.275901
37740	-1831.07	-2112.599	281.5287	1.265262	2.162797	0.794773	0.205227	3.070667
37746	-1840.116	-2119.611	279.4954	1.271415	2.649876	0.793635	0.206365	4.105778
37752	-1840.84	-2120.156	279.3168	1.034602	4.491842	0.898694	0.101306	3.948354
37758	-1832.482	-2112.404	279.922	1.256342	3.981044	0.699689	0.300311	3.566076
37764	-1830.377	-2110.225	279.8473	1.124868	3.022924	0.877131	0.122869	3.893602
37770	-1823.298	-2103.803	280.505	1.175875	2.733152	0.89853	0.10147	3.557834
37776	-1832.039	-2111.825	279.7861	1.165453	2.900261	0.880273	0.119727	3.935616
37782	-1819.628	-2099.346	279.7187	1.142954	2.900261	0.900644	0.0993559	3.987058
37788	-1820.62	-2100.714	280.0948	1.038894	2.693738	0.755044	0.244956	3.884408
37794	-1821.346	-2100.624	279.2786	1.169289	2.257491	0.84342	0.15658	4.397635
37800	-1832.516	-2111.92	279.4037	1.101659	2.257491	0.679843	0.320157	4.365173
37806	-1820.648	-2099.897	279.2485	1.037363	2.700138	0.75464	0.24536	4.365173
37812	-1834.186	-2114.287	280.1013	1.204335	2.700138	0.885195	0.114805	3.783846
37818	-1832.801	-2112.271	279.4703	1.181362	2.91081	0.827259	0.172741	4.104207
37824	-1821.532	-2100.782	279.2502	1.096144	2.181144	0.879895	0.120105	4.478109
37830	-1802.504	-2081.805	279.3011	1.079535	2.119115	0.821614	0.178386	4.478109
37836	-1802.335	-2082.632	280.2971	1.36657	3.086146	0.827499	0.172501	3.478201
37842	-1817.234	-2097.305	280.0708	1.387766	3.3502	0.796664	0.203336	3.535962
37848	-1814.732	-2094.591	279.8589	1.276155	3.167495	0.85456	0.14544	3.765451
37854	-1818.134	-2098.482	280.3484	1.276155	1.783026	0.920532	0.0794678	3.88597
37860	-1821.733	-2102.837	281.1041	1.343915	4.091494	0.938752	0.0612483	2.790133
37866	-1818.42	-2100.104	281.6842	1.547865	3.550648	0.902562	0.0974377	2.421909
37872	-1820.754	-2099.08	278.3257	1.344612	3.797753	0.918682	0.0813176	4.463938
37878	-1817.162	-2098.241	281.0781	1.623382	4.628136	0.804142	0.195858	2.530235
37884	-1811.296	-2092.982	281.6864	1.623382	2.905207	0.822441	0.177559	2.535581
37890	-1822.491	-2103.516	281.0253	1.644061	3.051202	0.940108	0.0598916	2.890016
37896	-1817.137	-2097.048	279.9113	1.451791	3.058121	0.864684	0.135316	3.659774
37902	-1816.247	-2097.657	281.4095	1.454467	3.245442	0.860662	0.139338	2.723296
37908	-1829.422	-2111.436	282.014	1.345419	2.179644	0.882455	0.117545	2.723296
37914	-1834.551	-2114.765	280.2135	1.315041	3.824329	0.802078	0.197922	3.393039
37920	-1836.321	-2117.148	280.8269	1.426187	2.00159	0.820961	0.179039	3.44436
37926	-1836.836	-2117.82	280.9837	1.483055	2.734286	0.849444	0.150556	3.094904
37932	-1837.213	-2118.432	281.2192	1.288668	2.645809	0.887887	0.112113	3.094904
37938	-1839.317	-2121.026	281.7085	1.399706	2.071102	0.765759	0.234241	2.912895
37944	-1835.71	-2115.909	280.1984	1.30674	3.764564	0.956909	0.0430908	3.419056
37950	-1833.214	-2111.416	278.2017	1.107447	3.690968	0.869502	0.130498	4.68799
37956	-1819.533	-2098.981	279.448	1.260215	3.071392	0.799208	0.200792	4.033007
37962	-1810.872	-2091.197	280.3249	1.29804	2.565819	0.72803	0.27197	3.637062
37968	-1827.398	-2107.923	280.5255	1.142791	2.473115	0.742121	0.257879	3.637062
37974	-1814.101	-2094.323	280.2221	1.226608	2.948762	0.86921	0.13079	3.637062
37980	-1832.229	-2113.198	280.9689	1.314656	2.871069	0.925042	0.0749583	3.167439
37986	-1832.139	-2113.919	281.7797	1.329196	3.002423	0.900174	0.0998262	2.634196
37992	-1828.294	-2110.14	281.846	1.339739	3.080647	0.877366	0.122634	2.566273
37998	-1827.255	-2107.67	280.4145	1.460313	4.208886	0.689905	0.310095	3.112143
38004	-1823.414	-2104.635	281.2204	1.322109	4.495129	0.834294	0.165706	2.653597
38010	-1836.028	-2116.745	280.7176	1.212566	2.099955	0.862499	0.137501	3.599555
38016	-1836.623	-2118.88	282.2571	1.214401	2.088527	0.846268	0.153732	2.685662
38022	-1834.392	-2114.95	280.5576	1.207448	2.90617	0.687799	0.312201	3.463678
38028	-1812.192	-2093.583	281.3905	1.409768	3.944451	0.931635	0.0683646	2.604141
38034	-1821.343	-2100.843	279.4999	1.240308	3.944451	0.912985	0.0870154	3.82662
38040	-1829.04	-2106.262	277.2221	1.368212	3.942765	0.912474	0.0875265	5.039535
38046	-1825.287	-2103.148	277.8607	0.9761531	3.270798	0.842905	0.157095	5.039535
38052	-1817.943	-2096.102	278.1594	1.119538	2.619861	0.842876	0.157124	4.950307
38058	-1834.532	-2114.864	280.3317	1.011395	1.825449	0.552691	0.447309	4.031567
38064	-1823.234	-2103.574	280.3403	1.114106	2.920449	0.884601	0.115399	3.640857
38070	-1823.12	-2103.321	280.2013	1.179487	1.939637	0.938136	0.0618639	3.969899
38076	-1815.46	-2094.863	279.4031	1.215523	3.582153	0.777978	0.222022	3.969899
38082	-1818.633	-2098.668	280.035	1.341127	2.252165	0.869223	0.130777	3.871176
38088	-1832.225	-2111.201	278.9764	1.247154	4.233845	0.836821	0.163179	4.067616
38094	-1822.045	-2102.375	280.3298	1.480524	4.233845	0.857234	0.142766	3.145759
38100	-1822.915	-2103.909	280.9948	1.567157	3.938537	0.888393	0.111607	2.751947
38106	-1816.149	-2098.074	281.9256	1.279804	2.561024	0.915654	0.0843461	2.697629
38112	-1814.234	-2095.977	281.743	1.564031	2.859145	0.893841	0.106159	2.549854
38118	-1822.233	-2104.136	281.9037	1.333631	3.020604	0.801579	0.198421	2.549854
38124	-1816.55	-2096.781	280.2313	1.373632	2.574323	0.888926	0.111074	3.645136
38130	-1827.862	-2106.809	278.9476	1.170637	3.192922	0.657733	0.342267	4.339677
38136	-1828.304	-2108.232	279.9274	1.170637	2.981751	0.835053	0.164947	3.831303
38142	-1833.242	-2114.069	280.8266	1.115561	2.22906	0.861684	0.138316	3.551196
38148	-1818.406	-2099.3	280.8936	1.245783	3.373728	0.759884	0.240116	3.129983
38154	-1836.414	-2118.142	281.7286	1.17766	1.804674	0.948083	0.0519167	3.129983
38160	-1816.798	-2096.101	279.3035	1.125651	1.726916	0.914993	0.0850074	4.584534
38166	-1813.189	-2093.338	280.1482	1.242051	3.434758	0.942829	0.0571714	3.556745
38172	-1822.581	-2102.543	279.962	1.333606	3.434758	0.925719	0.0742812	3.611728
38178	-1831.932	-2112.056	280.1243	1.158357	3.434758	0.942116	0.057884	3.619242
38184	-1828.348	-2109.457	281.1089	1.201644	3.925967	0.7615	0.2385	2.907204
38190	-1829.767	-2111.691	281.9248	1.271664	2.411574	0.827092	0.172908	2.74831
38196	-1822.317	-2102.993	280.6759	1.271664	2.383077	0.764991	0.235009	3.500993
38202	-1809.36	-2090.593	281.2334	1.271664	2.02981	0.776933	0.223067	3.286699
38208	-1808.634	-2089.658	281.0232	1.297806	4.257956	0.919559	0.0804409	2.834406
38214	-1821.298	-2102.297	280.9989	1.264629	2.122521	0.823396	0.176604	3.397677
38220	-1829.248	-2108.248	278.9998	1.111749	2.464524	0.673956	0.326044	4.527001
38226	-1837.596	-2115.963	278.3665	0.9524388	4.249117	0.786876	0.213124	4.576418
38232	-1816.713	-2095.722	279.0094	1.075603	2.343399	0.963896	0.0361041	4.576418
38238	-1796.705	-2078.138	281.4337	1.366042	2.876237	0.720931	0.279069	2.856545
38244	-1801.313	-2082.965	281.6522	1.70126	3.196649	0.827168	0.172832	2.431717
38250	-1815.085	-2097.233	282.1485	1.702586	3.001899	0.944266	0.0557343	2.165188
38256	-1825.773	-2107.867	282.0941	1.50834	4.009391	0.930513	0.0694867	2.079628
38262	-1807.591	-2089.762	282.1708	1.497971	2.6425	0.938212	0.061788	2.384901
38268	-1798.257	-2079.854	281.5971	1.416781	4.060365	0.855285	0.144715	2.44666
38274	-1802.848	-2085.451	282.6029	1.656766	2.977884	0.936709	0.0632905	1.900886
38280	-1816.529	-2099.976	283.4469	1.673168	2.269535	0.871752	0.128248	1.530651
38286	-1815.928	-2098.703	282.775	1.673168	2.323558	0.820391	0.179609	1.981475
38292	-1824.658	-2107.514	282.8558	1.643516	2.63125	0.791467	0.208533	1.843581
38298	-1819.513	-2099.689	280.176	1.371955	4.817964	0.838458	0.161542	3.195846
38304	-1811.731	-2090.92	279.189	1.289914	3.842046	0.906517	0.0934829	3.996645
38310	-1820.333	-2100.303	279.9698	1.327459	3.842046	0.889478	0.110522	3.524621
38316	-1829.918	-2110.485	280.5665	1.340598	3.631093	0.771963	0.228037	3.210579
38322	-1836.45	-2117.495	281.0451	1.49482	3.512054	0.7708	0.2292	2.857947
38328	-1830.673	-2110.429	279.7553	1.382289	2.446166	0.850887	0.149113	3.950456
38334	-1832.915	-2112.676	279.7603	1.345439	2.65433	0.895712	0.104288	3.910967
38340	-1836.957	-2118.124	281.1674	1.444849	4.935354	0.606665	0.393335	2.530116
38346	-1828.956	-2110.776	281.82	1.198014	2.591676	0.928476	0.0715236	2.80312
38352	-1814.505	-2093.031	278.5261	1.002612	2.15601	0.892007	0.107993	4.943245
38358	-1813.536	-2092.955	279.4189	1.147794	3.160559	0.896916	0.103084	4.092691
38364	-1809.784	-2089.934	280.1502	1.108894	2.866078	0.720369	0.279631	3.767478
38370	-1805.55	-2085.824	280.2745	1.053064	2.597992	0.836212	0.163788	3.798816
38376	-1815.766	-2098.55	282.7833	1.513291	2.124098	0.925847	0.0741531	2.152481
38382	-1817.478	-2099.548	282.0698	1.513291	4.609786	0.908108	0.0918919	1.966035
38388	-1811.022	-2092.436	281.4141	1.429196	3.49887	0.962558	0.0374416	2.67584
38394	-1825.857	-2106.584	280.7271	1.209764	3.408536	0.946754	0.0532465	3.242137
38400	-1831.088	-2111.697	280.6085	1.24113	2.828138	0.95998	0.0400199	3.434337
38406	-1818.225	-2096.675	278.4508	1.076227	2.828138	0.968608	0.0313917	4.758722
38412	-1815	-2093.855	278.8543	1.150216	3.854143	0.722647	0.277353	4.264125
38418	-1807.66	-2088.744	281.0838	1.195902	2.894783	0.946764	0.0532356	3.163498
38424	-1811.021	-2090.601	279.5803	1.109168	2.894783	0.701042	0.298958	4.086638
38430	-1819.42	-2100.32	280.9005	1.220072	2.005845	0.933804	0.0661958	3.520281
38436	-1817.483	-2096.072	278.5886	1.015269	2.490979	0.701689	0.298311	4.80397
38442	-1816.255	-2096.802	280.5464	1.023131	2.05626	0.925682	0.0743185	3.822359
38448	-1814.629	-2094.301	279.6725	1.364703	3.362644	0.8896	0.1104	3.777191
38454	-1832.598	-2111.659	279.0607	1.238853	4.046751	0.883432	0.116568	4.059209
38460	-1818.463	-2099.367	280.9046	1.512667	3.542883	0.861196	0.138804	2.925146
38466	-1818.07	-2099.52	281.4496	1.153942	2.874426	0.89209	0.10791	2.975435
38472	-1829.14	-2109.8	280.66	1.139315	2.874426	0.917941	0.0820594	3.451768
38478	-1812.842	-2093.921	281.0784	1.196641	2.874426	0.871685	0.128315	3.171607
38484	-1816.275	-2097.032	280.7567	1.451044	3.227835	0.940874	0.0591265	3.123497
38490	-1821.917	-2104.191	282.2742	1.727472	2.423621	0.893116	0.106884	2.24049
38496	-1820.749	-2101.754	281.0052	1.3831	4.073747	0.789173	0.210827	2.830031
38502	-1813.275	-2093.768	280.4926	1.3831	2.854708	0.865255	0.134745	3.412191
38508	-1827.621	-2108.196	280.5754	1.432303	3.518349	0.871792	0.128208	3.17561
38514	-1818.151	-2099.313	281.1616	1.426735	4.921279	0.839969	0.160031	2.547506
38520	-1827.669	-2109.114	281.4446	1.358806	4.921279	0.838404	0.161596	2.412805
38526	-1825.459	-2105.781	280.3217	1.335972	4.425741	0.859841	0.140159	3.200373
38532	-1829.307	-2108.915	279.6082	1.29627	4.425741	0.833896	0.166104	3.641565
38538	-1829.279	-2108.975	279.6958	1.346512	3.998808	0.834908	0.165092	3.641565
38544	-1821.291	-2101.423	280.1325	1.312739	2.938827	0.814137	0.185863	3.641565
38550	-1830.309	-2110.797	280.4874	1.140644	2.539316	0.847744	0.152256	3.641565
38556	-1828.063	-2109.465	281.4021	1.370993	2.539316	0.759764	0.240236	2.966494
38562	-1817.848	-2097.461	279.613	1.370248	2.539316	0.780153	0.219847	4.012444
38568	-1831.944	-2112.654	280.7095	1.502739	3.218401	0.846402	0.153598	3.123046
38574	-1820.575	-2101.378	280.8038	1.402223	3.233986	0.785705	0.214295	3.123046
38580	-1834.751	-2116.818	282.0672	1.302517	2.961929	0.645002	0.354998	2.482854
38586	-1825.278	-2105.767	280.4891	1.302517	2.331395	0.94923	0.0507697	3.607253
38592	-1829.27	-2108.883	279.613	1.318515	3.902119	0.816327	0.183673	3.724698
38598	-1834.817	-2115.334	280.5169	1.398728	4.137569	0.799327	0.200673	3.101666
38604	-1833.795	-2114.457	280.6621	1.296557	3.837554	0.755158	0.244842	3.136361
38610	-1829.035	-2109.509	280.4742	1.295133	3.837554	0.946365	0.0536354	3.248614
38616	-1810.129	-2089.735	279.6062	1.269743	3.316543	0.891462	0.108538	3.88026
38622	-1822.153	-2101.738	279.585	1.373852	3.110403	0.937902	0.062098	3.88026
38628	-1820.973	-2100.887	279.9141	1.156956	3.775392	0.640481	0.359519	3.669553
38634	-1814.571	-2096.031	281.4597	1.36004	3.263188	0.906085	0.0939149	2.746002
38640	-1810.34	-2091.931	281.5905	1.261239	3.183524	0.918353	0.0816466	2.746002
38646	-1816.476	-2098.318	281.8425	1.47021	2.595116	0.907811	0.092189	2.621482
38652	-1816.688	-2097.123	280.4355	1.106943	2.62022	0.88019	0.11981	3.668655
38658	-1825.876	-2107.477	281.6011	1.510278	2.975794	0.92666	0.0733404	2.639666
38664	-1813.914	-2095.248	281.3333	1.396576	4.340914	0.833568	0.166432	2.567341
38670	-1831.225	-2110.166	278.9414	1.116856	2.451095	0.802584	0.197416	4.560714
38676	-1828.422	-2108.599	280.1768	1.068379	2.462219	0.893991	0.106009	3.884213
38682	-1815.727	-2095.548	279.8203	1.057974	2.908903	0.583279	0.416721	3.975375
38688	-1807.641	-2087.006	279.3643	1.029711	2.991166	0.900636	0.0993636	4.230922
38694	-1800.985	-2082.669	281.6848	1.219208	3.325666	0.834854	0.165146	2.679281
38700	-1814.599	-2094.158	279.5586	1.219208	3.325666	0.811958	0.188042	3.934488
38706	-1823.171	-2102.798	279.6269	1.141366	3.5839	0.932651	0.0673489	3.883819
38712	-1818.088	-2096.29	278.2021	0.9422347	3.5839	0.796854	0.203146	4.801885
38718	-1817.481	-2095.955	278.474	0.9473423	3.393465	0.858779	0.141221	4.687114
38724	-1813.538	-2093.168	279.6304	1.15392	3.260298	0.777186	0.222814	3.945525
38730	-1831.957	-2113.347	281.3905	1.315383	4.079987	0.764672	0.235328	2.634367
38736	-1837.53	-2116.833	279.3033	1.276005	5.237219	0.888541	0.111459	3.694054
38742	-1830.381	-2110.071	279.6903	1.175819	5.682243	0.856317	0.143683	3.45984
38748	-1835.729	-2115.673	279.9444	1.21929	5.066724	0.883013	0.116987	3.380911
38754	-1841.245	-2122.728	281.4835	1.404063	3.909626	0.806818	0.193182	2.557421
38760	-1838.465	-2119.024	280.5589	1.250084	3.305871	0.887567	0.112433	3.341013
38766	-1821.174	-2101.652	280.4779	1.279211	3.05037	0.896259	0.103741	3.432286
38772	-1807.914	-2088.323	280.409	1.228886	3.741113	0.849987	0.150013	3.346033
38778	-1815.697	-2096.567	280.8694	1.531906	2.699802	0.940449	0.0595509	3.143325
38784	-1817.42	-2099.077	281.6568	1.508982	3.902919	0.897248	0.102752	2.384418
38790	-1824.542	-2105.219	280.6764	1.257001	3.440735	0.745865	0.254135	3.236959
38796	-1806.163	-2086.1	279.9372	1.302795	5.703006	0.771388	0.228612	3.236959
38802	-1810.286	-2091.739	281.4532	1.361159	3.450718	0.919833	0.0801668	2.704744
38808	-1819.156	-2101.821	282.6648	1.535148	2.584889	0.776793	0.223207	2.059703
38814	-1828.757	-2110.374	281.617	1.702043	4.139419	0.707478	0.292522	2.236011
38820	-1826.407	-2107.32	280.9128	1.528634	2.424886	0.802526	0.197474	3.198262
38826	-1822.207	-2102.071	279.8641	1.25744	3.459504	0.854592	0.145408	3.707115
38832	-1810.985	-2091.399	280.4137	1.36873	2.607103	0.761181	0.238819	3.532949
38838	-1813.483	-2095.024	281.5405	1.489048	3.257829	0.93745	0.0625503	2.618399
38844	-1822.325	-2103.682	281.3571	1.370036	3.012882	0.700632	0.299368	2.864781
38850	-1823.532	-2104.039	280.5067	1.446543	2.985549	0.82763	0.17237	3.333279
38856	-1821.776	-2102.834	281.0576	1.27871	2.933673	0.854637	0.145363	3.119813
38862	-1831.144	-2111.254	280.1098	1.109374	3.363757	0.968187	0.0318126	3.671839
38868	-1837.01	-2118.456	281.446	1.259978	1.580662	0.842775	0.157225	3.337155
38874	-1837.898	-2117.154	279.2564	1.191952	2.911861	0.824799	0.175201	4.219471
38880	-1836.418	-2115.558	279.1402	1.3327	2.490116	0.887916	0.112084	4.316161
38886	-1823.526	-2102.423	278.8975	1.141654	2.193997	0.831164	0.168836	4.646626
38892	-1802.071	-2081.743	279.6728	1.27877	2.569611	0.895846	0.104154	4.022205
38898	-1826.913	-2106.24	279.3268	1.297878	3.324949	0.737998	0.262002	4.022205
38904	-1841.786	-2122.652	280.8659	1.322286	2.997003	0.820004	0.179996	3.191661
38910	-1836.009	-2117.495	281.4866	1.292843	3.286092	0.738518	0.261482	2.765115
38916	-1831.545	-2113.061	281.5162	1.324889	2.520651	0.843072	0.156928	2.931062
38922	-1829.385	-2109.082	279.6977	1.131993	2.756077	0.837295	0.162705	4.041994
38928	-1828.17	-2107.912	279.7414	1.175195	2.570249	0.921591	0.0784085	4.041994
38934	-1821.696	-2101.285	279.5883	1.196182	2.856789	0.780508	0.219492	4.041994
38940	-1837.5	-2119.54	282.0398	1.352887	2.46419	0.844008	0.155992	2.611451
38946	-1827.446	-2108.882	281.4363	1.380499	3.922818	0.869224	0.130776	2.598514
38952	-1831.746	-2113.257	281.5106	1.401159	2.766209	0.830208	0.169792	2.818377
38958	-1822.846	-2104.522	281.6763	1.339464	3.050369	0.879316	0.120684	2.679109
38964	-1823.753	-2102.936	279.1833	1.273421	3.050369	0.756027	0.243973	4.181182
38970	-1818.885	-2099.392	280.5073	1.285311	2.783672	0.804504	0.195496	3.479307
38976	-1808.706	-2088.254	279.5478	1.293417	3.103514	0.79525	0.20475	3.949308
38982	-1840.023	-2119.531	279.508	1.149813	4.108919	0.825532	0.174468	3.842349
38988	-1832.494	-2112.449	279.9549	0.9811278	2.02601	0.891633	0.108367	4.194228
38994	-1844.51	-2124.461	279.9512	1.115548	3.076134	0.909305	0.0906947	3.826417
39000	-1829.112	-2110.393	281.2817	1.31214	2.992227	0.817913	0.182087	2.950586
39006	-1837.804	-2118.546	280.7419	1.24474	2.940972	0.952871	0.0471295	3.324917
39012	-1823.665	-2106.128	282.4638	1.613017	2.770348	0.920699	0.0793006	2.083926
39018	-1818.783	-2101.148	282.3653	1.401433	3.039923	0.860783	0.139217	2.209444
39024	-1838.45	-2121.321	282.8712	1.41008	2.388014	0.867157	0.132843	2.070216
39030	-1827.013	-2109.586	282.5724	1.547415	2.64232	0.83464	0.16536	2.094534
39036	-1831.471	-2113.843	282.3723	1.634891	3.932232	0.719423	0.280577	1.825
39042	-1827.565	-2110.231	282.6659	1.528162	3.297337	0.751587	0.248413	1.856343
39048	-1810.075	-2091.445	281.3696	1.348708	2.81986	0.878975	0.121025	2.920868
39054	-1812.921	-2094.12	281.1992	1.319383	2.804434	0.907941	0.092059	3.045005
39060	-1823.36	-2104.65	281.2904	1.353981	3.772416	0.904869	0.0951311	2.736771
39066	-1808.82	-2090.635	281.8148	1.312255	2.591075	0.824349	0.175651	2.736771
39072	-1810.543	-2090.963	280.4192	1.060595	2.532367	0.853153	0.146847	3.729246
39078	-1806.908	-2086.195	279.2867	1.205795	3.446174	0.814947	0.185053	4.070977
39084	-1805.289	-2085.089	279.8001	1.301156	3.446174	0.929776	0.0702245	3.721755
39090	-1810.575	-2090.783	280.2083	1.127514	3.005707	0.809351	0.190649	3.688344
39096	-1813.801	-2093.509	279.7086	1.179932	3.117889	0.854867	0.145133	3.918823
39102	-1812.721	-2092.349	279.6273	1.147407	1.929347	0.928675	0.0713254	4.318053
39108	-1814.495	-2094.463	279.9676	1.086076	2.877622	0.921366	0.0786343	3.882741
39114	-1830.268	-2109.641	279.3732	1.250593	3.188669	0.82541	0.17459	4.053677
39120	-1833.718	-2114.476	280.7578	1.3526	3.32276	0.946392	0.0536082	3.159012
39126	-1850.057	-2128.649	278.592	1.215399	4.18299	0.966305	0.0336949	4.313265
39132	-1836.892	-2115.89	278.9981	1.006724	2.510173	0.487054	0.512946	4.57429
39138	-1831.023	-2111.13	280.1072	1.121433	2.940754	0.873105	0.126895	3.766257
39144	-1832.015	-2111.312	279.2971	1.14851	3.235007	0.91181	0.0881896	4.14453
39150	-1842.041	-2120.544	278.5032	1.1468	3.235007	0.852986	0.147014	4.593803
39156	-1833.118	-2112.126	279.0074	1.1125	2.218775	0.949576	0.0504237	4.593803
39162	-1833.058	-2112.117	279.0595	1.011377	2.311123	0.817685	0.182315	4.593803
39168	-1844.456	-2123.299	278.8429	1.508448	4.579171	0.890514	0.109486	3.933185
39174	-1829.536	-2109.562	280.0257	1.262173	3.193536	0.859968	0.140032	3.671089
39180	-1829.345	-2109.072	279.7268	1.311363	3.193536	0.819762	0.180238	3.81519
39186	-1825.308	-2105.26	279.9529	1.041833	3.193536	0.806892	0.193108	3.840133
39192	-1817.634	-2095.806	278.1721	0.9892878	2.43432	0.791612	0.208388	5.065839
39198	-1819.031	-2097.69	278.6584	1.136548	3.502137	0.844948	0.155052	4.454181
39204	-1813.028	-2091.859	278.8316	1.035064	2.875581	0.843336	0.156664	4.556718
39210	-1841.796	-2120.781	278.9846	1.099717	2.413298	0.909986	0.0900139	4.556718
39216	-1829.251	-2110.088	280.8369	1.149259	2.256523	0.934337	0.0656632	3.517002
39222	-1845.143	-2127.384	282.2412	1.374874	1.918698	0.975097	0.0249031	2.657971
39228	-1849.441	-2129.09	279.6489	1.318402	2.629122	0.858594	0.141406	3.996969
39234	-1835.85	-2118.031	282.1804	1.436558	2.930072	0.780864	0.219136	2.335456
39240	-1836.901	-2118.93	282.0289	1.636771	2.017024	0.940001	0.0599991	2.591246
39246	-1833.66	-2116.109	282.4496	1.519537	2.536783	0.865342	0.134658	2.225402
39252	-1828.581	-2109.87	281.2885	1.156718	2.155521	0.950259	0.049741	3.280032
39258	-1827.645	-2108.524	280.8796	1.267072	2.751733	0.824017	0.175983	3.280032
39264	-1822.43	-2103.776	281.3468	1.295658	1.821437	0.86465	0.13535	3.280032
39270	-1842.387	-2123.911	281.5236	1.527555	3.191823	0.6785	0.3215	2.621377
39276	-1821.446	-2102.056	280.6109	1.408494	3.051516	0.888142	0.111858	3.277895
39282	-1833.687	-2114.797	281.1102	1.417187	3.737134	0.940476	0.0595239	2.81573
39288	-1846.098	-2127.487	281.3882	1.52833	3.111266	0.897265	0.102735	2.724436
39294	-1839.46	-2119.91	280.45	1.174985	3.834061	0.837697	0.162303	3.334378
39300	-1822.511	-2102.938	280.4278	1.285832	3.834061	0.846302	0.153698	3.282195
39306	-1829.25	-2111.035	281.7849	1.296946	2.322159	0.950559	0.0494412	2.846013
39312	-1821.531	-2103.656	282.125	1.307857	2.276915	0.90098	0.09902	2.645942
39318	-1817.681	-2098.161	280.4803	1.259609	3.823181	0.835649	0.164351	3.268922
39324	-1819.687	-2102.693	283.0061	1.374535	2.096429	0.950166	0.0498343	2.107737
39330	-1825.233	-2107.778	282.5447	1.374535	2.002761	0.92154	0.0784598	2.438206
39336	-1834.732	-2114.703	279.971	1.084998	3.057413	0.842008	0.157992	3.837126
39342	-1830.187	-2110.532	280.3446	1.152573	3.149271	0.852365	0.147635	3.560067
39348	-1842.203	-2121.88	279.6767	1.163095	2.050305	0.814241	0.185759	4.240868
39354	-1821.103	-2100.926	279.8225	1.40152	5.03152	0.849923	0.150077	3.35123
39360	-1830.109	-2109.518	279.409	1.40152	4.210619	0.901886	0.0981138	3.735258
39366	-1833.422	-2113.577	280.1554	1.272923	2.303585	0.935145	0.0648554	3.825531
39372	-1848.463	-2130.546	282.0826	1.691189	4.271375	0.715101	0.284899	1.90799
39378	-1846.586	-2129.099	282.5126	1.691189	3.586882	0.872706	0.127294	1.773599
39384	-1825.714	-2107.439	281.725	1.560871	3.74417	0.90777	0.0922304	2.34346
39390	-1827.368	-2108.467	281.0988	1.425465	3.259437	0.91215	0.0878497	2.926303
39396	-1820.969	-2102.77	281.8016	1.349477	1.959561	0.731248	0.268752	2.926303
39402	-1827.919	-2109.529	281.6095	1.625955	4.521843	0.494757	0.505243	2.212052
39408	-1818.772	-2100.678	281.9053	1.580908	4.06328	0.638244	0.361756	2.143976
39414	-1828.738	-2108.664	279.9261	1.307687	2.801946	0.818329	0.181671	3.798483
39420	-1832.271	-2110.905	278.634	1.19045	3.313624	0.852634	0.147366	4.478257
39426	-1822.03	-2102.768	280.738	1.202311	2.519784	0.873176	0.126824	3.465387
39432	-1830.676	-2110.87	280.1937	0.9859409	1.775071	0.739384	0.260616	4.143005
39438	-1828.029	-2107.864	279.8353	1.336229	2.335555	0.842377	0.157623	3.963271
39444	-1818.154	-2097.756	279.6015	1.185738	3.175859	0.874478	0.125522	3.963271
39450	-1836.522	-2115.774	279.252	1.234422	3.022062	0.858597	0.141403	4.17108
39456	-1833.13	-2112.324	279.1939	1.292502	3.022062	0.715311	0.284689	4.17108
39462	-1826.808	-2109.154	282.3463	1.31491	2.271811	0.905808	0.0941919	2.50594
39468	-1839.886	-2121.598	281.7113	1.411209	2.615038	0.857706	0.142294	2.73257
39474	-1848.484	-2127.719	279.2347	1.273576	2.731527	0.82202	0.17798	4.231159
39480	-1850.561	-2130.308	279.7474	1.255583	3.656864	0.865243	0.134757	3.733365
39486	-1837.755	-2117.222	279.4663	1.36202	3.366828	0.763775	0.236225	3.896393
39492	-1832.753	-2113.82	281.0673	1.335031	2.517826	0.756862	0.243138	3.194116
39498	-1850.574	-2131.613	281.039	0.9859768	1.394004	0.939024	0.0609761	3.813406
39504	-1831.175	-2111.449	280.2733	1.016247	1.779548	0.977905	0.0220947	4.078759
39510	-1831.875	-2112.146	280.2708	1.165082	1.708799	0.881452	0.118548	4.021683
39516	-1816.096	-2097.281	281.1858	1.354805	2.208167	0.819297	0.180703	3.206604
39522	-1814.012	-2092.293	278.2815	1.159756	2.804738	0.822598	0.177402	4.81244
39528	-1816.962	-2095.03	278.0679	1.057098	3.584936	0.914184	0.0858157	4.81244
39534	-1817.716	-2096.321	278.6044	1.058128	3.249629	0.893268	0.106732	4.583471
39540	-1813.05	-2094.319	281.2691	1.408742	2.178671	0.757321	0.242679	3.134667
39546	-1812.824	-2095.262	282.4378	1.58824	2.741944	0.834548	0.165452	2.125697
39552	-1814.842	-2096.304	281.4615	1.507557	3.24306	0.914342	0.0856585	2.659331
39558	-1813.047	-2093.847	280.8	1.490765	2.89316	0.760247	0.239753	3.15737
39564	-1817.137	-2096.931	279.7932	1.227082	3.235421	0.914165	0.085835	3.815773
39570	-1822.564	-2101.92	279.356	1.323892	3.235421	0.760749	0.239251	4.010929
39576	-1829.699	-2109.218	279.5194	1.243284	3.033556	0.843305	0.156695	4.010929
39582	-1825.415	-2105.498	280.0827	1.251844	1.897433	0.972267	0.027733	4.010929
39588	-1830.639	-2111.727	281.0871	1.246205	3.191669	0.767092	0.232908	3.057279
39594	-1822.009	-2102.246	280.2379	1.341817	3.246988	0.790175	0.209825	3.488997
39600	-1833.027	-2113.288	280.2614	1.242798	3.424364	0.913227	0.0867733	3.492662
39606	-1830.148	-2110.559	280.4109	1.333693	3.980239	0.870141	0.129859	3.23425
39612	-1818.189	-2099.058	280.8691	1.154003	2.343084	0.817157	0.182843	3.468943
39618	-1822.364	-2102.829	280.4655	1.455321	3.522406	0.783816	0.216184	3.226165
39624	-1829.422	-2110.346	280.9243	1.405539	2.905225	0.730689	0.269311	3.131002
39630	-1816.523	-2096.509	279.9857	1.347356	4.44286	0.766553	0.233447	3.38864
39636	-1816.709	-2096.954	280.2449	1.206919	4.071901	0.91041	0.0895896	3.38864
39642	-1807.652	-2088.037	280.385	1.192864	3.688589	0.888747	0.111253	3.3923
39648	-1823.031	-2103.847	280.8161	1.351171	3.793094	0.871269	0.128731	3.021109
39654	-1823.638	-2104.285	280.6469	1.309699	2.527295	0.92025	0.0797503	3.4537
39660	-1815.461	-2095.755	280.294	1.336681	3.082609	0.890926	0.109074	3.498274
39666	-1819.735	-2100.841	281.1065	1.277936	3.825146	0.783421	0.216579	2.883617
39672	-1817.379	-2098.052	280.6728	1.577429	4.225522	0.847338	0.152662	2.883617
39678	-1816.398	-2096.396	279.9981	1.321073	4.297214	0.873283	0.126717	3.423482
39684	-1824.413	-2104.741	280.3277	1.281392	3.075161	0.745698	0.254302	3.512683
39690	-1823.881	-2102.558	278.6766	1.163199	4.580781	0.966222	0.0337783	4.224454
39696	-1836.725	-2117.403	280.6781	1.199667	2.286242	0.798	0.202	3.570941
39702	-1830.093	-2110.264	280.1711	1.39133	3.366741	0.927812	0.0721883	3.471604
39708	-1823.762	-2105.555	281.7934	1.61077	3.366741	0.952715	0.0472851	2.357139
39714	-1821.411	-2101.813	280.4013	1.239109	3.669568	0.979048	0.0209521	3.359617
39720	-1827.838	-2108.156	280.3185	1.320494	3.673661	0.938343	0.0616572	3.359617
39726	-1823.613	-2103.76	280.147	1.204315	4.017976	0.850605	0.149395	3.457984
39732	-1810.238	-2091.139	280.9017	1.362132	3.184051	0.790833	0.209167	3.100569
39738	-1818.418	-2098.196	279.7779	1.181252	3.184051	0.966678	0.033322	3.862794
39744	-1820.533	-2100.085	279.5519	1.181252	3.766061	0.857629	0.142371	3.866259
39750	-1813.316	-2093.189	279.8727	1.28183	3.766061	0.688928	0.311072	3.623071
39756	-1825.463	-2106.477	281.0141	1.16046	2.006711	0.950143	0.0498571	3.488474
39762	-1820.277	-2100.512	280.2355	1.059875	2.602227	0.984082	0.0159184	3.816161
39768	-1828.347	-2106.233	277.886	1.082354	2.947315	0.836195	0.163805	5.040701
39774	-1823.47	-2104.176	280.7053	1.221347	4.116543	0.898293	0.101707	3.099171
39780	-1820.459	-2101.358	280.8985	1.25903	2.048038	0.851405	0.148595	3.484425
39786	-1819.077	-2098.513	279.4359	1.120996	3.487932	0.815262	0.184738	4.025236
39792	-1844.921	-2124.627	279.7066	1.231133	3.994351	0.881918	0.118082	3.702994
39798	-1833.588	-2114.629	281.041	1.130314	2.624804	0.909486	0.0905141	3.300224
39804	-1828.279	-2108.569	280.2899	1.189676	2.264572	0.77641	0.22359	3.807885
39810	-1817.687	-2096.317	278.6307	1.031689	3.148578	0.857968	0.142032	4.606464
39816	-1822.124	-2102.836	280.712	1.247733	2.622951	0.919796	0.0802041	3.425019
39822	-1835.906	-2115.562	279.6559	1.163472	2.639446	0.874061	0.125939	4.07866
39828	-1824.153	-2104.106	279.9525	1.10618	2.639446	0.823611	0.176389	3.941939
39834	-1819.974	-2099.877	279.9023	1.182858	3.102114	0.801585	0.198415	3.809628
39840	-1827.289	-2108.174	280.8849	1.41084	3.596499	0.939195	0.0608047	2.986363
39846	-1816.753	-2098.165	281.4123	1.286341	2.866431	0.799585	0.200415	2.920288
39852	-1814.892	-2097.271	282.3794	1.477529	2.744925	0.974688	0.0253118	2.234537
39858	-1811.733	-2093.14	281.4065	1.364478	2.662722	0.879238	0.120762	2.932376
39864	-1818.999	-2100.155	281.1556	1.364478	2.202072	0.927049	0.0729513	3.220699
39870	-1821.228	-2103.22	281.9926	1.45	2.644724	0.814196	0.185804	2.526281
39876	-1824.961	-2105.482	280.5208	1.215635	2.691194	0.593155	0.406845	3.536724
39882	-1830.434	-2112.977	282.5424	1.498405	1.947793	0.876863	0.123137	2.382045
39888	-1816.824	-2097.84	281.0157	1.307709	2.500701	0.840085	0.159915	3.245794
39894	-1815.227	-2095.527	280.3002	1.232756	2.500701	0.845471	0.154529	3.70752
39900	-1822.616	-2102.602	279.9858	1.261361	2.867784	0.705006	0.294994	3.773932
39906	-1803.356	-2084.797	281.4406	1.376776	3.011813	0.856481	0.143519	2.810306
39912	-1814.289	-2095.991	281.7027	1.32542	3.011813	0.830494	0.169506	2.681491
39918	-1823.637	-2105.504	281.8668	1.262156	3.011813	0.766916	0.233084	2.619307
39924	-1819.648	-2099.704	280.0564	1.308278	2.558331	0.847681	0.152319	3.788381
39930	-1825.137	-2105.26	280.1227	1.375114	4.326151	0.638665	0.361335	3.313254
39936	-1819.34	-2100.404	281.0636	1.35081	3.879931	0.890999	0.109001	2.853948
39942	-1815.887	-2096.991	281.1043	1.277163	3.800663	0.904698	0.0953015	2.890575
39948	-1819.35	-2101.753	282.4033	1.759239	2.661786	0.786946	0.213054	2.060382
39954	-1812.823	-2093.943	281.1201	1.693209	2.918903	0.738988	0.261012	2.836987
39960	-1821.449	-2100.99	279.5401	1.033283	2.584349	0.91792	0.0820799	4.233301
39966	-1831.414	-2112.425	281.0111	1.477375	2.332744	0.651005	0.348995	3.198293
39972	-1818.73	-2099.515	280.7845	1.134297	3.596751	0.931198	0.0688018	3.211112
39978	-1817.531	-2099.455	281.9238	1.554382	4.03195	0.875595	0.124405	2.156034
39984	-1820.479	-2101.894	281.4157	1.535309	3.043183	0.817193	0.182807	2.720685
39990	-1820.933	-2102.129	281.1966	1.594318	3.411876	0.891011	0.108989	2.728165
39996	-1818.45	-2098.211	279.7608	1.048926	2.453835	0.960574	0.0394262	4.135314
40002	-1826.171	-2107.795	281.6247	1.380407	2.692796	0.831141	0.168859	2.782
40008	-1828.263	-2107.304	279.0408	1.107585	2.692796	0.908239	0.091761	4.444632
40014	-1828.558	-2108.977	280.4193	1.413005	4.627366	0.794445	0.205555	3.059955
40020	-1819.968	-2100.733	280.7655	1.169673	2.495964	0.94304	0.05696	3.475217
40026	-1825.229	-2105.336	280.107	1.096247	2.65702	0.748967	0.251033	3.854269
40032	-1814.134	-2093.781	279.6469	1.212829	3.764453	0.914365	0.0856354	3.793789
40038	-1814.389	-2095.049	280.6591	1.124402	2.076876	0.94607	0.0539302	3.692103
40044	-1831.761	-2109.309	277.5477	0.9221944	2.076876	0.923321	0.076679	5.553025
40050	-1833.751	-2111.556	277.8044	0.7943762	1.859927	0.779921	0.220079	5.553025
40056	-1815.272	-2095.224	279.9525	1.14643	1.763734	0.671661	0.328339	4.19298
40062	-1819.444	-2099.367	279.9227	1.148935	3.027271	0.82694	0.17306	3.835407
40068	-1835.937	-2116.362	280.4246	1.216574	2.956692	0.837742	0.162258	3.523218
40074	-1831.508	-2112.204	280.6961	1.335468	3.411328	0.833451	0.166549	3.185429
40080	-1835.285	-2115.321	280.0362	1.141319	2.931561	0.903593	0.096407	3.797993
40086	-1860.248	-2141.795	281.5472	1.09191	2.897543	0.841002	0.158998	2.947923
40092	-1820.524	-2101.75	281.2257	1.484717	2.425048	0.846455	0.153545	3.038016
40098	-1818.543	-2098.744	280.2011	1.270909	2.009614	0.931661	0.0683394	3.893852
40104	-1827.568	-2104.997	277.4294	1.057216	2.959407	0.740783	0.259217	5.304499
40110	-1825.76	-2106.678	280.9179	1.237486	2.945307	0.878061	0.121939	3.224189
40116	-1820.511	-2102.732	282.2211	1.489853	2.103273	0.906661	0.0933395	2.532423
40122	-1827.449	-2108.974	281.5258	1.462152	4.343744	0.929982	0.0700178	2.405246
40128	-1830.624	-2112.248	281.624	1.59358	3.026784	0.933183	0.0668174	2.560477
40134	-1827.439	-2108.728	281.2887	1.525388	4.113662	0.89455	0.10545	2.560477
40140	-1827.877	-2107.534	279.6574	1.338591	3.82069	0.863499	0.136501	3.70377
40146	-1822.167	-2102.975	280.808	1.307319	2.675222	0.86851	0.13149	3.319278
40152	-1824.122	-2105.943	281.8218	1.395851	2.021514	0.902419	0.0975807	2.863986
40158	-1826.401	-2107.98	281.5786	1.395851	2.4752	0.937884	0.0621164	2.863986
40164	-1820.943	-2102.874	281.9301	1.232369	2.118237	0.861863	0.138137	2.863986
40170	-1840.352	-2121.477	281.1254	1.345244	2.583758	0.869887	0.130113	3.134613
40176	-1838.318	-2119.577	281.2589	1.345244	2.583758	0.713959	0.286041	3.054972
40182	-1830.584	-2111.775	281.1915	1.428274	2.942545	0.840157	0.159843	2.947788
40188	-1830.512	-2110.124	279.6116	1.28676	3.394116	0.767442	0.232558	3.850102
40194	-1813.929	-2095.524	281.595	1.200225	2.626875	0.936391	0.0636086	2.92795
40200	-1823.712	-2104.888	281.176	1.357506	3.512458	0.787065	0.212935	2.861755
40206	-1840.602	-2120.564	279.9626	1.180209	5.247471	0.844679	0.155321	3.364126
40212	-1826.974	-2107.613	280.6394	1.353663	4.702869	0.873902	0.126098	2.950117
40218	-1839.185	-2120.802	281.6169	1.511109	3.058721	0.687303	0.312697	2.607685
40224	-1833.943	-2112.9	278.9574	0.9301628	3.283958	0.772845	0.227155	4.449284
40230	-1827.608	-2105.858	278.2499	1.071662	2.991701	0.933423	0.0665768	4.833628
40236	-1828.561	-2108.621	280.0605	1.310454	2.847722	0.931425	0.0685754	3.707608
40242	-1825.088	-2106.02	280.9324	1.332201	2.847722	0.846661	0.153339	3.1848
40248	-1823.72	-2104.835	281.1143	1.216302	2.701791	0.846299	0.153701	3.1848
40254	-1830.617	-2111.116	280.4996	1.402956	2.922278	0.854215	0.145785	3.379092
40260	-1849.635	-2131.794	282.159	1.475493	2.347828	0.795307	0.204693	2.497797
40266	-1844.595	-2126.899	282.304	1.410919	2.231345	0.937493	0.0625071	2.485904
40272	-1831.261	-2111.23	279.969	1.322869	2.84925	0.85991	0.14009	3.752878
40278	-1821.994	-2105.048	283.0547	1.416011	2.567146	0.805663	0.194337	1.883986
40284	-1809.102	-2091.718	282.6163	1.342558	2.763201	0.900123	0.0998773	2.163187
40290	-1829.785	-2111.739	281.9539	1.328577	2.803887	0.873604	0.126396	2.580421
40296	-1815.493	-2097.403	281.9099	1.437297	3.392772	0.756186	0.243814	2.3869
40302	-1813.365	-2094.442	281.0771	1.198716	3.52656	0.893243	0.106757	3.013871
40308	-1817.853	-2100.035	282.1827	1.37442	2.229882	0.858803	0.141197	2.584654
40314	-1824.244	-2105.887	281.6435	1.362266	2.648005	0.912643	0.0873566	2.794343
40320	-1827.901	-2109.092	281.1911	1.517923	3.34343	0.92328	0.0767197	2.794343
40326	-1826.099	-2108.365	282.2655	1.397634	2.396238	0.847579	0.152421	2.464327
40332	-1822.126	-2103.62	281.4941	1.283279	3.470788	0.802196	0.197804	2.72275
40338	-1824.146	-2105.564	281.4178	1.359617	3.470788	0.850696	0.149304	2.72275
40344	-1825.504	-2105.265	279.7608	1.196132	4.32913	0.781114	0.218886	3.628702
40350	-1825.361	-2106.144	280.7823	1.339704	2.25711	0.901591	0.0984094	3.437534
40356	-1808.505	-2088.994	280.4889	1.56205	3.306347	0.835487	0.164513	3.19808
40362	-1818.174	-2098.247	280.073	1.261583	2.043285	0.928083	0.0719165	3.961443
40368	-1817.975	-2098.008	280.0325	1.150177	1.976028	0.944949	0.0550507	4.070635
40374	-1823.351	-2103.337	279.9868	1.161119	2.01063	0.939423	0.060577	4.078844
40380	-1822.03	-2101.208	279.1781	1.078645	2.846741	0.7796	0.2204	4.34414
40386	-1823.169	-2101.917	278.7485	1.157562	3.731753	0.747028	0.252972	4.34414
40392	-1822.782	-2102.192	279.4105	1.157562	2.616117	0.768601	0.231399	4.227761
40398	-1824.796	-2103.27	278.474	1.157562	2.979338	0.879896	0.120104	4.663349
40404	-1846.186	-2127.009	280.8225	1.6428	4.690026	0.842642	0.157358	2.665098
40410	-1831.023	-2111.165	280.1419	1.150128	1.836929	0.843334	0.156666	4.056618
40416	-1820.377	-2101.152	280.775	1.102537	1.836929	0.779714	0.220286	3.720592
40422	-1820.835	-2101.316	280.4814	1.04606	2.465916	0.937249	0.0627508	3.720592
40428	-1822.015	-2103.568	281.553	1.245028	2.829359	0.817624	0.182376	2.870109
40434	-1856.986	-2136.129	279.1425	1.109523	4.190746	0.676682	0.323318	4.059345
40440	-1824.598	-2106.663	282.0647	1.32287	2.884974	0.865358	0.134642	2.492541
40446	-1839.605	-2119.997	280.3921	1.244957	2.458998	0.865997	0.134003	3.659247
40452	-1823.791	-2104.811	281.0198	1.43287	3.816171	0.883354	0.116646	2.844199
40458	-1827.48	-2109.622	282.1421	1.608505	3.816171	0.877808	0.122192	2.025505
40464	-1823.653	-2105.548	281.8949	1.725001	3.756451	0.813199	0.186801	2.125441
40470	-1816.444	-2098.815	282.3717	1.497777	3.103429	0.984722	0.0152779	2.125441
40476	-1806.705	-2089.565	282.8598	1.846853	3.103429	0.771935	0.228065	1.548517
40482	-1813.048	-2093.813	280.7648	1.417803	3.103429	0.865462	0.134538	3.168504
40488	-1808.696	-2090.055	281.3595	1.392993	3.371656	0.873112	0.126888	2.761162
40494	-1833.897	-2116.162	282.2646	1.72372	4.608679	0.890423	0.109577	1.687007
40500	-1820.707	-2101.776	281.0689	1.487189	4.608679	0.663892	0.336108	2.624002
40506	-1826.273	-2108.212	281.9396	1.565365	3.023099	0.866004	0.133996	2.381335
40512	-1830.414	-2111.335	280.9208	1.484761	2.262232	0.712198	0.287802	3.2693
40518	-1820.612	-2100.235	279.6233	1.181429	3.19309	0.919781	0.0802192	3.949275
40524	-1820.13	-2101.558	281.4286	1.29205	3.19309	0.895085	0.104915	2.823541
40530	-1816.955	-2099.362	282.4074	1.652259	2.714172	0.805894	0.194106	2.11203
40536	-1819.462	-2101.847	282.3852	1.61657	2.275281	0.963784	0.0362159	2.289631
40542	-1812.296	-2093.387	281.091	1.625864	4.638507	0.805823	0.194177	2.518711
40548	-1817.207	-2099.01	281.8033	1.388535	2.418014	0.859766	0.140234	2.749146
40554	-1829.715	-2109.031	279.3166	1.082528	2.42872	0.817908	0.182092	4.375096
40560	-1827.121	-2107.018	279.8977	1.162939	4.085129	0.911297	0.0887034	3.614273
40566	-1829.967	-2110.266	280.2983	1.488253	3.141818	0.937271	0.0627293	3.392853
40572	-1822.736	-2103.625	280.8891	1.424168	3.453216	0.806258	0.193742	3.007969
40578	-1823.02	-2104.315	281.2955	1.404364	2.548054	0.902023	0.0979771	3.007969
40584	-1825.03	-2104.295	279.2647	1.141266	3.13363	0.783183	0.216817	4.190355
40590	-1821.928	-2101.049	279.1217	1.16768	3.428433	0.906727	0.0932733	4.190355
40596	-1828.915	-2108.566	279.6512	1.086668	2.709982	0.809517	0.190483	4.106366
40602	-1815.083	-2096.108	281.0254	1.289969	2.57858	0.851949	0.148051	3.228171
40608	-1832.162	-2112.552	280.3892	1.489975	3.626112	0.850408	0.149592	3.228171
40614	-1831.622	-2111.898	280.2763	0.9432292	3.145124	0.95541	0.0445895	3.721993
40620	-1832.669	-2112.066	279.3968	1.180595	2.792197	0.806579	0.193421	4.176313
40626	-1832.122	-2111.635	279.5132	1.17978	2.481651	0.710785	0.289215	4.193815
40632	-1819.635	-2098.625	278.9897	1.197474	3.687963	0.806878	0.193122	4.193815
40638	-1818.193	-2098.933	280.7401	1.277485	2.554063	0.850811	0.149189	3.410432
40644	-1812.84	-2092.159	279.3188	1.327919	4.018946	0.857094	0.142906	3.865903
40650	-1806.314	-2086.401	280.0872	1.157529	3.116178	0.894389	0.105611	3.714257
40656	-1808.585	-2088.821	280.2367	1.20367	2.975219	0.811145	0.188855	3.635277
40662	-1820.778	-2102.455	281.6775	1.416653	4.767956	0.819472	0.180528	2.25584
40668	-1822.433	-2103.14	280.7068	1.303225	4.19904	0.945149	0.0548506	3.033335
40674	-1828.779	-2110.289	281.5101	1.303225	3.842753	0.839685	0.160315	2.617758
40680	-1821.886	-2101.887	280.0013	1.328277	3.380557	0.717362	0.282638	3.60412
40686	-1817.546	-2098.207	280.6609	1.030121	2.084027	0.769083	0.230917	3.743187
40692	-1824.61	-2105.015	280.405	1.272887	3.476557	0.905072	0.0949283	3.379448
40698	-1819.259	-2099.89	280.6307	1.391698	2.553535	0.940723	0.059277	3.407732
40704	-1826.825	-2108.668	281.8427	1.405342	4.98666	0.845896	0.154104	2.11545
40710	-1815.214	-2095.218	280.0035	1.299973	4.34769	0.681114	0.318886	3.423352
40716	-1818.241	-2098.368	280.1277	1.256816	3.566874	0.887642	0.112358	3.531259
40722	-1823.177	-2103.597	280.4199	1.213208	3.566874	0.826659	0.173341	3.385928
40728	-1821.496	-2102.128	280.6325	1.188389	3.732721	0.750454	0.249546	3.239925
40734	-1837.526	-2116.683	279.1572	1.195027	3.459738	0.944282	0.0557182	4.147884
40740	-1839.973	-2121.463	281.4899	1.548679	2.922027	0.863204	0.136796	2.698676
40746	-1826.694	-2110.122	283.4281	1.682255	2.395076	0.840911	0.159089	1.489136
40752	-1851.442	-2133.396	281.9546	1.534462	2.851795	0.706425	0.293575	2.43808
40758	-1839.324	-2120.583	281.2584	1.516421	3.182585	0.89788	0.10212	2.79318
40764	-1840.627	-2122.888	282.2608	1.451521	2.714256	0.801419	0.198581	2.336131
40770	-1852.611	-2133.718	281.1065	1.275851	3.270014	0.774704	0.225296	3.009098
40776	-1841.148	-2122.212	281.0638	1.35631	3.270014	0.854998	0.145002	2.986481
40782	-1834.879	-2115.315	280.4358	1.330886	2.347206	0.925078	0.0749218	3.616968
40788	-1820.044	-2099.501	279.457	1.15299	2.921542	0.80631	0.19369	4.125269
40794	-1825.069	-2104.475	279.4059	1.068743	3.247181	0.864245	0.135755	4.125269
40800	-1806.184	-2086.927	280.7424	1.32181	3.023167	0.712874	0.287126	3.258489
40806	-1810.733	-2089.309	278.5757	1.111804	4.401569	0.877957	0.122043	4.341737
40812	-1820.639	-2100.034	279.3948	1.238247	4.538471	0.776929	0.223071	3.778433
40818	-1842.218	-2121.982	279.764	1.008456	2.642618	0.822413	0.177587	4.104507
40824	-1813.701	-2094.589	280.8874	1.155521	2.78613	0.950697	0.0493029	3.331973
40830	-1819.725	-2100.316	280.5901	0.9961272	1.808487	0.974074	0.0259263	3.898586
40836	-1817.175	-2097.458	280.2833	1.32179	2.790065	0.821683	0.178317	3.586854
40842	-1816.551	-2098.035	281.4838	1.498774	4.103713	0.795641	0.204359	2.457319
40848	-1812.857	-2094.233	281.3759	1.358283	3.324358	0.905719	0.0942805	2.783565
40854	-1805.346	-2085.75	280.4042	1.304635	3.324358	0.91451	0.0854897	3.395613
40860	-1810.422	-2090.899	280.4777	1.408663	2.894595	0.812954	0.187046	3.395613
40866	-1815.175	-2097.046	281.871	1.312802	3.003514	0.880121	0.119879	2.587586
40872	-1831.261	-2110.945	279.6839	1.133818	2.517494	0.855468	0.144532	4.112902
40878	-1837.399	-2117.066	279.6673	1.108088	2.605212	0.872542	0.127458	4.112902
40884	-1832.608	-2113.561	280.953	1.244053	3.486478	0.899458	0.100542	3.069949
40890	-1839.254	-2120.304	281.05	1.193561	3.486478	0.81258	0.18742	3.04216
40896	-1829.682	-2111.177	281.4952	1.246433	3.314309	0.930851	0.0691491	2.7814
40902	-1828.597	-2109.968	281.3706	1.10762	3.347592	0.909624	0.0903763	2.933177
40908	-1827.51	-2107.512	280.0014	1.069216	2.617321	0.897074	0.102926	3.941107
40914	-1827.115	-2106.722	279.6072	1.244826	3.112017	0.82654	0.17346	3.941107
40920	-1830.917	-2110.428	279.5111	1.110325	3.713146	0.875151	0.124849	3.941107
40926	-1823.902	-2104.796	280.8947	1.393451	4.258507	0.868901	0.131099	2.854242
40932	-1826.404	-2108.073	281.6688	1.309352	2.518036	0.882907	0.117093	2.848949
40938	-1824.961	-2104.464	279.5024	1.269686	3.700198	0.94999	0.0500096	3.857339
40944	-1819.845	-2099.5	279.6548	1.230307	3.700198	0.883835	0.116165	3.792344
40950	-1818.601	-2097.88	279.2791	1.230307	4.836082	0.852917	0.147083	3.798972
40956	-1816.529	-2095.414	278.8853	1.222062	3.772664	0.848601	0.151399	4.222007
40962	-1825.812	-2106.454	280.6416	1.476266	3.739518	0.785899	0.214101	3.061962
40968	-1825.478	-2106.712	281.234	1.487681	3.723281	0.822239	0.177761	2.700061
40974	-1834.006	-2115.895	281.8891	1.447136	3.09703	0.895494	0.104506	2.468112
40980	-1824.675	-2106.85	282.1755	1.49394	4.112433	0.868838	0.131162	2.012602
40986	-1819.429	-2100.72	281.2907	1.201399	3.088934	0.814517	0.185483	2.987338
40992	-1825.597	-2106.906	281.3098	1.362399	3.902646	0.928283	0.071717	2.691894
40998	-1813.116	-2094.983	281.8667	1.335309	2.503546	0.772041	0.227959	2.716853
41004	-1814.898	-2096.277	281.379	1.444926	2.666721	0.832307	0.167693	2.899295
41010	-1810.108	-2090.204	280.0964	1.234541	3.275942	0.834812	0.165188	3.627021
41016	-1818.877	-2098.909	280.0315	1.094026	3.829308	0.826057	0.173943	3.627021
41022	-1822.426	-2102.326	279.9001	1.294963	3.634255	0.737068	0.262932	3.627021
41028	-1811.705	-2091.284	279.5792	1.390032	4.203791	0.734868	0.265132	3.644734
41034	-1809.053	-2090.627	281.5747	1.553424	4.203791	0.865647	0.134353	2.344782
41040	-1824.344	-2105.391	281.0474	1.510907	4.159748	0.683424	0.316576	2.709034
41046	-1834.35	-2115.326	280.9758	1.510907	2.987592	0.910162	0.0898376	3.016134
41052	-1810.559	-2091.87	281.3113	1.344164	2.612153	0.877148	0.122852	3.016134
41058	-1818.783	-2101.372	282.5888	1.556847	2.599644	0.768624	0.231376	2.090851
41064	-1834.306	-2114.18	279.8739	1.200946	5.311143	0.696079	0.303921	3.394016
41070	-1838.118	-2118.37	280.2518	1.303465	2.562054	0.875785	0.124215	3.677351
41076	-1836.789	-2116.799	280.0102	1.208346	3.340873	0.826866	0.173134	3.677351
41082	-1824.445	-2104.715	280.2703	1.221099	2.697125	0.835523	0.164477	3.677351
41088	-1824.33	-2104.488	280.1582	1.223112	2.943713	0.807736	0.192264	3.677351
41094	-1818.184	-2097.368	279.1836	1.292857	2.049613	0.799403	0.200597	4.446425
41100	-1822.215	-2102.04	279.8257	1.50065	3.424826	0.812597	0.187403	3.596085
41106	-1808.648	-2090.393	281.745	1.50065	3.424826	0.75785	0.24215	2.443183
41112	-1824.417	-2105.64	281.2238	1.579351	3.322287	0.895858	0.104142	2.741919
41118	-1826.914	-2108.351	281.4375	1.354676	3.322287	0.777745	0.222255	2.748661
41124	-1817.359	-2098.95	281.5909	1.5119	3.801509	0.81552	0.18448	2.446321
41130	-1822.062	-2103.815	281.7523	1.226158	3.47787	0.870448	0.129552	2.59729
41136	-1827.632	-2110.348	282.7168	1.380646	1.646562	0.982657	0.0173431	2.467634
41142	-1814.961	-2095.453	280.492	1.38719	2.964663	0.787722	0.212278	3.382062
41148	-1815.555	-2095.119	279.5644	1.359818	3.563917	0.514503	0.485497	3.798395
41154	-1806.404	-2086.337	279.9336	1.356228	2.864261	0.802014	0.197986	3.750222
41160	-1810.821	-2091.512	280.6912	1.21321	2.115686	0.910996	0.0890042	3.609397
41166	-1811.291	-2091.396	280.1048	1.244787	3.157905	0.882718	0.117282	3.64368
41172	-1820.913	-2100.989	280.0757	1.421117	3.444411	0.766858	0.233142	3.492536
41178	-1813.148	-2095.177	282.0295	1.56541	2.625518	0.836202	0.163798	2.43657
41184	-1818.585	-2099.735	281.1496	1.33825	2.522407	0.756119	0.243881	3.141996
41190	-1814.419	-2094.912	280.4928	1.32161	2.134213	0.821796	0.178204	3.655536
41196	-1824.026	-2104.087	280.0609	1.253367	2.467178	0.938336	0.061664	3.843121
41202	-1823.481	-2102.935	279.454	1.262134	3.284658	0.85085	0.14915	3.978999
41208	-1814.545	-2094.751	280.2058	0.9541769	2.305059	0.899429	0.100571	3.978999
41214	-1807.2	-2086.559	279.3588	1.336154	3.338652	0.922567	0.0774335	3.978999
41220	-1803.999	-2082.471	278.4725	1.053858	2.504917	0.800074	0.199926	4.843419
41226	-1815.916	-2094.942	279.0262	1.070464	2.657322	0.739205	0.260795	4.483075
41232	-1817.478	-2097.577	280.0988	1.296366	2.657322	0.798865	0.201135	3.743674
41238	-1826.826	-2108.283	281.4562	1.383331	2.873178	0.869493	0.130507	2.833213
41244	-1838.153	-2118.475	280.3222	1.37039	2.897702	0.994534	0.00546612	3.508162
41250	-1820.927	-2102.49	281.5632	1.424752	2.102163	0.919082	0.0809179	2.974712
41256	-1819.128	-2100.829	281.7015	1.424752	2.635737	0.665061	0.334939	2.724268
41262	-1814.117	-2096.196	282.079	1.213757	2.300935	0.85246	0.14754	2.724268
41268	-1814.573	-2093.835	279.2617	1.224005	2.835179	0.940336	0.0596641	4.217428
41274	-1825.379	-2106.079	280.7007	1.312178	2.208244	0.918662	0.0813377	3.516553
41280	-1821.539	-2102.418	280.8793	1.317586	3.212316	0.943245	0.0567551	3.133643
41286	-1824.927	-2106.109	281.1811	1.363162	3.397192	0.812077	0.187923	2.881689
41292	-1822.307	-2104.546	282.2386	1.695277	2.426444	0.966969	0.0330311	2.283089
41298	-1821.159	-2100.92	279.7609	1.358657	4.089599	0.90479	0.0952097	3.579165
41304	-1825.078	-2105.088	280.0092	1.030212	2.678088	0.758117	0.241883	3.942599
41310	-1822.198	-2101.85	279.6519	1.204134	3.096112	0.808886	0.191114	3.942599
41316	-1817.433	-2097.753	280.3197	1.261723	3.096112	0.939171	0.0608288	3.523726
41322	-1820.15	-2099.815	279.6649	1.195379	2.653099	0.953728	0.046272	4.05168
41328	-1820.133	-2099.18	279.0465	1.327165	4.188328	0.82521	0.17479	3.990332
41334	-1829.848	-2107.662	277.8145	1.397756	4.188328	0.858018	0.141982	4.64724
41340	-1822.871	-2101.109	278.2385	1.044308	3.975342	0.761452	0.238548	4.64724
41346	-1823.149	-2103.502	280.3526	1.273027	2.543658	0.822667	0.177333	3.641755
41352	-1832.041	-2111.467	279.4258	1.221652	2.543658	0.948939	0.0510614	4.202418
41358	-1831.406	-2110.929	279.5232	1.288198	3.519489	0.922855	0.0771445	3.872765
41364	-1827.632	-2107.218	279.5857	1.018828	2.784878	0.89323	0.10677	4.162741
41370	-1837.68	-2118.735	281.0543	1.066091	2.391885	0.940826	0.0591738	3.397323
41376	-1826.704	-2107.466	280.7619	1.239546	2.598586	0.933042	0.0669577	3.407388
41382	-1837.853	-2118.386	280.5327	1.226462	3.123239	0.877601	0.122399	3.413395
41388	-1830.273	-2111.53	281.2565	1.159991	1.980426	0.949552	0.0504483	3.35586
41394	-1828.551	-2109.713	281.1612	1.119982	1.980426	0.928527	0.0714734	3.435213
41400	-1826.017	-2104.651	278.6343	1.040598	3.29828	0.932132	0.0678684	4.56573
41406	-1824.778	-2104.208	279.4302	1.040598	2.980396	0.910206	0.0897936	4.189995
41412	-1830.253	-2107.515	277.2617	1.096594	2.980396	0.751085	0.248915	5.370352
41418	-1811.16	-2088.792	277.6319	0.8442104	2.714443	0.813415	0.186585	5.370352
41424	-1796.575	-2075.707	279.1319	1.115959	2.210162	0.97617	0.0238303	4.52457
41430	-1803.127	-2083.066	279.9389	1.232144	3.299891	0.806918	0.193082	3.714112
41436	-1798.257	-2078.215	279.9578	1.305423	3.072181	0.795085	0.204915	3.714112
41442	-1812.383	-2091.66	279.2768	1.223733	2.892887	0.863487	0.136513	4.194549
41448	-1814.635	-2094.7	280.065	1.120904	2.710489	0.930266	0.0697343	3.849969
41454	-1806.028	-2086.444	280.4159	1.471291	4.012758	0.896019	0.103981	3.143236
41460	-1797.701	-2078.713	281.0117	1.345391	2.632387	0.853304	0.146696	3.188312
41466	-1809.863	-2090.678	280.8146	1.290793	3.210827	0.786644	0.213356	3.188312
41472	-1819.278	-2100.167	280.8894	1.22483	2.108521	0.975364	0.0246365	3.489574
41478	-1814.043	-2094.464	280.4211	1.234315	2.108521	0.940812	0.0591878	3.755734
41484	-1828.527	-2108.867	280.3398	1.32985	3.201733	0.903277	0.0967229	3.447022
41490	-1818.948	-2099.638	280.6898	1.157065	3.201733	0.735192	0.264808	3.343134
41496	-1832.078	-2111.802	279.7239	1.214209	2.943956	0.777339	0.222661	3.932454
41502	-1813.062	-2091.933	278.8712	1.106897	5.096232	0.878982	0.121018	4.061314
41508	-1816.394	-2095.957	279.563	1.158799	2.92257	0.847549	0.152451	4.061314
41514	-1811.157	-2092.928	281.7703	1.372786	3.077827	0.792392	0.207608	2.593431
41520	-1812.768	-2093.807	281.0397	1.5327	4.204728	0.885616	0.114384	2.691435
41526	-1819.371	-2098.803	279.4318	1.298745	3.338569	0.919304	0.0806961	3.958648
41532	-1826.798	-2110.186	283.3874	1.652644	2.347918	0.866465	0.133535	1.559438
41538	-1810.454	-2093.523	283.069	1.652644	2.307554	0.88614	0.11386	1.80121
41544	-1810.655	-2092.144	281.4896	1.603162	3.647984	0.656005	0.343995	2.486999
41550	-1808.106	-2089.769	281.6635	1.533372	3.904861	0.776329	0.223671	2.364306
41556	-1811.045	-2092.777	281.7317	1.543297	3.582287	0.848034	0.151966	2.387436
41562	-1833.651	-2115.331	281.6796	1.508768	2.70358	0.962054	0.0379459	2.666741
41568	-1818.878	-2100.898	282.0198	1.29848	1.795827	0.937605	0.0623948	2.88628
41574	-1819.411	-2099.896	280.4843	1.195419	2.587843	0.82579	0.17421	3.598013
41580	-1826.998	-2107.527	280.5288	1.290326	3.468542	0.868456	0.131544	3.298194
41586	-1814.794	-2094.189	279.3953	1.132873	4.458211	0.819587	0.180413	3.852888
41592	-1816.72	-2098.056	281.3365	1.345586	2.364479	0.803301	0.196699	3.073403
41598	-1831.028	-2112.434	281.4063	1.366197	2.146306	0.847041	0.152959	3.088927
41604	-1829.019	-2111.555	282.5363	1.554601	3.135791	0.887429	0.112571	1.970098
41610	-1818.23	-2100.243	282.0134	1.461084	2.88214	0.600569	0.399431	2.438831
41616	-1826.095	-2107.477	281.3818	1.420046	2.453538	0.854991	0.145009	2.97464
41622	-1840.681	-2121.147	280.4659	1.45607	3.479835	0.841963	0.158037	3.234961
41628	-1839.086	-2121.014	281.9278	1.434881	3.510605	0.943074	0.0569265	2.348767
41634	-1828.628	-2110.454	281.8252	1.434881	3.8945	0.759332	0.240668	2.326437
41640	-1824.529	-2106.592	282.0627	1.529531	4.560206	0.925244	0.0747558	1.969862
41646	-1837.222	-2119.479	282.2577	1.587332	4.167205	0.794072	0.205928	1.882411
41652	-1840.198	-2121.952	281.754	1.558191	4.109286	0.735861	0.264139	2.246824
41658	-1851.253	-2132.735	281.4821	1.556075	3.985123	0.805789	0.194211	2.447208
41664	-1840.595	-2123.357	282.7612	1.556075	2.545573	0.880732	0.119268	1.994368
41670	-1821.572	-2101.941	280.3689	1.449648	2.048035	0.829394	0.170606	3.681406
41676	-1821.786	-2102.819	281.0334	1.15142	1.740017	0.892055	0.107945	3.578562
41682	-1830.623	-2109.747	279.1239	1.348991	2.727241	0.882452	0.117548	4.252333
41688	-1809.826	-2089.904	280.0784	1.073203	2.075185	0.934063	0.0659366	4.055473
41694	-1817.183	-2097.369	280.1857	1.05588	1.922051	0.77403	0.22597	4.055473
41700	-1810.23	-2089.809	279.5792	1.059044	2.563685	0.888613	0.111387	4.20215
41706	-1808.999	-2089.432	280.4326	1.116588	2.563685	0.894877	0.105123	3.68042
41712	-1821.079	-2100.055	278.9759	1.074348	2.128827	0.857345	0.142655	4.660583
41718	-1822.934	-2099.613	276.6798	1.032457	2.54803	0.930155	0.0698452	5.83287
41724	-1821.188	-2101.928	280.7396	1.104977	1.584953	0.834456	0.165544	3.836006
41730	-1819.064	-2097.876	278.8114	1.141208	2.58933	0.743875	0.256125	4.582086
41736	-1822.613	-2102.552	279.9394	1.253638	3.188848	0.856325	0.143675	3.726995
41742	-1825.296	-2107.048	281.7525	1.466429	3.667998	0.849053	0.150947	2.403157
41748	-1842.287	-2124.877	282.5899	1.36223	2.43144	0.889799	0.110201	2.269769
41754	-1853.641	-2134.193	280.552	1.206185	3.51819	0.938992	0.0610082	3.323048
41760	-1821.87	-2103.362	281.4923	1.274758	2.267816	0.855945	0.144055	3.052795
41766	-1816.732	-2098.241	281.5087	1.458179	3.026075	0.883258	0.116742	2.71534
41772	-1824.186	-2105.563	281.3777	1.241383	2.831921	0.828264	0.171736	2.977368
41778	-1815.318	-2096.107	280.7893	1.298264	2.745309	0.928186	0.0718137	3.316568
41784	-1824.513	-2105.734	281.2211	1.334088	2.583002	0.978518	0.0214822	3.084454
41790	-1816.211	-2097.529	281.3184	1.290804	1.581004	0.900045	0.099955	3.393839
41796	-1821.039	-2102.036	280.9976	1.270787	2.125609	0.788615	0.211385	3.393839
41802	-1818.951	-2099.888	280.937	1.327452	2.132491	0.836549	0.163451	3.393839
41808	-1820.402	-2102.615	282.2125	1.205856	2.132491	0.859988	0.140012	2.703132
41814	-1823.469	-2105.503	282.0341	1.227051	1.913458	0.948822	0.0511778	2.876531
41820	-1833.387	-2113.59	280.2032	1.219059	2.884958	0.752686	0.247314	3.668407
41826	-1828.634	-2108.556	279.9221	1.18766	3.672521	0.731808	0.268192	3.668407
41832	-1821.097	-2102.271	281.1739	1.252609	3.240054	0.893585	0.106415	2.989782
41838	-1818.182	-2098.732	280.5501	1.209108	3.204545	0.897767	0.102233	3.393931
41844	-1831.097	-2108.64	277.5428	0.9446322	2.907319	0.750277	0.249723	5.316483
41850	-1819.821	-2099.343	279.522	1.074777	2.624393	0.81316	0.18684	4.209231
41856	-1813.604	-2092.924	279.3201	1.187921	3.509628	0.930649	0.0693513	4.048462
41862	-1822.883	-2102.215	279.332	1.217495	3.4004	0.763943	0.236057	4.048462
41868	-1809.575	-2090.58	281.006	1.382849	3.314175	0.803651	0.196349	2.994793
41874	-1819.181	-2099.351	280.17	1.249333	3.238068	0.951961	0.0480391	3.584455
41880	-1837.523	-2117.671	280.1486	1.234361	3.330286	0.739204	0.260796	3.584455
41886	-1816.195	-2097.97	281.7749	1.5085	3.524223	0.814777	0.185223	2.395747
41892	-1836.065	-2118.333	282.268	1.48386	2.721385	0.869574	0.130426	2.308848
41898	-1822.495	-2103.272	280.7768	1.191502	2.015027	0.844253	0.155747	3.605692
41904	-1825.705	-2106.202	280.4961	1.073061	2.797859	0.646931	0.353069	3.605692
41910	-1819.347	-2098.624	279.277	1.253888	4.161341	0.826972	0.173028	3.905373
41916	-1828.737	-2109.352	280.6142	1.373758	2.938603	0.809167	0.190833	3.32474
41922	-1833.893	-2115.952	282.0589	1.598142	2.313001	0.943211	0.0567892	2.495023
41928	-1842.94	-2124.029	281.0888	1.361652	3.123098	0.800421	0.199579	3.003859
41934	-1837.364	-2118.449	281.0847	1.494356	3.716988	0.64719	0.35281	2.788688
41940	-1821.864	-2102.421	280.5569	1.480345	3.150167	0.755872	0.244128	3.243267
41946	-1820.062	-2098.328	278.2658	1.010633	4.741899	0.722724	0.277276	4.515532
41952	-1809.039	-2089.085	280.0455	1.360375	2.962893	0.75947	0.24053	3.658369
41958	-1804.705	-2084.834	280.1287	1.343631	3.70392	0.901324	0.0986757	3.450925
41964	-1811.51	-2092.138	280.6278	1.237324	2.609044	0.976136	0.0238637	3.484189
41970	-1808.729	-2089.673	280.9445	1.359423	3.624257	0.921413	0.0785873	2.975397
41976	-1821.511	-2102.608	281.097	1.368794	3.201836	0.911934	0.0880659	2.975397
41982	-1823.075	-2103.381	280.306	1.244623	2.863601	0.77814	0.22186	3.599451
41988	-1815.54	-2095.995	280.4549	1.258887	2.512377	0.857549	0.142451	3.599451
41994	-1824.144	-2104.38	280.2363	1.173968	2.512377	0.922741	0.0772593	3.775023
42000	-1816.909	-2096.902	279.9929	1.180306	1.932389	0.906335	0.0936646	4.090897
42006	-1829.26	-2107.641	278.3812	1.112098	3.549097	0.842454	0.157546	4.613857
42012	-1817.176	-2098.067	280.8907	1.118287	3.338883	0.766098	0.233902	3.215394
42018	-1814.067	-2093.769	279.7023	1.433324	3.590515	0.870051	0.129949	3.670684
42024	-1818.731	-2098.674	279.9435	1.186725	3.433527	0.926937	0.073063	3.707795
42030	-1816.653	-2098.213	281.5604	1.355608	2.891959	0.794341	0.205659	2.781655
42036	-1823.213	-2105.728	282.5154	1.403584	2.353268	0.822248	0.177752	2.316473
42042	-1823.683	-2105.335	281.6528	1.516948	4.212537	0.820412	0.179588	2.316473
42048	-1825.71	-2107.958	282.2486	1.56223	3.646295	0.864569	0.135431	2.025656
42054	-1830.344	-2111.281	280.9365	1.629989	3.719991	0.936719	0.0632811	2.795653
42060	-1820.951	-2101.96	281.0083	1.321569	3.237304	0.835484	0.164516	3.048325
42066	-1824.469	-2106.601	282.1312	1.304367	2.670386	0.910577	0.0894231	2.523163
42072	-1827.254	-2109.072	281.818	1.284109	3.553934	0.799488	0.200512	2.502714
42078	-1820.339	-2100.51	280.1711	1.205381	4.127446	0.836661	0.163339	3.42202
42084	-1840.07	-2120.605	280.534	1.214366	3.267301	0.847901	0.152099	3.385562
42090	-1827.37	-2107.946	280.5756	1.201411	2.492681	0.636764	0.363236	3.568346
42096	-1820.328	-2100.025	279.6977	1.191825	3.062484	0.753859	0.246141	3.931454
42102	-1821.119	-2100.901	279.7816	1.107919	3.062484	0.737982	0.262018	3.931454
42108	-1828.036	-2109.037	281.0016	1.241268	2.170506	0.929024	0.0709765	3.394197
42114	-1827.737	-2107.69	279.953	1.079918	2.418463	0.890492	0.109508	4.018246
42120	-1821.001	-2100.665	279.6634	1.087719	3.030527	0.946263	0.0537371	4.018246
42126	-1833.756	-2114.166	280.4105	1.187469	2.891375	0.829427	0.170573	3.564829
42132	-1820.904	-2101.669	280.7656	1.345289	2.467531	0.976743	0.0232567	3.380605
42138	-1829.27	-2110.353	281.0833	1.30493	2.467531	0.915146	0.0848538	3.217109
42144	-1818.14	-2099.103	280.9629	1.302994	3.54036	0.892514	0.107486	3.016757
42150	-1827.87	-2109.383	281.5134	1.317634	3.42234	0.846766	0.153234	2.701172
42156	-1830.644	-2111.462	280.8174	1.250879	3.088116	0.856479	0.143521	3.240031
42162	-1826.862	-2107.913	281.0511	1.399538	2.948943	0.652388	0.347612	3.047639
42168	-1844.127	-2125.725	281.5979	1.678952	3.053625	0.730355	0.269645	2.516598
42174	-1840.931	-2119.433	278.5023	1.242809	4.028619	0.877745	0.122255	4.377185
42180	-1834.646	-2114.72	280.0735	1.263386	2.696024	0.862017	0.137983	3.766922
42186	-1847.892	-2127.558	279.6664	1.224367	5.351563	0.79605	0.20395	3.495368
42192	-1832.452	-2113.018	280.5663	1.339305	3.356362	0.73946	0.26054	3.272507
42198	-1838.237	-2118.897	280.6598	1.473767	3.923541	0.921943	0.0780571	3.014214
42204	-1820.637	-2100.858	280.221	1.468529	3.347043	0.798581	0.201419	3.401698
42210	-1828.182	-2109.433	281.251	1.468529	3.419221	0.812935	0.187065	2.77011
42216	-1827.44	-2107.769	280.3294	1.435666	3.962685	0.832037	0.167963	3.225656
42222	-1829.209	-2110.394	281.1842	1.39783	4.623212	0.868393	0.131607	2.605274
42228	-1829.977	-2112.826	282.8485	1.480343	2.589633	0.726906	0.273094	1.972468
42234	-1826.351	-2104.992	278.6409	1.296937	3.530119	0.783701	0.216299	4.367671
42240	-1833.173	-2113.136	279.9631	1.53095	3.530119	0.703307	0.296693	3.47529
42246	-1818.622	-2100.28	281.658	1.624243	3.85564	0.899383	0.100617	2.320844
42252	-1824.394	-2105.351	280.9573	1.599275	2.927125	0.921346	0.0786542	2.989822
42258	-1815.089	-2095.459	280.3697	1.396683	6.053492	0.837261	0.162739	2.870699
42264	-1823.563	-2104.331	280.7686	1.363209	4.678367	0.769111	0.230889	2.870699
42270	-1823.357	-2104.587	281.2298	1.461624	4.086869	0.890697	0.109303	2.641886
42276	-1837.59	-2118.275	280.6854	1.222569	2.882451	0.875813	0.124187	3.386094
42282	-1822.862	-2103.227	280.3646	1.351086	3.928168	0.8739	0.1261	3.261828
42288	-1821.185	-2101.942	280.7566	1.37863	4.070442	0.847405	0.152595	2.983504
42294	-1813.831	-2095.474	281.6424	1.422991	2.711045	0.867761	0.132239	2.740046
42300	-1842.207	-2120.929	278.7221	1.272063	4.033379	0.694318	0.305682	4.235367
42306	-1837.03	-2116.497	279.4671	1.154703	3.258264	0.852691	0.147309	4.038904
42312	-1831.428	-2111.228	279.8002	1.147184	2.272751	0.705002	0.294998	4.109976
42318	-1852.45	-2134.521	282.0707	1.612567	3.341528	0.956159	0.043841	2.184456
42324	-1844.551	-2125.977	281.4266	1.470049	3.273854	0.8544	0.1456	2.696311
42330	-1831.977	-2113.886	281.9093	1.585102	2.845319	0.721817	0.278183	2.436525
42336	-1824.668	-2104.305	279.6368	1.191667	3.945602	0.886753	0.113247	3.77561
42342	-1812.241	-2090.172	277.9304	1.109154	2.723273	0.93095	0.0690501	5.056518
42348	-1809.855	-2089.248	279.3923	1.109154	3.548882	0.736606	0.263394	4.043903
42354	-1823.341	-2101.011	277.6699	0.9755893	2.870191	0.967099	0.0329008	5.238143
42360	-1838.409	-2119.072	280.6625	1.322273	3.418704	0.808581	0.191419	3.211487
42366	-1831.821	-2115.054	283.233	1.728657	2.770414	0.860077	0.139923	1.465483
42372	-1835.514	-2119.223	283.7089	1.666839	2.413841	0.749727	0.250273	1.273412
42378	-1835.158	-2117.943	282.7842	1.723718	2.413841	0.879527	0.120473	1.910071
42384	-1834.289	-2116.279	281.99	1.607188	2.413841	0.974065	0.0259351	2.500003
42390	-1822.575	-2102.727	280.1515	1.375928	3.810129	0.966417	0.0335827	3.39659
42396	-1840.985	-2122.16	281.1748	1.375928	4.970637	0.91156	0.08844	2.562204
42402	-1825.731	-2105.214	279.4833	1.148255	3.228126	0.836675	0.163325	4.040178
42408	-1815.668	-2094.636	278.967	1.239253	5.872633	0.545394	0.454606	3.814895
42414	-1813.407	-2093.218	279.8109	1.320199	3.149814	0.946549	0.0534508	3.771913
42420	-1833.884	-2115.144	281.2598	1.609332	2.587617	0.916859	0.0831412	2.894608
42426	-1835.683	-2117.211	281.528	1.502882	2.587617	0.951689	0.0483109	2.796485
42432	-1845.926	-2126.823	280.8966	1.526544	3.619515	0.899403	0.100597	2.904589
42438	-1833.546	-2113.559	280.0124	1.375769	3.619515	0.798593	0.201407	3.517862
42444	-1816.541	-2096.624	280.0834	1.320148	3.967314	0.747005	0.252995	3.437471
42450	-1818.797	-2099.783	280.9863	1.234828	2.077292	0.763215	0.236785	3.437471
42456	-1820.665	-2101.963	281.2983	1.510819	3.254577	0.80761	0.19239	2.754612
42462	-1809.704	-2089.942	280.2383	1.26357	3.280425	0.97125	0.0287496	3.526624
42468	-1812.336	-2092.498	280.1617	1.340235	3.280425	0.845658	0.154342	3.526624
42474	-1825.988	-2107.519	281.5312	1.433882	2.677112	0.852289	0.147711	2.810805
42480	-1820.121	-2100.166	280.0452	1.253025	4.060557	0.900224	0.0997759	3.480694
42486	-1816.723	-2096.961	280.2381	1.271072	3.042141	0.742889	0.257111	3.578922
42492	-1815.319	-2095.596	280.2765	1.316827	3.230452	0.694062	0.305938	3.484909
42498	-1819.293	-2101.027	281.7344	1.297815	2.332176	0.880171	0.119829	2.872947
42504	-1824.095	-2105.452	281.3571	1.306053	2.410302	0.886555	0.113445	3.070738
42510	-1834.402	-2116.861	282.4592	1.349313	1.801086	0.920145	0.0798553	2.584251
42516	-1835.196	-2116.553	281.3573	1.30635	3.104233	0.913958	0.0860422	2.880109
42522	-1838.736	-2120.26	281.5236	1.330646	2.759773	0.85353	0.14647	2.855054
42528	-1832.341	-2114.318	281.9771	1.261377	2.011068	0.899112	0.100888	2.855054
42534	-1831.419	-2112.697	281.2782	1.321646	2.746973	0.841891	0.158109	3.011912
42540	-1818.272	-2099.974	281.7022	1.393986	2.73344	0.804663	0.195337	2.714882
42546	-1812.047	-2094.981	282.9342	1.625046	3.006447	0.862089	0.137911	1.684609
42552	-1823.209	-2105.847	282.6376	1.625046	3.774553	0.931298	0.0687024	1.684609
42558	-1820.919	-2103.484	282.565	1.707961	3.860216	0.822503	0.177497	1.655901
42564	-1817.377	-2099.311	281.9339	1.781662	2.706014	0.938371	0.0616286	2.336486
42570	-1832.034	-2114.436	282.4023	1.452435	2.706014	0.820699	0.179301	2.247467
42576	-1840.743	-2120.042	279.2991	1.263873	4.673621	0.705673	0.294327	3.79542
42582	-1828.591	-2109.676	281.0855	1.437741	4.90143	0.843651	0.156349	2.591386
42588	-1826.001	-2107.583	281.5813	1.489459	3.40046	0.82337	0.17663	2.558337
42594	-1816.77	-2099.443	282.6727	1.68962	3.360134	0.84782	0.15218	1.72254
42600	-1817.032	-2100.42	283.3884	1.68962	2.943698	0.791431	0.208569	1.314727
42606	-1825.188	-2108.133	282.9457	1.743023	3.975974	0.741546	0.258454	1.311649
42612	-1814.666	-2097.522	282.8558	1.768435	3.743934	0.8661	0.1339	1.425871
42618	-1819.322	-2102.942	283.6201	1.768435	2.619774	0.804675	0.195325	1.177523
42624	-1814.34	-2097.432	283.0922	1.768435	2.955225	0.940717	0.0592831	1.480194
42630	-1812.457	-2095.836	283.3797	1.678042	2.524502	0.864117	0.135883	1.480194
42636	-1808.756	-2091.499	282.7424	1.595905	2.466383	0.960431	0.0395686	2.006274
42642	-1817.332	-2099.912	282.5801	1.611291	2.466383	0.968456	0.0315444	2.103351
42648	-1825.976	-2108.417	282.4412	1.399104	3.258518	0.732749	0.267251	2.103351
42654	-1818.795	-2099.972	281.1773	1.376085	2.618942	0.92727	0.0727296	3.075279
42660	-1807.99	-2089.232	281.2417	1.376085	2.754799	0.85659	0.14341	2.99897
42666	-1810.912	-2093.605	282.6929	1.390665	1.931455	0.772192	0.227808	2.361174
42672	-1817.703	-2100.029	282.3264	1.407424	2.584352	0.868234	0.131766	2.361174
42678	-1816.999	-2099.635	282.6363	1.559103	2.703842	0.980747	0.0192534	2.025702
42684	-1824.754	-2108.045	283.2904	1.483435	2.461819	0.911019	0.088981	1.709664
42690	-1815.502	-2098.423	282.9209	1.464074	2.433904	0.956634	0.043366	1.985967
42696	-1823.423	-2105.371	281.9479	1.426646	3.211719	0.972526	0.0274744	2.414588
42702	-1825.603	-2106.898	281.2945	1.654828	5.458463	0.818256	0.181744	2.226553
42708	-1823.381	-2106.047	282.6662	1.602048	1.974766	0.884714	0.115286	2.226553
42714	-1819.03	-2100.955	281.9248	1.448072	4.021267	0.926165	0.0738351	2.226553
42720	-1820.964	-2102.207	281.2427	1.323302	4.510646	0.90786	0.0921405	2.636235
42726	-1827.173	-2107.052	279.8787	1.417156	3.878999	0.982482	0.0175179	3.517986
42732	-1835.984	-2114.073	278.089	1.244864	2.943759	0.791729	0.208271	4.838256
42738	-1828.968	-2108.649	279.6802	1.387042	2.82659	0.871497	0.128503	3.887878
42744	-1846.554	-2125.264	278.7102	1.1545	2.085505	0.979756	0.0202436	4.777985
42750	-1837.473	-2115.861	278.3882	1.152371	3.56354	0.897648	0.102352	4.584323
42756	-1837.374	-2117.918	280.5444	1.046208	2.300651	0.976121	0.0238792	3.732883
42762	-1826.213	-2106.664	280.4503	1.318695	4.006346	0.88252	0.11748	3.214615
42768	-1812.079	-2092.403	280.3247	1.245984	4.006346	0.897917	0.102083	3.331683
42774	-1820.064	-2100.905	280.8404	1.302116	3.297616	0.810733	0.189267	3.145789
42780	-1822.309	-2102.485	280.1761	1.302116	3.275908	0.871144	0.128856	3.541457
42786	-1813.493	-2093.982	280.4892	1.128036	2.022005	0.893394	0.106606	3.806285
42792	-1812.264	-2090.777	278.513	0.9990432	3.414378	0.882861	0.117139	4.631818
42798	-1803.853	-2083.078	279.2259	1.161548	2.705304	0.960483	0.0395173	4.306407
42804	-1804.072	-2083.287	279.2146	1.172877	2.705304	0.797563	0.202437	4.306407
42810	-1804.371	-2085.212	280.8408	1.429194	2.730519	0.878572	0.121428	3.212859
42816	-1812.888	-2093.946	281.0578	1.333769	2.526521	0.880711	0.119289	3.197929
42822	-1824.616	-2103.796	279.1801	1.214631	2.273864	0.934826	0.0651737	4.422674
42828	-1814.836	-2096.086	281.2506	1.161599	2.560949	0.895289	0.104711	3.175835
42834	-1821.661	-2102.989	281.3284	1.336804	2.849316	0.928798	0.0712022	2.944968
42840	-1820.087	-2101.64	281.5533	1.391215	2.892728	0.905931	0.0940691	2.764062
42846	-1827.592	-2109.11	281.517	1.460822	4.612714	0.900306	0.0996941	2.359388
42852	-1821.508	-2104.531	283.0231	1.620575	2.101458	0.896206	0.103794	1.930967
42858	-1831.343	-2114.316	282.9726	1.744204	3.897417	0.89563	0.10437	1.310678
42864	-1825.49	-2108.951	283.4606	1.751532	2.660018	0.966269	0.0337315	1.309319
42870	-1827.004	-2109.23	282.2255	1.669467	2.824268	0.815083	0.184917	2.186864
42876	-1825.791	-2106.816	281.0249	1.302395	2.706367	0.860726	0.139274	3.185499
42882	-1828.867	-2110.322	281.455	1.455725	3.125547	0.923105	0.0768951	2.72438
42888	-1819.322	-2100.587	281.2644	1.302994	3.24665	0.893759	0.106241	2.90333
42894	-1820.485	-2101.556	281.0711	1.274967	3.932207	0.642932	0.357068	2.884443
42900	-1810.46	-2091.246	280.7866	1.435395	3.597054	0.920849	0.0791509	3.030475
42906	-1804.636	-2085.707	281.0704	1.402126	2.782758	0.944537	0.0554629	3.07835
42912	-1806.163	-2086.209	280.0461	1.187442	3.886758	0.949912	0.050088	3.552714
42918	-1810.331	-2090.582	280.2513	1.334675	3.046891	0.901	0.0990003	3.533058
42924	-1811.072	-2092.669	281.5965	1.362457	2.804239	0.801492	0.198508	2.779163
42930	-1820.381	-2101.839	281.4585	1.352413	3.808964	0.993908	0.00609211	2.626517
42936	-1821.241	-2103.263	282.0216	1.37729	2.444087	0.850399	0.149601	2.613822
42942	-1815.104	-2097.718	282.6136	1.562234	2.905892	0.845586	0.154414	1.978325
42948	-1822.731	-2104.765	282.0345	1.594318	2.842731	0.860979	0.139021	2.352295
42954	-1827.946	-2110.144	282.1987	1.522881	3.129733	0.856569	0.143431	2.214451
42960	-1833.955	-2115.305	281.3497	1.671583	3.834573	0.867665	0.132335	2.490189
42966	-1824.642	-2106.088	281.4463	1.449358	3.834573	0.888134	0.111866	2.568495
42972	-1829.46	-2109.582	280.1221	1.255562	2.369345	0.919025	0.0809747	3.83506
42978	-1841.813	-2123.518	281.7046	1.337639	3.055123	0.802219	0.197781	2.661578
42984	-1843.052	-2124.011	280.9593	1.156262	3.481953	0.855427	0.144573	3.119597
42990	-1838.265	-2120.183	281.9179	1.37338	2.657439	0.960919	0.0390806	2.616465
42996	-1828.162	-2108.69	280.5276	1.332997	3.743971	0.80625	0.19375	3.21409
43002	-1820.133	-2100.79	280.6568	1.432889	3.142523	0.952753	0.047247	3.21409
43008	-1815.03	-2095.612	280.5819	1.24309	2.491903	0.95524	0.0447604	3.5406
43014	-1825.765	-2105.904	280.139	1.222285	4.580175	0.476625	0.523375	3.347451
43020	-1800.279	-2080.114	279.8347	1.117451	2.331902	0.827754	0.172246	4.089579
43026	-1794.225	-2075.021	280.7956	1.349845	3.62185	0.943397	0.056603	3.070852
43032	-1809.96	-2091.776	281.8162	1.423312	2.54187	0.824898	0.175102	2.682356
43038	-1807.072	-2088.616	281.5441	1.471679	3.895603	0.84467	0.15533	2.480447
43044	-1810.636	-2092.439	281.803	1.411249	2.678894	0.812481	0.187519	2.657855
43050	-1806.808	-2087.2	280.3912	1.119461	2.678894	0.876131	0.123869	3.671145
43056	-1814.274	-2094.517	280.2436	1.328163	2.678894	0.896436	0.103564	3.635709
43062	-1825.76	-2105.629	279.8687	1.049941	3.74648	0.93217	0.0678303	3.763531
43068	-1810.846	-2089.972	279.1264	1.059029	2.423569	0.830874	0.169126	4.496996
43074	-1808.142	-2086.624	278.4815	0.9989837	2.661967	0.916672	0.0833279	4.827041
43080	-1821.235	-2100.899	279.6637	1.34027	2.661967	0.945149	0.0548507	3.967172
43086	-1824.211	-2104.247	280.0353	1.072245	2.303414	0.922272	0.077728	4.009424
43092	-1816.759	-2095.237	278.4775	1.146741	4.035328	0.919292	0.0807081	4.444089
43098	-1836.781	-2115.514	278.7325	1.146741	3.49362	0.892125	0.107875	4.408457
43104	-1817.836	-2098.971	281.1358	1.311549	2.951056	0.967586	0.0324139	3.049085
43110	-1824.289	-2102.609	278.3204	1.134278	2.576676	0.929838	0.0701621	4.863956
43116	-1831.201	-2111.441	280.2403	1.134278	3.574642	0.975155	0.0248447	3.535345
43122	-1845.574	-2126.232	280.6584	1.156611	2.530762	0.797887	0.202113	3.535345
43128	-1841.794	-2121.294	279.4999	1.19999	4.199521	0.857342	0.142658	3.801126
43134	-1828.213	-2108.043	279.8306	1.256243	4.462162	0.794557	0.205443	3.529078
43140	-1825.977	-2107.081	281.1042	1.491538	3.893213	0.781975	0.218025	2.740764
43146	-1829.314	-2111.784	282.4694	1.498048	2.939672	0.863436	0.136564	2.106602
43152	-1836.283	-2116.012	279.7288	1.437107	3.267974	0.818118	0.181882	3.724351
43158	-1851.405	-2130.359	278.9545	1.178941	3.244736	0.899007	0.100993	4.319337
43164	-1854.554	-2134.487	279.9324	1.181703	2.998547	0.86101	0.13899	3.817986
43170	-1839.601	-2121.549	281.9475	1.38806	1.951578	0.895426	0.104574	2.817466
43176	-1821.625	-2102.748	281.1234	1.581886	2.632092	0.720041	0.279959	2.980603
43182	-1823.58	-2104.564	280.9842	1.424912	2.632092	0.900446	0.099554	3.157511
43188	-1825.705	-2105.936	280.2306	1.428941	4.002516	0.787397	0.212603	3.280083
43194	-1820.621	-2101.345	280.7242	1.457427	3.132846	0.884551	0.115449	3.161912
43200	-1801.487	-2082.177	280.69	1.259266	3.307107	0.843499	0.156501	3.258081
43206	-1815.434	-2096.311	280.8769	1.547399	3.344076	0.942668	0.0573319	2.966464
43212	-1815.625	-2096.426	280.8009	1.159176	1.925769	0.895762	0.104238	3.64123
43218	-1806.109	-2087.255	281.1459	1.230882	4.084288	0.897378	0.102622	2.83489
43224	-1809.759	-2091.441	281.682	1.202221	2.84938	0.840401	0.159599	2.812443
43230	-1828.621	-2110.881	282.2598	1.634432	3.661499	0.89276	0.10724	1.96634
43236	-1826.062	-2108.037	281.9749	1.422835	3.4969	0.827485	0.172515	2.329693
43242	-1826.848	-2108.191	281.3427	1.202215	2.89258	0.944235	0.0557646	3.005817
43248	-1820.594	-2101.761	281.1666	1.316697	2.181527	0.728283	0.271717	3.24907
43254	-1817.417	-2099.15	281.7336	1.670968	3.767605	0.820482	0.179518	2.262303
43260	-1826.598	-2108.144	281.5455	1.677077	3.767605	0.650404	0.349596	2.378301
43266	-1832.19	-2113.84	281.6496	1.573013	3.767605	0.885817	0.114183	2.378301
43272	-1828.446	-2110.787	282.3407	1.765486	3.775947	0.889889	0.110111	1.794085
43278	-1827.844	-2108.544	280.6997	1.365248	5.243103	0.850762	0.149238	2.814495
43284	-1835.546	-2116.745	281.1989	1.435395	3.4417	0.740094	0.259906	2.81676
43290	-1839.166	-2119.791	280.6258	1.390873	3.422858	0.750616	0.249384	3.191657
43296	-1834.743	-2115.756	281.0125	1.238496	3.191179	0.820262	0.179738	3.106506
43302	-1819.238	-2099.532	280.294	1.028074	2.586014	0.896593	0.103407	3.805276
43308	-1814.096	-2093.626	279.5298	1.197295	3.103886	0.848994	0.151006	4.01448
43314	-1808.188	-2087.633	279.4452	1.282283	2.666467	0.928328	0.0716724	4.123725
43320	-1823.461	-2104.253	280.7925	1.55557	4.038138	0.71888	0.28112	2.861621
43326	-1820.348	-2100.865	280.517	1.439999	3.111427	0.929057	0.0709433	3.30001
43332	-1820.983	-2100.452	279.4693	1.26279	3.251426	0.952507	0.0474929	3.977437
43338	-1824.024	-2103.29	279.2668	1.028609	3.609925	0.926054	0.073946	4.148449
43344	-1817.87	-2095.997	278.1272	1.028609	2.385351	0.90739	0.0926097	5.082689
43350	-1817.084	-2095.967	278.8825	1.070601	2.388526	0.878191	0.121809	4.637426
43356	-1826.79	-2105.506	278.716	0.995849	3.383885	0.891554	0.108446	4.526252
43362	-1835.997	-2115.114	279.117	1.030754	3.295445	0.901303	0.098697	4.299832
43368	-1829.431	-2108.532	279.1017	1.040763	3.159936	0.879154	0.120846	4.333571
43374	-1813.92	-2094.616	280.6963	1.316102	1.887069	0.949882	0.0501178	3.624549
43380	-1809.786	-2090.498	280.7119	1.262935	3.270486	0.833266	0.166734	3.251525
43386	-1816.429	-2098.546	282.1176	1.444793	3.270486	0.771256	0.228744	2.280314
